part_id,part_category,material,mass_kg,tolerance_class,revision_count,num_features,designer_team,created_date,last_modified_date
P-2982,housing,steel_304,1.494,standard,1,25,mech_b,2023-09-28,2024-08-20
P-0033,housing,aluminum_6061,0.851,loose,1,30,mech_a,2024-08-16,2025-07-02
P-0007,pcb_mount,abs_plastic,0.225,standard,1,19,mech_b,2024-08-09,2025-09-12
P-0004,connector,nylon_66,0.078,loose,1,26,mech_a,2022-02-06,2022-06-16
P-2862,shaft,aluminum_6061,1.334,standard,1,38,mech_a,2024-12-12,2025-08-22
P-2867,gear,nylon_66,0.701,unknown,1,34,mech_a,2024-10-31,2025-05-10
P-0082,gear,aluminum_6061,0.943,unknown,1,28,mech_a,2023-10-09,2024-06-07
P-0087,pcb_mount,aluminum_6061,0.172,standard,1,33,elec_a,2024-01-18,2024-03-09
P-0089,bracket,unknown,0.648,standard,1,32,mech_a,2022-01-25,2022-09-01
P-2821,housing,abs_plastic,2.946,standard,1,31,hw_integration,2024-07-22,2024-12-14
P-2833,shaft,steel_304,4.557,loose,1,28,hw_integration,2022-10-11,2023-09-21
P-2841,pcb_mount,steel_304,0.6,loose,1,27,hw_integration,2022-05-20,2022-08-23
P-2842,gear,steel_304,1.807,loose,1,31,mech_a,2024-08-09,2025-04-19
P-2792,bracket,abs_plastic,0.785,tight,1,26,mech_b,2022-08-17,2023-08-27
P-2797,connector,steel_304,0.143,standard,1,29,elec_a,2022-10-05,2023-03-22
P-1022,pcb_mount,aluminum_6061,0.248,tight,1,40,elec_a,2023-09-28,2024-06-29
P-0789,pcb_mount,steel_304,0.742,standard,1,22,mech_a,2025-03-19,2025-08-08
P-0797,bracket,abs_plastic,0.54,standard,1,25,mech_a,2024-09-19,2025-07-29
P-0800,pcb_mount,aluminum_6061,0.178,loose,1,25,elec_a,2022-01-18,2022-12-30
P-0978,gear,aluminum_6061,1.598,loose,1,23,hw_integration,2024-01-13,2024-02-16
P-0982,pcb_mount,steel_304,0.333,unknown,1,11,mech_b,2022-12-03,2023-11-08
P-0951,shaft,steel_304,1.66,standard,1,26,mech_b,2022-01-01,2022-12-03
P-0957,pcb_mount,titanium_6al4v,0.641,loose,1,23,elec_a,2024-11-13,2025-10-31
P-0915,seal,steel_304,0.138,standard,1,27,mech_a,2023-07-01,2023-10-19
P-0740,gear,steel_304,0.833,standard,1,31,hw_integration,2023-07-30,2023-09-06
P-0745,shaft,aluminum_6061,1.535,loose,1,25,mech_a,2023-03-12,2024-04-13
P-0754,shaft,nylon_66,1.66,tight,1,27,hw_integration,2023-12-06,2024-07-09
P-0758,seal,aluminum_6061,0.154,tight,1,29,mech_b,2022-11-27,2023-10-09
P-0759,bracket,copper_c110,0.228,standard,1,35,mech_a,2024-12-11,2025-08-04
P-0769,bracket,abs_plastic,1.536,tight,1,31,mech_a,2025-04-10,2025-05-17
P-1062,connector,abs_plastic,0.137,loose,1,27,elec_a,2025-02-23,2025-11-25
P-1063,housing,aluminum_6061,2.829,loose,1,27,mech_a,2024-01-01,2024-04-18
P-1088,pcb_mount,abs_plastic,0.292,loose,1,30,elec_a,2023-06-29,2023-10-05
P-1089,shaft,aluminum_6061,1.127,loose,1,28,mech_a,2024-02-19,2024-04-11
P-1003,bracket,copper_c110,0.939,standard,1,27,elec_a,2022-09-24,2022-10-12
P-1013,shaft,copper_c110,1.981,loose,1,28,mech_b,2023-07-28,2024-07-12
P-0098,bracket,unknown,1.436,standard,1,30,hw_integration,2022-02-22,2022-12-20
P-2775,pcb_mount,aluminum_6061,0.122,standard,1,32,hw_integration,2022-11-20,2023-03-20
P-2733,shaft,abs_plastic,1.851,unknown,1,24,hw_integration,2024-12-26,2025-12-06
P-2734,housing,copper_c110,7.711,standard,1,27,hw_integration,2022-03-07,2023-03-20
P-2736,shaft,titanium_6al4v,2.416,loose,1,25,mech_b,2023-05-19,2023-07-20
P-2750,bracket,titanium_6al4v,0.221,standard,1,20,elec_a,2025-06-16,2025-11-25
P-2695,fastener,nylon_66,0.049,standard,1,26,mech_a,2024-03-04,2025-04-03
P-2698,bracket,copper_c110,0.408,standard,1,29,mech_b,2023-06-27,2023-10-18
P-2710,connector,abs_plastic,0.269,standard,1,26,mech_b,2023-11-06,2024-02-01
P-2711,seal,nylon_66,0.11,standard,1,24,elec_a,2024-10-24,2025-09-07
P-2713,housing,titanium_6al4v,1.275,standard,1,35,hw_integration,2024-02-29,2025-02-03
P-0728,bracket,aluminum_6061,1.494,loose,1,24,elec_a,2025-05-20,2026-01-06
P-1212,fastener,steel_304,0.077,standard,1,28,hw_integration,2023-10-14,2023-12-04
P-1166,fastener,aluminum_6061,0.026,standard,1,36,mech_a,2025-04-22,2026-02-12
P-1103,pcb_mount,abs_plastic,0.293,standard,1,28,mech_a,2022-09-15,2023-05-12
P-1105,bracket,copper_c110,0.937,loose,1,28,mech_a,2024-11-28,2025-08-31
P-0690,shaft,steel_304,2.767,standard,1,34,elec_a,2023-11-16,2024-05-18
P-0691,housing,aluminum_6061,2.05,standard,1,29,mech_a,2023-10-12,2024-10-06
P-0704,fastener,abs_plastic,0.039,loose,1,29,elec_a,2025-06-20,2026-03-18
P-1259,shaft,titanium_6al4v,2.364,standard,1,25,mech_b,2023-04-06,2023-08-29
P-1264,seal,nylon_66,0.249,loose,1,25,hw_integration,2022-09-14,2023-05-03
P-1276,housing,aluminum_6061,4.908,standard,1,22,hw_integration,2023-09-06,2024-09-30
P-1224,connector,aluminum_6061,0.118,loose,1,23,elec_a,2023-12-25,2024-02-27
P-1237,housing,steel_304,1.829,standard,1,24,mech_a,2024-01-10,2024-11-06
P-0652,fastener,aluminum_6061,0.055,tight,1,23,elec_a,2024-09-09,2025-02-14
P-0660,gear,aluminum_6061,2.496,standard,1,35,elec_a,2023-02-01,2023-04-19
P-0671,bracket,steel_304,0.309,standard,1,26,mech_a,2025-03-13,2025-09-02
P-1355,fastener,copper_c110,0.023,standard,1,30,mech_a,2022-05-24,2023-06-10
P-1376,bracket,aluminum_6061,0.465,loose,1,23,hw_integration,2022-10-10,2022-11-05
P-1322,shaft,abs_plastic,2.767,loose,1,20,mech_b,2024-04-27,2025-01-26
P-1334,seal,steel_304,0.142,standard,1,23,hw_integration,2022-06-14,2023-06-07
P-1343,shaft,abs_plastic,0.862,tight,1,38,mech_a,2023-07-25,2023-09-16
P-1345,seal,nylon_66,0.103,standard,1,25,elec_a,2024-01-29,2024-12-13
P-2717,shaft,nylon_66,1.153,loose,1,22,mech_a,2022-06-22,2023-06-20
P-2662,gear,aluminum_6061,1.301,loose,1,28,mech_b,2023-03-24,2023-04-21
P-2666,pcb_mount,abs_plastic,0.173,standard,1,17,elec_a,2024-01-06,2024-07-31
P-2644,fastener,steel_304,0.051,standard,1,30,elec_a,2024-08-27,2025-07-10
P-2657,gear,copper_c110,1.451,loose,1,24,mech_b,2024-09-07,2025-05-28
P-2598,gear,steel_304,0.508,standard,1,22,elec_a,2024-11-15,2025-02-22
P-2607,connector,aluminum_6061,0.212,loose,1,23,hw_integration,2023-09-13,2024-01-26
P-0621,pcb_mount,abs_plastic,0.245,tight,1,23,hw_integration,2024-10-09,2025-10-15
P-1430,gear,aluminum_6061,1.393,tight,1,28,mech_a,2022-01-28,2022-06-22
P-1433,bracket,nylon_66,2.227,standard,1,26,mech_a,2022-10-20,2023-04-27
P-1392,fastener,nylon_66,0.021,loose,1,24,mech_b,2024-12-04,2026-01-05
P-1540,gear,steel_304,2.134,loose,1,23,mech_a,2022-01-15,2022-08-06
P-1516,housing,steel_304,3.722,standard,1,31,elec_a,2024-08-24,2025-05-05
P-1535,bracket,steel_304,1.21,standard,1,22,hw_integration,2023-07-11,2024-08-13
P-1481,gear,steel_304,2.046,standard,1,33,mech_b,2023-12-13,2024-08-16
P-1500,connector,nylon_66,0.18,loose,1,23,mech_a,2022-10-09,2022-10-20
P-1501,connector,aluminum_6061,0.158,standard,1,34,mech_a,2022-09-10,2023-03-15
P-1442,bracket,steel_304,1.188,unknown,1,24,elec_a,2022-01-05,2022-11-01
P-1658,fastener,aluminum_6061,0.067,standard,1,25,mech_b,2022-09-30,2023-09-05
P-1662,connector,copper_c110,0.226,tight,1,25,hw_integration,2024-05-07,2024-09-07
P-0552,bracket,abs_plastic,1.813,loose,1,29,mech_a,2022-06-29,2022-07-24
P-0559,connector,abs_plastic,0.254,tight,1,29,hw_integration,2022-01-05,2023-02-03
P-0563,fastener,copper_c110,0.044,loose,1,27,mech_a,2024-02-26,2024-11-29
P-1607,seal,copper_c110,0.191,standard,1,25,mech_a,2024-02-23,2024-04-06
P-1610,gear,titanium_6al4v,1.084,tight,1,24,mech_a,2023-10-12,2024-05-18
P-1617,bracket,aluminum_6061,0.794,loose,1,24,mech_a,2022-06-16,2022-10-10
P-1626,pcb_mount,abs_plastic,0.15,loose,1,24,elec_a,2022-04-06,2022-08-13
P-1572,shaft,copper_c110,2.268,tight,1,29,elec_a,2025-02-26,2025-07-06
P-1573,shaft,aluminum_6061,2.237,loose,1,21,mech_b,2024-08-18,2025-05-02
P-1577,pcb_mount,nylon_66,0.189,tight,1,21,mech_b,2024-10-19,2024-10-26
P-1591,housing,aluminum_6061,4.421,standard,1,19,mech_a,2025-01-12,2026-01-04
P-0578,connector,aluminum_6061,0.116,standard,1,23,mech_b,2022-06-23,2023-03-19
P-0584,gear,abs_plastic,0.896,loose,1,27,hw_integration,2023-10-08,2024-05-19
P-2609,connector,steel_304,0.26,loose,1,25,mech_b,2023-04-22,2024-01-20
P-2616,shaft,aluminum_6061,1.071,standard,1,28,mech_a,2023-06-07,2024-06-09
P-0170,seal,abs_plastic,0.055,standard,1,20,mech_a,2024-05-20,2024-09-15
P-0174,seal,titanium_6al4v,0.036,standard,1,29,mech_b,2025-06-26,2026-01-21
P-2564,shaft,aluminum_6061,2.261,loose,1,26,hw_integration,2022-09-11,2022-10-14
P-2584,housing,abs_plastic,1.496,loose,1,24,hw_integration,2025-05-09,2026-04-12
P-2585,bracket,abs_plastic,0.556,tight,1,23,elec_a,2022-03-03,2022-12-30
P-2590,gear,abs_plastic,1.237,standard,1,29,mech_a,2025-03-03,2025-06-21
P-2592,fastener,nylon_66,0.06,loose,1,32,elec_a,2022-08-16,2022-12-07
P-0533,gear,steel_304,0.855,standard,1,16,mech_a,2024-10-23,2025-03-09
P-0535,bracket,abs_plastic,0.642,standard,1,26,elec_a,2022-08-09,2023-01-17
P-0540,fastener,steel_304,0.085,standard,1,20,hw_integration,2024-03-29,2024-08-09
P-1733,pcb_mount,steel_304,0.297,standard,1,25,elec_a,2025-03-14,2025-04-05
P-1734,housing,aluminum_6061,2.04,loose,1,25,mech_a,2025-01-10,2025-12-17
P-1754,pcb_mount,steel_304,0.18,tight,1,24,hw_integration,2022-06-29,2022-07-27
P-1703,gear,steel_304,0.464,standard,1,36,mech_b,2023-10-08,2024-10-17
P-1712,gear,aluminum_6061,2.143,standard,1,27,mech_a,2024-10-12,2024-11-26
P-1719,connector,steel_304,0.248,standard,1,22,mech_a,2023-11-13,2024-07-31
P-0493,connector,copper_c110,0.133,tight,1,21,mech_b,2024-04-26,2024-07-20
P-0499,gear,steel_304,1.368,standard,1,23,mech_a,2022-04-08,2022-05-26
P-0508,fastener,unknown,0.027,loose,1,25,hw_integration,2022-12-08,2023-11-19
P-1803,bracket,aluminum_6061,1.208,unknown,1,30,mech_b,2022-02-21,2022-06-25
P-1808,gear,abs_plastic,2.418,standard,1,21,elec_a,2023-04-11,2024-01-03
P-1810,bracket,abs_plastic,0.628,loose,1,32,elec_a,2024-02-27,2024-04-06
P-1815,fastener,steel_304,0.077,standard,1,30,hw_integration,2023-06-09,2023-09-07
P-1783,housing,copper_c110,2.437,standard,1,23,hw_integration,2022-01-17,2022-12-22
P-0450,connector,nylon_66,0.111,standard,1,29,mech_a,2024-02-18,2024-07-17
P-0473,bracket,abs_plastic,0.482,tight,1,24,mech_b,2023-07-29,2024-01-16
P-0474,bracket,steel_304,0.749,standard,1,23,mech_b,2023-09-10,2024-04-17
P-1895,housing,abs_plastic,1.818,standard,1,26,elec_a,2024-10-11,2025-03-14
P-1916,housing,nylon_66,2.098,tight,1,35,mech_a,2022-04-29,2022-07-06
P-1917,connector,nylon_66,0.211,tight,1,20,mech_a,2022-05-10,2022-08-05
P-1860,housing,aluminum_6061,1.282,standard,1,20,elec_a,2022-07-26,2022-08-22
P-1862,seal,copper_c110,0.197,loose,1,24,mech_a,2022-09-23,2023-02-22
P-1872,gear,aluminum_6061,0.68,loose,1,28,mech_b,2023-06-05,2024-03-21
P-1828,shaft,steel_304,2.726,loose,1,24,mech_b,2022-07-19,2023-03-26
P-1832,seal,aluminum_6061,0.036,standard,1,32,mech_b,2023-05-10,2023-12-07
P-1836,bracket,nylon_66,2.338,standard,1,24,mech_b,2025-01-24,2025-06-03
P-1841,bracket,copper_c110,0.597,tight,1,25,mech_b,2023-05-31,2024-01-22
P-1844,seal,steel_304,0.107,standard,1,30,elec_a,2022-07-17,2022-12-06
P-1845,bracket,steel_304,0.673,loose,1,31,elec_a,2025-06-20,2025-09-10
P-1851,housing,aluminum_6061,1.576,standard,1,24,mech_a,2022-08-23,2022-10-15
P-0212,connector,abs_plastic,0.318,standard,1,28,elec_a,2024-05-30,2025-05-05
P-0225,housing,aluminum_6061,1.831,standard,1,25,elec_a,2024-10-15,2025-05-12
P-2550,housing,steel_304,5.438,standard,1,21,mech_a,2022-10-27,2023-01-17
P-2556,connector,copper_c110,0.158,loose,1,24,mech_b,2023-01-08,2023-05-13
P-2000,shaft,abs_plastic,1.32,tight,1,33,mech_b,2023-03-23,2024-03-22
P-0425,connector,aluminum_6061,0.621,loose,1,34,elec_a,2022-11-14,2023-06-01
P-1960,connector,abs_plastic,0.223,tight,1,27,mech_a,2022-01-07,2022-08-04
P-1978,seal,aluminum_6061,0.093,tight,1,22,mech_b,2022-07-06,2023-03-05
P-1923,shaft,aluminum_6061,3.837,tight,1,29,hw_integration,2023-11-13,2024-02-07
P-1931,connector,nylon_66,0.164,loose,1,20,elec_a,2022-07-01,2023-05-21
P-1939,housing,abs_plastic,0.538,loose,1,24,mech_a,2023-08-13,2024-06-22
P-0417,bracket,abs_plastic,0.729,standard,1,27,mech_b,2023-01-31,2023-02-09
P-2091,gear,steel_304,1.265,standard,1,26,elec_a,2024-01-03,2023-12-04
P-2106,pcb_mount,steel_304,0.462,loose,1,20,elec_a,2023-05-19,2023-11-27
P-2112,shaft,abs_plastic,1.206,loose,1,28,mech_a,2022-07-03,2022-11-11
P-2056,shaft,aluminum_6061,2.023,standard,1,24,mech_a,2022-11-02,2023-11-30
P-2077,seal,steel_304,0.039,loose,1,19,elec_a,2023-07-29,2024-01-22
P-2039,connector,copper_c110,0.102,loose,1,31,elec_a,2024-05-16,2024-10-17
P-2042,pcb_mount,unknown,0.153,standard,1,32,mech_a,2023-01-26,2023-08-06
P-2209,bracket,aluminum_6061,1.684,standard,1,31,hw_integration,2024-08-21,2025-01-18
P-0363,bracket,abs_plastic,0.443,standard,1,29,elec_a,2022-08-03,2022-11-27
P-0364,bracket,abs_plastic,0.783,loose,1,25,mech_a,2023-02-02,2024-02-17
P-0382,seal,copper_c110,0.156,tight,1,21,mech_b,2022-08-01,2022-11-08
P-2163,gear,aluminum_6061,2.46,loose,1,30,hw_integration,2023-02-21,2023-06-10
P-2165,fastener,abs_plastic,0.058,standard,1,31,elec_a,2022-10-31,2023-08-05
P-2166,housing,nylon_66,1.939,standard,1,25,mech_a,2023-03-31,2023-07-17
P-2172,housing,abs_plastic,2.483,standard,1,23,hw_integration,2022-04-15,2023-04-22
P-2175,gear,aluminum_6061,2.119,loose,1,25,hw_integration,2022-10-26,2023-03-09
P-2177,gear,aluminum_6061,0.964,standard,1,34,elec_a,2022-07-09,2022-09-22
P-2123,housing,steel_304,2.761,standard,1,31,mech_a,2022-10-25,2023-05-19
P-2135,shaft,copper_c110,1.075,loose,1,25,mech_b,2022-05-04,2022-11-02
P-0391,connector,aluminum_6061,0.073,loose,1,22,mech_a,2023-12-25,2024-11-03
P-0244,shaft,aluminum_6061,3.96,standard,1,31,hw_integration,2022-09-21,2023-03-27
P-2474,shaft,aluminum_6061,0.65,loose,1,26,hw_integration,2025-03-19,2025-03-25
P-2478,housing,steel_304,4.914,standard,1,25,mech_b,2025-01-01,2025-08-20
P-2483,bracket,steel_304,0.398,tight,1,26,mech_b,2025-01-02,2025-05-01
P-2484,housing,steel_304,5.676,standard,1,28,mech_a,2022-10-23,2023-08-11
P-2486,gear,copper_c110,1.479,tight,1,27,mech_a,2023-03-25,2023-04-06
P-2487,pcb_mount,copper_c110,0.5,tight,1,22,hw_integration,2024-02-22,2024-12-21
P-2441,seal,aluminum_6061,0.073,standard,1,21,mech_b,2024-03-06,2024-09-18
P-0263,housing,aluminum_6061,3.562,loose,1,31,mech_a,2022-10-01,2022-11-30
P-0349,connector,nylon_66,0.164,standard,1,27,mech_b,2023-11-26,2024-04-02
P-2222,gear,abs_plastic,1.165,unknown,1,32,mech_b,2024-08-30,2025-06-05
P-2231,housing,nylon_66,2.472,loose,1,21,mech_a,2022-12-13,2023-03-11
P-2237,bracket,aluminum_6061,1.318,tight,1,29,mech_b,2023-10-03,2024-05-12
P-2241,housing,aluminum_6061,1.539,loose,1,31,mech_a,2022-12-31,2023-09-26
P-2350,bracket,aluminum_6061,0.696,loose,1,27,mech_a,2023-02-08,2023-12-22
P-0291,fastener,steel_304,0.028,standard,1,30,hw_integration,2022-12-29,2023-07-09
P-0295,fastener,steel_304,0.124,loose,1,23,mech_b,2022-01-28,2022-08-09
P-0318,connector,aluminum_6061,0.188,standard,1,29,mech_a,2024-11-26,2025-04-05
P-0319,housing,aluminum_6061,1.793,standard,1,29,mech_a,2023-10-03,2024-03-22
P-2330,shaft,unknown,1.819,standard,1,26,mech_a,2022-11-10,2023-04-26
P-2280,connector,nylon_66,0.068,standard,1,26,mech_a,2024-09-13,2025-09-22
P-2287,fastener,nylon_66,0.148,standard,1,25,hw_integration,2023-09-20,2024-04-24
P-2291,seal,steel_304,0.103,standard,1,13,mech_a,2023-06-12,2024-03-12
P-2304,shaft,steel_304,1.055,standard,1,27,hw_integration,2025-03-11,2025-04-19
P-0273,bracket,abs_plastic,1.797,standard,1,32,mech_a,2022-12-28,2023-02-22
P-0274,connector,abs_plastic,0.078,loose,1,21,mech_b,2023-04-26,2024-01-28
P-0275,connector,abs_plastic,0.15,loose,1,28,hw_integration,2024-03-04,2025-02-28
P-0280,fastener,aluminum_6061,0.026,loose,1,31,mech_a,2024-06-14,2025-03-16
P-0281,bracket,abs_plastic,1.526,standard,1,31,elec_a,2022-07-13,2022-10-07
P-0283,housing,aluminum_6061,2.678,standard,1,22,mech_a,2024-07-02,2025-04-26
P-2403,pcb_mount,steel_304,0.499,standard,1,30,hw_integration,2024-07-29,2025-07-17
P-2408,housing,aluminum_6061,2.119,standard,1,24,mech_b,2022-01-29,2022-12-18
P-2410,seal,nylon_66,0.447,unknown,1,33,elec_a,2025-03-09,2025-06-11
P-2423,pcb_mount,nylon_66,0.234,standard,1,19,mech_b,2024-07-24,2025-01-09
P-2428,connector,nylon_66,0.155,loose,1,30,elec_a,2023-06-16,2024-03-24
P-2370,shaft,steel_304,2.499,loose,1,31,mech_a,2024-07-18,2024-09-07
P-2373,housing,aluminum_6061,8.618,loose,1,23,elec_a,2023-01-14,2023-02-27
P-2381,fastener,aluminum_6061,0.078,standard,1,32,mech_a,2023-06-27,2023-10-29
P-2344,housing,abs_plastic,4.369,standard,1,25,mech_b,2024-05-01,2025-03-24
P-0056,pcb_mount,steel_304,0.209,loose,1,27,hw_integration,2022-05-31,2022-07-28
P-0061,connector,abs_plastic,0.122,standard,1,25,mech_b,2022-11-03,2023-10-12
P-2952,pcb_mount,steel_304,0.204,standard,1,25,mech_a,2023-02-15,2023-12-02
P-2958,bracket,aluminum_6061,1.295,standard,1,31,mech_a,2024-12-27,2025-11-25
P-2926,connector,aluminum_6061,0.15,standard,1,30,mech_a,2024-03-25,2024-09-16
P-2930,connector,aluminum_6061,0.186,standard,1,31,mech_b,2024-07-04,2024-07-06
P-2937,housing,aluminum_6061,1.012,loose,1,33,mech_b,2023-02-13,2023-04-23
P-2891,bracket,titanium_6al4v,1.72,standard,1,24,elec_a,2024-04-02,2024-08-18
P-2904,seal,nylon_66,0.077,standard,1,21,hw_integration,2022-02-04,2022-07-01
P-2857,connector,unknown,0.128,tight,1,20,mech_b,2023-03-27,2023-09-04
P-0807,connector,unknown,0.091,standard,1,32,elec_a,2023-05-26,2024-06-01
P-0810,seal,nylon_66,0.058,standard,1,21,elec_a,2023-06-21,2024-04-23
P-0816,fastener,steel_304,0.058,loose,1,39,mech_a,2024-05-25,2025-03-04
P-0817,fastener,steel_304,0.033,unknown,1,20,mech_b,2023-03-22,2024-03-31
P-0822,connector,abs_plastic,0.097,tight,1,27,mech_b,2022-02-12,2023-01-01
P-0829,fastener,titanium_6al4v,0.057,standard,1,29,mech_b,2024-12-13,2024-12-29
P-0832,shaft,abs_plastic,2.081,standard,1,24,elec_a,2023-07-12,2024-06-24
P-0882,connector,copper_c110,0.089,standard,1,29,elec_a,2022-11-03,2023-09-10
P-0897,housing,steel_304,2.541,tight,1,21,mech_b,2023-04-10,2023-07-25
P-0839,gear,nylon_66,0.378,tight,2,29,mech_b,2022-04-03,2022-08-19
P-0845,bracket,titanium_6al4v,0.965,standard,2,24,mech_b,2023-03-14,2023-09-15
P-0846,fastener,steel_304,0.094,loose,2,24,elec_a,2022-02-13,2022-07-31
P-0853,fastener,steel_304,0.037,standard,2,27,elec_a,2024-03-09,2025-04-03
P-0856,shaft,aluminum_6061,2.288,standard,2,21,mech_b,2022-07-07,2023-01-08
P-0858,fastener,steel_304,0.021,standard,2,15,elec_a,2025-03-17,2025-05-10
P-0859,gear,abs_plastic,0.76,loose,2,23,mech_b,2024-10-28,2025-10-16
P-0863,pcb_mount,abs_plastic,0.097,loose,2,31,elec_a,2024-11-27,2025-04-22
P-0872,bracket,aluminum_6061,1.514,standard,2,33,elec_a,2025-04-05,2025-04-21
P-0877,gear,aluminum_6061,0.465,loose,2,26,mech_b,2024-07-04,2024-12-08
P-0884,shaft,steel_304,1.647,tight,2,16,hw_integration,2022-12-16,2023-12-10
P-0889,bracket,copper_c110,0.742,standard,2,25,mech_b,2022-11-04,2023-03-17
P-0894,bracket,steel_304,0.748,loose,2,22,elec_a,2022-06-20,2023-06-30
P-0837,pcb_mount,abs_plastic,0.222,loose,2,31,elec_a,2022-08-02,2023-07-12
P-0821,bracket,nylon_66,0.607,standard,2,30,elec_a,2025-05-21,2026-06-01
P-0825,fastener,abs_plastic,0.025,standard,2,30,mech_a,2025-04-25,2026-04-07
P-0826,bracket,steel_304,0.78,standard,2,26,mech_a,2024-03-11,2024-03-19
P-0870,housing,steel_304,2.149,standard,2,20,hw_integration,2022-06-14,2022-12-25
P-0871,pcb_mount,steel_304,0.375,unknown,2,25,mech_a,2023-03-06,2023-08-07
P-0808,bracket,abs_plastic,1.246,tight,2,29,mech_b,2023-09-29,2024-03-27
P-0813,seal,abs_plastic,0.076,standard,2,30,hw_integration,2023-01-19,2023-04-03
P-0815,bracket,steel_304,0.693,standard,2,25,elec_a,2024-05-05,2025-03-31
P-0820,housing,nylon_66,2.322,unknown,2,24,elec_a,2023-07-31,2024-06-30
P-2852,gear,copper_c110,1.117,loose,2,29,mech_b,2024-04-23,2024-08-14
P-2853,pcb_mount,aluminum_6061,0.216,loose,2,34,mech_b,2022-06-28,2023-03-01
P-2854,housing,aluminum_6061,3.418,standard,2,25,mech_a,2022-06-30,2023-07-01
P-2855,pcb_mount,aluminum_6061,0.434,standard,2,28,elec_a,2023-06-30,2024-02-01
P-2856,seal,nylon_66,0.086,loose,2,29,hw_integration,2024-11-28,2025-03-20
P-2860,gear,aluminum_6061,2.39,loose,2,24,elec_a,2022-12-07,2023-04-13
P-2939,housing,abs_plastic,2.404,standard,2,26,elec_a,2022-03-04,2023-03-04
P-2944,bracket,nylon_66,1.722,standard,2,22,elec_a,2025-06-29,2026-06-03
P-2945,housing,aluminum_6061,5.308,standard,2,28,mech_a,2022-12-17,2023-09-09
P-2888,seal,aluminum_6061,0.117,standard,2,25,elec_a,2024-06-18,2024-08-05
P-2896,bracket,nylon_66,1.159,loose,2,29,mech_a,2022-09-02,2022-11-04
P-2900,gear,aluminum_6061,1.122,unknown,2,25,mech_b,2022-07-27,2022-09-20
P-2903,bracket,aluminum_6061,0.424,standard,2,20,elec_a,2025-02-19,2025-08-30
P-2918,fastener,nylon_66,0.04,loose,2,24,mech_b,2023-07-15,2023-09-23
P-2919,bracket,copper_c110,0.798,tight,2,29,hw_integration,2024-06-26,2025-03-18
P-2925,bracket,abs_plastic,1.221,standard,2,29,mech_a,2022-02-26,2022-06-05
P-2928,connector,nylon_66,0.143,tight,2,29,elec_a,2022-07-05,2022-10-31
P-2929,gear,copper_c110,2.056,standard,2,29,elec_a,2022-10-31,2023-10-26
P-0063,shaft,aluminum_6061,1.331,loose,2,27,elec_a,2022-03-13,2022-08-25
P-2946,gear,aluminum_6061,1.369,standard,2,25,hw_integration,2023-03-04,2023-12-14
P-2963,bracket,steel_304,0.428,standard,2,29,mech_b,2024-07-06,2025-05-18
P-2915,gear,aluminum_6061,0.871,standard,2,26,mech_b,2022-06-01,2023-02-27
P-2382,housing,abs_plastic,2.264,standard,2,31,hw_integration,2025-01-15,2025-09-17
P-2383,bracket,nylon_66,3.789,loose,2,25,elec_a,2024-07-21,2024-12-24
P-2398,housing,steel_304,2.151,standard,2,21,elec_a,2022-05-18,2022-11-18
P-2399,bracket,abs_plastic,1.169,tight,2,23,mech_a,2022-12-17,2023-10-15
P-2342,bracket,aluminum_6061,0.829,standard,2,31,elec_a,2024-08-03,2025-07-14
P-2345,pcb_mount,aluminum_6061,0.561,tight,2,29,hw_integration,2025-06-20,2026-05-10
P-2346,bracket,aluminum_6061,0.843,standard,2,25,hw_integration,2024-05-18,2024-08-13
P-2416,bracket,steel_304,1.266,tight,2,31,mech_a,2024-05-09,2025-04-04
P-2418,shaft,titanium_6al4v,1.694,tight,2,25,mech_b,2022-12-14,2023-08-22
P-2372,housing,titanium_6al4v,2.165,standard,2,30,mech_a,2024-07-09,2024-10-17
P-0286,gear,abs_plastic,0.882,standard,2,30,mech_a,2022-08-03,2022-11-04
P-2411,connector,aluminum_6061,0.106,standard,2,32,mech_a,2024-06-13,2024-07-06
P-0267,housing,aluminum_6061,1.471,loose,2,31,mech_a,2025-03-19,2026-04-01
P-0268,bracket,nylon_66,0.759,tight,2,27,elec_a,2023-12-22,2024-08-21
P-0269,bracket,titanium_6al4v,0.671,loose,2,27,mech_a,2024-10-03,2025-10-13
P-0277,housing,unknown,3.502,loose,2,23,hw_integration,2023-03-12,2023-06-22
P-0279,fastener,steel_304,0.051,standard,2,28,hw_integration,2023-03-27,2023-11-22
P-2288,pcb_mount,abs_plastic,1.109,tight,2,28,mech_a,2024-06-09,2024-07-10
P-2290,housing,abs_plastic,1.986,loose,2,29,elec_a,2023-10-12,2023-10-13
P-2292,pcb_mount,steel_304,0.659,tight,2,24,hw_integration,2024-10-05,2024-11-15
P-2293,connector,copper_c110,0.096,standard,2,25,hw_integration,2023-05-03,2023-08-19
P-2299,bracket,aluminum_6061,0.696,loose,2,26,elec_a,2025-02-21,2026-03-02
P-0321,fastener,aluminum_6061,0.05,loose,2,21,mech_a,2024-03-08,2024-04-27
P-2324,bracket,aluminum_6061,1.261,tight,2,38,elec_a,2023-01-21,2024-02-21
P-2331,connector,nylon_66,0.141,loose,2,33,hw_integration,2022-10-09,2022-10-17
P-2333,fastener,aluminum_6061,0.104,loose,2,28,hw_integration,2022-11-29,2023-12-12
P-2335,gear,steel_304,2.241,loose,2,21,mech_b,2022-11-09,2023-04-25
P-2286,bracket,aluminum_6061,1.421,loose,2,23,mech_b,2023-11-16,2024-11-28
P-0296,fastener,titanium_6al4v,0.049,standard,2,35,mech_b,2025-01-11,2025-11-06
P-0302,bracket,steel_304,1.266,standard,2,24,mech_b,2022-01-27,2022-09-25
P-0305,fastener,abs_plastic,0.051,standard,2,30,elec_a,2022-05-08,2023-06-04
P-0308,connector,aluminum_6061,0.142,tight,2,25,hw_integration,2023-10-07,2024-11-05
P-0311,shaft,titanium_6al4v,1.018,loose,2,21,mech_a,2024-02-10,2025-02-25
P-2351,bracket,copper_c110,1.455,tight,2,21,elec_a,2023-08-31,2024-03-27
P-2359,seal,steel_304,0.068,tight,2,22,elec_a,2022-04-05,2022-06-11
P-2360,bracket,nylon_66,0.486,unknown,2,23,elec_a,2023-07-19,2023-11-13
P-2362,bracket,aluminum_6061,0.549,tight,2,28,hw_integration,2025-04-04,2026-03-15
P-2369,gear,nylon_66,1.515,standard,2,27,mech_b,2024-03-29,2024-05-07
P-0292,bracket,abs_plastic,0.674,tight,2,23,elec_a,2023-02-12,2024-03-03
P-2183,fastener,aluminum_6061,0.026,standard,2,26,hw_integration,2024-06-25,2025-06-04
P-2184,bracket,abs_plastic,1.435,loose,2,37,mech_a,2023-07-11,2023-11-10
P-2187,pcb_mount,aluminum_6061,0.164,standard,2,33,elec_a,2022-02-02,2022-05-31
P-2194,bracket,abs_plastic,0.651,tight,2,30,mech_a,2024-12-19,2025-02-13
P-2195,connector,copper_c110,0.187,tight,2,35,hw_integration,2024-08-19,2025-07-30
P-2197,bracket,steel_304,1.225,standard,2,22,hw_integration,2024-11-01,2025-06-10
P-2199,housing,nylon_66,2.646,standard,2,27,mech_b,2024-09-09,2025-10-09
P-2207,pcb_mount,aluminum_6061,0.379,standard,2,22,hw_integration,2023-02-18,2023-06-14
P-2224,housing,aluminum_6061,1.381,tight,2,24,mech_b,2022-11-20,2023-06-27
P-2225,fastener,steel_304,0.024,loose,2,25,hw_integration,2022-04-07,2022-08-31
P-2234,seal,steel_304,0.107,standard,2,24,hw_integration,2022-06-17,2023-04-23
P-2239,gear,steel_304,0.443,standard,2,24,mech_b,2023-09-27,2024-04-21
P-2182,seal,steel_304,0.239,unknown,2,25,elec_a,2023-06-10,2023-07-18
P-2264,bracket,copper_c110,0.94,tight,2,22,mech_a,2023-03-31,2024-01-22
P-2268,shaft,copper_c110,1.628,loose,2,26,hw_integration,2024-10-15,2025-06-25
P-2270,fastener,steel_304,0.076,standard,2,24,elec_a,2025-01-22,2026-01-01
P-2210,bracket,aluminum_6061,0.832,tight,2,33,elec_a,2025-01-03,2025-08-26
P-2214,shaft,copper_c110,2.334,standard,2,23,mech_b,2023-05-16,2024-06-12
P-2221,gear,aluminum_6061,0.393,standard,2,25,mech_b,2023-06-14,2023-09-20
P-2223,gear,aluminum_6061,2.735,standard,2,26,mech_b,2023-08-24,2024-03-12
P-0322,shaft,steel_304,1.209,standard,2,27,mech_b,2022-09-01,2022-11-04
P-0326,connector,nylon_66,0.077,loose,2,27,elec_a,2022-08-19,2023-07-30
P-0336,connector,steel_304,0.171,standard,2,20,mech_a,2023-09-20,2024-04-06
P-0343,pcb_mount,aluminum_6061,0.212,tight,2,26,mech_b,2023-01-19,2023-09-29
P-0346,pcb_mount,abs_plastic,0.372,standard,2,22,mech_a,2022-02-26,2023-03-26
P-2250,gear,nylon_66,1.413,loose,2,28,mech_a,2025-04-04,2025-12-21
P-2255,seal,nylon_66,0.08,standard,2,29,mech_a,2022-03-21,2022-09-16
P-2443,housing,nylon_66,2.719,standard,2,24,mech_b,2024-03-20,2024-08-31
P-2444,shaft,nylon_66,1.437,standard,2,26,elec_a,2024-10-22,2025-06-18
P-2446,shaft,aluminum_6061,1.601,loose,2,30,elec_a,2024-08-31,2024-10-10
P-2454,pcb_mount,aluminum_6061,0.101,tight,2,27,elec_a,2023-02-11,2024-02-05
P-2464,connector,nylon_66,0.094,tight,2,27,hw_integration,2023-05-21,2023-06-09
P-0262,fastener,abs_plastic,0.073,loose,2,23,mech_a,2023-06-21,2023-12-07
P-0264,bracket,steel_304,1.069,standard,2,25,elec_a,2024-05-06,2024-07-26
P-2491,seal,steel_304,0.126,loose,2,32,elec_a,2023-01-02,2023-11-18
P-2493,bracket,aluminum_6061,0.599,standard,2,29,hw_integration,2024-05-28,2024-11-01
P-2497,shaft,titanium_6al4v,0.521,loose,2,28,hw_integration,2023-08-16,2023-09-09
P-2436,seal,aluminum_6061,0.077,standard,2,27,mech_a,2025-06-11,2025-09-12
P-2438,connector,aluminum_6061,0.083,standard,2,29,mech_a,2022-05-30,2023-06-23
P-2467,fastener,nylon_66,0.037,standard,2,35,elec_a,2023-06-29,2023-08-17
P-2469,connector,steel_304,0.17,standard,2,27,hw_integration,2022-03-20,2023-03-16
P-2477,bracket,aluminum_6061,0.901,unknown,2,32,elec_a,2023-07-02,2023-09-04
P-2482,housing,aluminum_6061,1.772,loose,2,26,mech_b,2022-09-08,2023-09-28
P-0233,seal,steel_304,0.179,tight,2,36,mech_a,2024-01-02,2024-08-26
P-0236,pcb_mount,aluminum_6061,0.194,loose,2,23,elec_a,2024-02-27,2024-06-11
P-0237,shaft,titanium_6al4v,2.708,standard,2,28,hw_integration,2023-08-12,2023-11-29
P-0238,pcb_mount,aluminum_6061,0.48,standard,2,22,elec_a,2023-10-13,2023-10-16
P-0254,housing,steel_304,3.13,standard,2,27,mech_b,2024-10-10,2025-02-22
P-0256,pcb_mount,nylon_66,0.654,tight,2,29,elec_a,2023-08-08,2024-02-21
P-0257,pcb_mount,aluminum_6061,0.172,standard,2,37,mech_b,2024-03-29,2025-01-03
P-2131,housing,aluminum_6061,3.013,standard,2,27,elec_a,2024-05-08,2024-07-14
P-2133,seal,aluminum_6061,0.1,tight,2,29,mech_a,2024-12-07,2025-11-27
P-2134,seal,steel_304,0.086,tight,2,25,mech_b,2022-10-26,2023-04-11
P-2144,pcb_mount,copper_c110,0.33,standard,2,32,hw_integration,2022-10-25,2023-08-13
P-0388,seal,titanium_6al4v,0.251,loose,2,32,mech_b,2025-02-05,2025-08-02
P-2171,gear,abs_plastic,0.886,tight,2,15,elec_a,2022-06-28,2022-10-01
P-2118,bracket,unknown,1.918,standard,2,25,elec_a,2023-08-07,2024-02-12
P-2121,housing,abs_plastic,2.714,standard,2,31,hw_integration,2022-12-12,2023-03-30
P-0383,pcb_mount,copper_c110,0.195,standard,2,26,mech_a,2024-07-03,2024-09-05
P-0385,gear,aluminum_6061,1.127,loose,2,30,hw_integration,2023-03-21,2023-08-26
P-2149,pcb_mount,copper_c110,0.304,tight,2,23,elec_a,2023-07-02,2023-07-08
P-2150,bracket,aluminum_6061,1.553,loose,2,28,mech_a,2025-03-25,2026-01-15
P-2155,connector,aluminum_6061,0.126,standard,2,30,elec_a,2022-06-16,2023-04-12
P-2158,housing,abs_plastic,1.744,loose,2,22,elec_a,2022-02-10,2022-08-29
P-2160,bracket,steel_304,1.307,standard,2,30,elec_a,2023-08-13,2023-11-08
P-0358,pcb_mount,steel_304,0.206,tight,2,26,hw_integration,2024-02-25,2024-11-21
P-0373,gear,copper_c110,1.028,tight,2,33,mech_b,2024-08-16,2024-08-28
P-0376,bracket,steel_304,0.881,loose,2,26,elec_a,2024-03-27,2024-04-12
P-0377,seal,aluminum_6061,0.131,loose,2,35,mech_b,2024-01-27,2024-08-31
P-2037,seal,copper_c110,0.254,standard,2,26,mech_b,2025-01-29,2025-07-31
P-2049,bracket,aluminum_6061,0.344,standard,2,28,elec_a,2024-03-24,2024-05-21
P-1991,bracket,aluminum_6061,0.799,unknown,2,33,hw_integration,2022-09-18,2023-10-21
P-1997,housing,aluminum_6061,1.67,loose,2,36,mech_a,2024-10-17,2024-12-21
P-1998,housing,steel_304,3.617,standard,2,21,mech_b,2024-03-27,2024-06-17
P-1999,fastener,steel_304,0.06,loose,2,24,mech_b,2022-02-22,2023-01-22
P-2066,seal,steel_304,0.27,loose,2,31,elec_a,2024-12-14,2025-03-06
P-2075,gear,titanium_6al4v,1.781,tight,2,33,hw_integration,2024-05-22,2024-10-08
P-2080,bracket,abs_plastic,1.055,tight,2,26,elec_a,2024-09-18,2024-12-13
P-2081,gear,aluminum_6061,1.03,loose,2,21,hw_integration,2025-02-07,2025-03-21
P-2027,pcb_mount,steel_304,0.366,standard,2,36,mech_a,2024-05-09,2024-12-06
P-2030,connector,aluminum_6061,0.29,unknown,2,32,hw_integration,2023-02-07,2023-10-02
P-2032,shaft,copper_c110,3.326,standard,2,27,mech_a,2024-04-28,2024-11-05
P-2093,shaft,steel_304,1.288,loose,2,20,elec_a,2024-04-06,2024-11-07
P-2097,bracket,abs_plastic,0.358,unknown,2,30,hw_integration,2022-09-20,2023-09-13
P-2103,pcb_mount,aluminum_6061,0.585,standard,2,26,elec_a,2022-04-18,2022-06-24
P-2062,housing,aluminum_6061,2.8,loose,2,24,elec_a,2024-03-21,2024-11-26
P-2064,bracket,aluminum_6061,0.681,standard,2,25,hw_integration,2022-06-25,2022-12-17
P-0394,connector,aluminum_6061,0.44,loose,2,36,elec_a,2022-10-12,2023-09-02
P-0395,bracket,nylon_66,0.991,standard,2,32,mech_b,2022-11-26,2023-05-23
P-0397,fastener,aluminum_6061,0.057,standard,2,22,mech_b,2023-05-30,2023-10-31
P-0413,bracket,steel_304,0.307,standard,2,27,hw_integration,2022-01-26,2022-12-18
P-0416,housing,aluminum_6061,1.68,loose,2,32,mech_b,2023-04-21,2023-05-06
P-2088,gear,steel_304,1.562,loose,2,25,elec_a,2024-08-22,2025-04-20
P-1934,pcb_mount,aluminum_6061,0.257,loose,2,26,mech_b,2022-09-13,2022-11-25
P-1937,shaft,steel_304,2.789,loose,2,24,hw_integration,2022-06-24,2023-07-27
P-1941,housing,copper_c110,2.227,loose,2,26,hw_integration,2023-08-26,2024-01-19
P-1943,gear,abs_plastic,0.565,standard,2,29,elec_a,2023-05-11,2024-05-29
P-1944,bracket,titanium_6al4v,0.6,unknown,2,17,mech_a,2024-12-31,2025-10-20
P-1945,fastener,steel_304,0.047,unknown,2,24,hw_integration,2025-06-10,2025-06-27
P-1951,seal,aluminum_6061,0.1,standard,2,37,hw_integration,2022-04-07,2022-08-16
P-1970,shaft,abs_plastic,2.102,loose,2,19,elec_a,2025-02-12,2025-03-17
P-1972,seal,aluminum_6061,0.069,loose,2,23,hw_integration,2022-01-20,2022-04-23
P-1926,bracket,steel_304,0.229,loose,2,33,mech_a,2023-03-04,2023-03-08
P-1932,connector,abs_plastic,0.164,standard,2,26,mech_a,2023-07-02,2024-01-13
P-1933,pcb_mount,nylon_66,0.491,loose,2,35,mech_a,2024-10-29,2025-04-06
P-0428,fastener,copper_c110,0.053,standard,2,22,mech_a,2024-03-30,2024-09-02
P-0429,bracket,copper_c110,0.296,standard,2,38,mech_a,2024-04-21,2024-10-02
P-0430,pcb_mount,nylon_66,0.304,loose,2,30,mech_a,2024-03-22,2024-04-10
P-0440,connector,abs_plastic,0.084,standard,2,21,mech_a,2022-07-08,2022-11-13
P-0446,pcb_mount,steel_304,0.418,loose,2,22,mech_b,2025-05-23,2025-12-31
P-1963,shaft,steel_304,1.31,standard,2,36,elec_a,2024-11-11,2025-01-02
P-1966,bracket,aluminum_6061,0.539,tight,2,27,hw_integration,2024-01-11,2024-02-24
P-2002,gear,abs_plastic,0.707,unknown,2,33,elec_a,2022-02-13,2023-01-08
P-2004,connector,aluminum_6061,0.2,loose,2,24,elec_a,2024-11-18,2025-11-04
P-2011,bracket,aluminum_6061,0.811,tight,2,30,mech_b,2024-07-11,2024-10-30
P-2015,gear,aluminum_6061,0.504,loose,2,27,mech_a,2022-05-18,2022-10-26
P-0420,fastener,copper_c110,0.064,standard,2,20,elec_a,2022-03-28,2022-08-04
P-0421,connector,copper_c110,0.194,standard,2,21,mech_a,2022-05-20,2022-08-11
P-2560,bracket,aluminum_6061,0.893,tight,2,28,hw_integration,2024-08-11,2025-06-19
P-2502,connector,steel_304,0.122,standard,2,29,hw_integration,2023-12-14,2024-09-19
P-2509,shaft,nylon_66,1.099,tight,2,28,mech_b,2023-05-02,2023-08-29
P-2511,shaft,aluminum_6061,2.848,loose,2,33,mech_a,2024-06-18,2024-12-08
P-2519,shaft,aluminum_6061,0.877,standard,2,27,hw_integration,2025-04-16,2025-11-27
P-2529,fastener,titanium_6al4v,0.1,standard,2,23,hw_integration,2022-06-08,2022-09-21
P-0230,bracket,steel_304,0.492,standard,2,24,mech_b,2023-07-06,2023-12-13
P-2530,connector,nylon_66,0.279,loose,2,25,mech_b,2024-05-17,2025-02-01
P-2531,connector,steel_304,0.438,standard,2,24,hw_integration,2023-04-03,2023-11-19
P-2536,connector,nylon_66,0.214,loose,2,25,mech_b,2024-06-24,2025-01-02
P-2537,pcb_mount,aluminum_6061,0.463,loose,2,23,elec_a,2022-01-14,2022-10-19
P-2557,bracket,steel_304,0.397,standard,2,31,mech_b,2023-12-25,2024-11-18
P-0209,bracket,aluminum_6061,0.554,loose,2,21,elec_a,2022-04-03,2023-04-07
P-0210,shaft,aluminum_6061,0.785,tight,2,34,elec_a,2025-02-03,2025-08-18
P-0213,housing,nylon_66,1.378,standard,2,19,mech_b,2023-04-12,2024-03-23
P-0214,pcb_mount,abs_plastic,0.307,standard,2,33,mech_a,2022-05-01,2023-03-07
P-0215,pcb_mount,aluminum_6061,0.277,loose,2,27,elec_a,2023-06-20,2023-12-12
P-0221,housing,aluminum_6061,2.565,standard,2,28,elec_a,2022-11-08,2023-04-22
P-0224,seal,abs_plastic,0.071,loose,2,22,mech_b,2024-01-31,2024-03-06
P-0194,fastener,abs_plastic,0.067,standard,2,33,mech_b,2022-11-18,2023-04-23
P-0195,bracket,abs_plastic,0.362,loose,2,26,mech_a,2024-06-19,2025-03-27
P-0196,bracket,steel_304,0.648,standard,2,28,mech_b,2022-10-14,2022-11-13
P-0198,fastener,aluminum_6061,0.073,loose,2,16,elec_a,2024-03-15,2024-07-11
P-0200,housing,titanium_6al4v,2.505,tight,2,26,hw_integration,2022-08-31,2023-02-22
P-0204,bracket,abs_plastic,1.356,loose,2,26,elec_a,2023-03-10,2024-01-06
P-0205,bracket,copper_c110,1.221,loose,2,27,mech_a,2022-12-09,2023-01-13
P-0208,connector,aluminum_6061,0.17,loose,2,24,elec_a,2024-05-20,2024-09-28
P-1838,gear,aluminum_6061,0.854,standard,2,23,mech_a,2025-04-30,2026-01-15
P-0482,housing,abs_plastic,2.515,standard,2,24,mech_b,2022-02-08,2022-05-06
P-0484,housing,abs_plastic,2.807,standard,2,31,mech_b,2023-06-16,2024-05-28
P-0491,pcb_mount,abs_plastic,0.572,loose,2,23,mech_a,2022-04-11,2022-08-10
P-1858,housing,abs_plastic,5.61,loose,2,28,hw_integration,2024-09-02,2024-11-10
P-1879,shaft,steel_304,1.603,tight,2,24,mech_b,2024-09-01,2025-05-25
P-0480,gear,abs_plastic,0.505,standard,2,26,hw_integration,2022-10-18,2022-11-06
P-0481,gear,steel_304,1.816,standard,2,32,mech_a,2023-06-19,2023-08-20
P-1892,pcb_mount,aluminum_6061,1.117,tight,2,24,mech_a,2023-11-15,2024-02-13
P-1907,gear,copper_c110,2.663,standard,2,28,hw_integration,2023-06-22,2024-03-21
P-1911,bracket,aluminum_6061,0.811,tight,2,29,elec_a,2022-12-03,2023-10-08
P-0457,seal,titanium_6al4v,0.082,standard,2,28,hw_integration,2023-03-28,2023-10-27
P-0460,connector,nylon_66,0.216,standard,2,29,mech_b,2025-05-31,2026-01-21
P-0466,connector,nylon_66,0.129,tight,2,23,elec_a,2023-10-18,2024-11-05
P-0468,seal,steel_304,0.068,standard,2,27,hw_integration,2024-10-04,2025-06-15
P-0471,gear,steel_304,1.766,standard,2,20,mech_a,2023-08-01,2023-09-21
P-1772,pcb_mount,steel_304,0.711,loose,2,26,hw_integration,2024-07-22,2024-07-29
P-1777,pcb_mount,steel_304,0.564,loose,2,30,hw_integration,2022-01-20,2022-07-02
P-1792,housing,aluminum_6061,1.891,standard,2,28,hw_integration,2023-11-07,2024-11-12
P-1793,housing,aluminum_6061,1.584,loose,2,25,elec_a,2025-04-28,2025-05-01
P-0514,housing,titanium_6al4v,6.891,standard,2,30,elec_a,2023-10-17,2024-02-07
P-0519,bracket,steel_304,0.2,loose,2,26,elec_a,2023-06-28,2024-01-12
P-0520,fastener,nylon_66,0.05,standard,2,31,mech_b,2024-12-27,2026-01-04
P-1814,housing,titanium_6al4v,6.219,loose,2,33,elec_a,2022-03-07,2022-05-03
P-1816,shaft,aluminum_6061,1.392,standard,2,23,hw_integration,2025-01-17,2026-01-28
P-1818,shaft,steel_304,0.575,standard,2,26,mech_b,2022-11-02,2022-12-08
P-1821,seal,abs_plastic,0.119,standard,2,27,mech_b,2023-01-20,2023-12-01
P-1823,shaft,abs_plastic,1.816,standard,2,26,elec_a,2024-08-28,2025-09-17
P-1825,pcb_mount,steel_304,0.324,tight,2,27,hw_integration,2025-06-26,2026-01-24
P-1766,bracket,aluminum_6061,0.505,loose,2,25,elec_a,2024-07-02,2024-09-23
P-0512,fastener,abs_plastic,0.09,loose,2,24,mech_a,2022-05-27,2022-12-27
P-1796,housing,aluminum_6061,2.218,standard,2,25,hw_integration,2023-03-24,2023-05-08
P-1801,connector,steel_304,0.151,loose,2,25,mech_a,2024-07-29,2025-07-10
P-1807,bracket,steel_304,0.32,standard,2,26,hw_integration,2024-03-21,2025-01-26
P-0497,gear,abs_plastic,1.903,standard,2,29,mech_b,2025-03-03,2026-03-31
P-0498,connector,nylon_66,0.079,standard,2,27,elec_a,2023-09-06,2024-07-07
P-0503,seal,aluminum_6061,0.094,standard,2,20,mech_a,2025-05-10,2026-02-02
P-0504,shaft,abs_plastic,0.981,tight,2,27,mech_b,2022-01-10,2022-12-30
P-0506,pcb_mount,abs_plastic,0.247,unknown,2,26,elec_a,2025-04-01,2025-04-18
P-1676,seal,aluminum_6061,0.136,standard,2,33,mech_b,2024-09-29,2025-05-28
P-1681,pcb_mount,titanium_6al4v,0.304,tight,2,30,mech_b,2022-05-21,2022-06-21
P-1683,pcb_mount,nylon_66,0.324,standard,2,26,hw_integration,2023-09-26,2023-11-20
P-1697,housing,steel_304,3.333,standard,2,21,mech_b,2023-12-24,2023-12-30
P-1641,pcb_mount,aluminum_6061,0.413,loose,2,30,elec_a,2024-05-17,2025-01-29
P-1647,housing,copper_c110,5.372,loose,2,25,elec_a,2022-02-09,2022-06-13
P-1649,fastener,steel_304,0.041,standard,2,27,mech_a,2025-01-15,2025-06-10
P-1653,housing,aluminum_6061,1.684,standard,2,22,hw_integration,2022-02-22,2022-03-19
P-1718,connector,abs_plastic,0.184,tight,2,30,elec_a,2025-05-22,2025-06-01
P-1724,shaft,abs_plastic,2.378,standard,2,19,elec_a,2025-03-04,2026-03-27
P-1726,bracket,steel_304,0.69,standard,2,27,mech_a,2025-05-12,2025-07-03
P-1727,gear,nylon_66,3.3,loose,2,18,mech_b,2022-02-28,2022-10-06
P-1666,fastener,steel_304,0.054,standard,2,28,elec_a,2025-05-22,2025-08-22
P-1675,pcb_mount,abs_plastic,0.24,standard,2,30,mech_b,2024-07-07,2025-03-07
P-1735,fastener,copper_c110,0.04,tight,2,25,mech_b,2023-10-17,2024-01-28
P-1736,pcb_mount,nylon_66,0.126,standard,2,25,hw_integration,2025-01-12,2025-10-04
P-1755,gear,copper_c110,0.941,standard,2,18,elec_a,2023-10-18,2024-09-14
P-1759,fastener,aluminum_6061,0.113,standard,2,22,mech_b,2025-06-26,2025-08-01
P-1702,seal,steel_304,0.11,standard,2,21,mech_b,2024-10-28,2025-07-20
P-0523,bracket,aluminum_6061,0.372,loose,2,23,mech_b,2025-01-26,2025-12-10
P-0524,connector,steel_304,0.139,loose,2,33,mech_a,2023-02-06,2023-12-22
P-0534,connector,aluminum_6061,0.13,unknown,2,29,mech_b,2022-08-19,2023-01-19
P-0542,shaft,steel_304,1.258,loose,2,27,mech_a,2022-11-21,2023-10-30
P-2572,shaft,aluminum_6061,1.09,tight,2,27,mech_a,2025-03-09,2025-11-21
P-2573,pcb_mount,steel_304,0.654,tight,2,27,mech_b,2022-02-21,2023-02-09
P-2574,fastener,copper_c110,0.011,standard,2,30,hw_integration,2025-02-11,2026-02-14
P-2575,shaft,steel_304,1.835,tight,2,30,mech_a,2022-08-22,2023-07-12
P-0188,bracket,copper_c110,0.623,loose,2,33,mech_a,2024-03-09,2024-04-24
P-0192,housing,aluminum_6061,1.403,loose,2,28,elec_a,2025-03-14,2025-10-20
P-2562,connector,steel_304,0.195,loose,2,29,elec_a,2025-06-14,2026-01-08
P-2565,connector,titanium_6al4v,0.072,standard,2,28,hw_integration,2025-03-14,2025-07-15
P-2566,gear,aluminum_6061,0.805,standard,2,30,mech_b,2023-08-12,2024-02-04
P-2570,seal,copper_c110,0.183,standard,2,26,mech_a,2024-08-31,2024-12-13
P-2571,bracket,aluminum_6061,0.761,standard,2,25,mech_b,2023-03-05,2023-08-09
P-0167,fastener,aluminum_6061,0.055,standard,2,22,hw_integration,2024-05-06,2024-11-16
P-0171,housing,titanium_6al4v,4.772,tight,2,41,mech_a,2024-11-21,2025-05-21
P-0172,shaft,abs_plastic,0.788,standard,2,21,mech_a,2022-09-08,2023-07-02
P-0185,pcb_mount,aluminum_6061,0.454,loose,2,26,mech_b,2022-03-05,2023-02-23
P-0186,connector,aluminum_6061,0.11,standard,2,19,mech_a,2024-06-07,2025-06-12
P-0187,gear,abs_plastic,1.303,standard,2,27,hw_integration,2023-11-16,2024-09-14
P-2620,fastener,aluminum_6061,0.073,standard,2,27,mech_a,2022-07-26,2023-04-28
P-2622,seal,steel_304,0.177,unknown,2,29,mech_a,2022-04-13,2022-07-28
P-2624,seal,unknown,0.131,standard,2,25,mech_b,2023-06-19,2023-08-29
P-0162,fastener,titanium_6al4v,0.026,standard,2,29,mech_b,2024-03-05,2024-11-04
P-0164,bracket,abs_plastic,0.785,standard,2,25,mech_b,2023-06-10,2023-07-10
P-0165,shaft,abs_plastic,1.846,tight,2,17,hw_integration,2024-10-04,2025-01-07
P-1596,connector,titanium_6al4v,0.112,tight,2,20,mech_b,2022-01-20,2023-01-17
P-1597,housing,steel_304,1.348,loose,2,33,hw_integration,2022-09-15,2023-10-06
P-1598,bracket,aluminum_6061,0.683,standard,2,27,mech_a,2024-03-26,2025-01-30
P-0582,shaft,nylon_66,0.92,standard,2,33,mech_b,2023-08-10,2023-10-28
P-1615,fastener,steel_304,0.058,standard,2,26,mech_a,2023-10-15,2023-11-30
P-1629,housing,aluminum_6061,2.664,loose,2,27,mech_b,2024-07-14,2025-05-15
P-1630,gear,aluminum_6061,0.694,tight,2,24,hw_integration,2023-11-10,2024-07-30
P-1576,housing,aluminum_6061,8.219,tight,2,25,mech_b,2022-07-12,2023-05-03
P-0573,shaft,steel_304,1.234,standard,2,18,elec_a,2024-07-11,2024-09-01
P-0575,fastener,steel_304,0.049,standard,2,31,mech_a,2022-06-03,2022-12-30
P-1602,bracket,copper_c110,1.301,tight,2,30,mech_a,2023-11-16,2024-09-07
P-1604,pcb_mount,abs_plastic,0.496,standard,2,37,elec_a,2023-08-30,2024-01-29
P-1612,pcb_mount,steel_304,0.277,standard,2,29,hw_integration,2024-10-20,2024-10-23
P-1661,bracket,abs_plastic,0.772,unknown,2,30,mech_b,2023-05-19,2024-05-16
P-0548,bracket,titanium_6al4v,1.74,standard,2,30,elec_a,2022-11-30,2023-08-03
P-0551,shaft,copper_c110,0.805,tight,2,34,mech_a,2023-11-18,2024-12-11
P-0561,bracket,abs_plastic,0.509,standard,2,19,elec_a,2023-08-23,2024-08-08
P-1498,connector,steel_304,0.09,standard,2,30,hw_integration,2023-03-18,2023-05-02
P-1447,fastener,steel_304,0.057,standard,2,27,mech_a,2022-08-06,2022-10-21
P-1448,shaft,unknown,0.627,standard,2,23,mech_b,2022-07-26,2022-09-12
P-1451,pcb_mount,nylon_66,0.196,loose,2,26,hw_integration,2023-12-20,2024-03-26
P-1455,gear,unknown,1.435,tight,2,19,mech_b,2023-02-15,2023-09-15
P-1475,shaft,steel_304,9.398,standard,2,32,mech_b,2022-03-07,2022-03-22
P-1485,connector,copper_c110,0.309,loose,2,36,mech_a,2023-12-16,2024-02-20
P-1488,shaft,aluminum_6061,2.704,loose,2,29,elec_a,2025-02-16,2025-03-22
P-1490,shaft,steel_304,1.776,loose,2,27,hw_integration,2022-09-30,2023-10-13
P-1494,pcb_mount,aluminum_6061,0.49,loose,2,31,elec_a,2023-10-31,2023-11-13
P-1497,fastener,steel_304,0.024,standard,2,24,mech_b,2022-11-05,2023-10-23
P-1565,pcb_mount,aluminum_6061,0.151,loose,2,27,mech_b,2023-03-26,2024-04-14
P-1515,fastener,aluminum_6061,0.027,standard,2,31,mech_a,2023-09-14,2024-09-09
P-1518,seal,aluminum_6061,0.193,standard,2,32,mech_a,2024-02-07,2025-01-26
P-1524,pcb_mount,copper_c110,0.245,loose,2,25,mech_a,2022-12-24,2023-07-12
P-1525,pcb_mount,nylon_66,0.141,loose,2,24,mech_a,2024-08-20,2025-07-23
P-1531,housing,nylon_66,2.942,loose,2,25,mech_a,2022-01-24,2022-09-26
P-1532,bracket,steel_304,1.108,loose,2,33,elec_a,2023-01-12,2023-02-05
P-0593,housing,nylon_66,2.508,standard,2,26,hw_integration,2022-07-07,2022-07-31
P-0606,pcb_mount,aluminum_6061,0.489,loose,2,31,mech_a,2023-06-29,2023-12-15
P-1541,fastener,aluminum_6061,0.045,tight,2,28,hw_integration,2023-05-19,2024-04-03
P-1549,housing,abs_plastic,1.414,loose,2,30,mech_b,2022-11-21,2023-03-22
P-1551,bracket,aluminum_6061,1.406,tight,2,32,mech_a,2024-03-26,2025-01-04
P-1556,pcb_mount,nylon_66,0.344,tight,2,24,elec_a,2024-02-14,2024-11-20
P-1563,fastener,aluminum_6061,0.126,loose,2,30,hw_integration,2023-04-01,2024-01-06
P-1402,bracket,unknown,0.838,loose,2,29,mech_a,2025-02-03,2025-03-21
P-1403,seal,aluminum_6061,0.219,standard,2,28,elec_a,2023-07-27,2023-11-19
P-1404,housing,aluminum_6061,0.639,standard,2,22,mech_a,2022-09-03,2023-01-22
P-1405,housing,steel_304,1.842,standard,2,29,mech_a,2023-01-16,2023-11-02
P-1409,fastener,copper_c110,0.038,standard,2,24,elec_a,2022-11-18,2023-04-04
P-0643,bracket,nylon_66,0.842,loose,2,31,mech_a,2025-05-11,2025-07-14
P-0646,fastener,nylon_66,0.052,loose,2,22,mech_a,2025-06-09,2025-08-14
P-0647,bracket,steel_304,0.558,loose,2,28,mech_b,2023-05-05,2024-02-07
P-1431,seal,steel_304,0.076,unknown,2,29,elec_a,2025-06-15,2025-11-05
P-1439,seal,aluminum_6061,0.078,loose,2,20,mech_a,2022-05-31,2023-01-21
P-1378,fastener,aluminum_6061,0.019,tight,2,29,mech_a,2025-04-25,2025-12-06
P-1382,bracket,steel_304,0.929,standard,2,30,mech_b,2023-01-27,2023-09-03
P-1386,bracket,copper_c110,1.375,unknown,2,23,elec_a,2023-12-29,2024-09-16
P-1388,housing,aluminum_6061,4.684,loose,2,28,mech_a,2024-12-13,2025-02-08
P-0627,pcb_mount,copper_c110,0.186,standard,2,30,hw_integration,2022-03-04,2022-11-14
P-0631,seal,aluminum_6061,0.13,standard,2,25,mech_a,2023-11-19,2024-05-19
P-0632,fastener,titanium_6al4v,0.104,loose,2,21,hw_integration,2024-07-24,2025-01-03
P-1410,pcb_mount,aluminum_6061,0.093,loose,2,29,mech_b,2023-05-09,2023-11-15
P-1417,shaft,steel_304,4.72,loose,2,27,elec_a,2023-01-28,2023-12-27
P-1420,seal,steel_304,0.183,loose,2,20,elec_a,2023-04-04,2023-12-01
P-1425,gear,abs_plastic,1.615,standard,2,28,mech_a,2022-02-21,2022-04-06
P-1463,housing,steel_304,3.716,loose,2,29,mech_a,2023-06-02,2024-06-02
P-1471,seal,copper_c110,0.071,loose,2,24,elec_a,2023-02-01,2023-03-15
P-0611,shaft,abs_plastic,1.703,standard,2,26,hw_integration,2023-06-17,2024-07-19
P-0615,housing,abs_plastic,2.767,tight,2,28,elec_a,2023-12-31,2024-05-26
P-0618,gear,aluminum_6061,2.558,unknown,2,33,mech_b,2024-05-21,2024-08-29
P-0619,bracket,steel_304,0.345,unknown,2,26,hw_integration,2025-01-01,2025-09-24
P-0622,shaft,aluminum_6061,1.306,loose,2,32,mech_a,2022-10-20,2023-08-09
P-2654,pcb_mount,steel_304,0.076,loose,2,26,mech_a,2022-11-29,2023-08-06
P-2656,seal,aluminum_6061,0.156,loose,2,32,mech_a,2023-05-31,2024-01-18
P-2595,housing,abs_plastic,3.499,loose,2,25,hw_integration,2022-01-08,2022-12-17
P-2599,seal,abs_plastic,0.055,standard,2,28,hw_integration,2022-07-15,2022-12-02
P-2676,shaft,copper_c110,1.821,standard,2,26,hw_integration,2024-08-25,2025-05-27
P-2680,gear,steel_304,1.45,standard,2,28,elec_a,2023-08-20,2024-07-31
P-2684,connector,abs_plastic,0.115,tight,2,30,hw_integration,2023-07-29,2023-09-09
P-2628,gear,nylon_66,0.485,tight,2,33,hw_integration,2022-07-17,2023-08-04
P-2630,housing,steel_304,2.162,tight,2,25,elec_a,2024-10-23,2025-05-12
P-2631,bracket,steel_304,0.63,standard,2,29,mech_a,2022-07-02,2022-11-09
P-2633,fastener,steel_304,0.046,loose,2,27,mech_b,2024-02-08,2025-03-07
P-2640,housing,abs_plastic,1.741,loose,2,22,mech_b,2022-10-01,2022-12-12
P-0156,connector,steel_304,0.494,loose,2,28,elec_a,2022-01-13,2023-02-09
P-2660,housing,nylon_66,2.68,standard,2,30,hw_integration,2022-02-08,2022-05-29
P-2668,bracket,copper_c110,1.075,standard,2,23,mech_a,2024-11-20,2025-04-23
P-2669,shaft,unknown,2.859,standard,2,25,mech_b,2022-09-06,2023-05-21
P-2670,shaft,nylon_66,2.867,tight,2,37,mech_a,2023-09-09,2024-01-14
P-2673,gear,steel_304,0.892,tight,2,19,elec_a,2022-12-20,2023-02-03
P-2721,shaft,nylon_66,2.775,tight,2,28,mech_b,2024-08-11,2024-12-01
P-0134,gear,aluminum_6061,2.804,loose,2,19,mech_b,2023-06-18,2024-06-28
P-0136,bracket,nylon_66,0.509,loose,2,20,elec_a,2025-05-20,2025-07-09
P-0141,shaft,steel_304,1.26,loose,2,31,elec_a,2022-10-23,2022-10-30
P-0144,shaft,aluminum_6061,2.722,standard,2,28,mech_b,2022-11-29,2023-12-03
P-0146,housing,abs_plastic,2.378,standard,2,22,elec_a,2024-09-21,2025-08-31
P-0154,shaft,aluminum_6061,1.028,loose,2,39,hw_integration,2025-03-16,2026-03-18
P-1344,shaft,aluminum_6061,2.778,loose,2,28,hw_integration,2022-02-07,2022-11-09
P-1288,housing,aluminum_6061,3.153,loose,2,34,mech_a,2023-12-11,2023-12-24
P-1300,gear,abs_plastic,1.989,standard,2,30,mech_b,2023-07-27,2023-10-06
P-1304,housing,steel_304,3.189,standard,2,26,hw_integration,2025-01-21,2025-05-16
P-1305,fastener,aluminum_6061,0.029,standard,2,34,mech_b,2022-10-18,2023-09-01
P-1313,shaft,aluminum_6061,1.78,standard,2,28,mech_a,2022-07-29,2022-08-17
P-1370,gear,steel_304,2.408,tight,2,25,mech_a,2022-01-20,2022-03-30
P-1372,seal,aluminum_6061,0.161,tight,2,40,mech_a,2023-10-14,2024-11-15
P-1317,shaft,titanium_6al4v,1.028,tight,2,29,elec_a,2023-10-20,2024-10-08
P-1339,fastener,steel_304,0.044,loose,2,24,hw_integration,2023-11-26,2024-08-11
P-1341,bracket,aluminum_6061,0.833,standard,2,31,elec_a,2023-02-03,2023-04-15
P-1346,connector,titanium_6al4v,0.198,standard,2,24,hw_integration,2022-08-27,2023-05-26
P-1347,gear,nylon_66,3.968,standard,2,22,elec_a,2022-01-07,2022-12-18
P-1352,fastener,aluminum_6061,0.077,loose,2,30,mech_a,2022-08-21,2023-09-10
P-1354,housing,aluminum_6061,1.651,standard,2,22,elec_a,2023-12-12,2024-04-24
P-1361,connector,aluminum_6061,0.177,standard,2,26,elec_a,2023-09-22,2024-06-21
P-1364,bracket,titanium_6al4v,0.607,tight,2,27,mech_a,2024-03-06,2024-03-22
P-0651,gear,aluminum_6061,1.551,standard,2,29,elec_a,2024-04-25,2024-07-22
P-0657,fastener,aluminum_6061,0.043,standard,2,22,elec_a,2022-04-27,2022-07-30
P-0659,connector,copper_c110,0.119,standard,2,27,hw_integration,2024-10-04,2025-07-05
P-0663,housing,copper_c110,9.077,loose,2,25,mech_b,2022-08-07,2022-10-08
P-0664,bracket,abs_plastic,0.402,tight,2,32,mech_a,2022-06-10,2022-08-14
P-0668,seal,aluminum_6061,0.059,standard,2,27,elec_a,2024-04-15,2024-06-16
P-1238,gear,copper_c110,0.57,standard,2,18,elec_a,2025-05-14,2025-12-29
P-1242,housing,nylon_66,1.698,loose,2,28,mech_a,2023-10-20,2024-01-27
P-1243,gear,steel_304,0.504,standard,2,23,elec_a,2022-05-16,2023-03-01
P-1246,housing,unknown,1.275,tight,2,18,hw_integration,2024-08-09,2025-05-18
P-0714,fastener,nylon_66,0.072,standard,2,30,hw_integration,2023-05-26,2023-07-30
P-0716,housing,nylon_66,1.695,tight,2,37,elec_a,2022-09-08,2023-01-14
P-0718,bracket,nylon_66,1.163,tight,2,25,elec_a,2022-12-21,2023-04-05
P-1281,gear,aluminum_6061,1.406,standard,2,21,hw_integration,2025-04-11,2025-07-12
P-1223,fastener,steel_304,0.024,standard,2,22,mech_a,2022-07-30,2023-08-15
P-1226,fastener,copper_c110,0.051,loose,2,33,elec_a,2022-03-26,2022-11-25
P-1232,connector,aluminum_6061,0.25,loose,2,23,mech_b,2025-03-21,2025-10-12
P-1233,housing,nylon_66,2.352,loose,2,25,mech_a,2024-07-13,2025-02-13
P-1253,bracket,aluminum_6061,0.805,tight,2,27,hw_integration,2025-04-23,2025-07-31
P-1254,connector,steel_304,0.491,standard,2,27,mech_a,2024-09-13,2025-02-02
P-1255,bracket,nylon_66,0.848,standard,2,23,mech_a,2023-01-06,2023-11-29
P-1256,fastener,unknown,0.047,loose,2,28,mech_b,2023-09-01,2023-09-18
P-1263,housing,aluminum_6061,2.171,standard,2,27,elec_a,2023-08-02,2024-04-04
P-0688,seal,titanium_6al4v,0.131,unknown,2,22,mech_a,2023-01-08,2023-10-16
P-0697,pcb_mount,aluminum_6061,0.29,standard,2,28,hw_integration,2024-07-21,2024-10-28
P-0701,housing,copper_c110,2.702,loose,2,39,mech_a,2022-09-03,2022-09-17
P-0702,housing,aluminum_6061,1.442,standard,2,34,hw_integration,2022-08-24,2023-01-07
P-1251,bracket,steel_304,1.131,standard,2,26,mech_a,2025-02-09,2025-04-09
P-1147,pcb_mount,aluminum_6061,0.522,standard,2,28,mech_b,2023-08-02,2024-01-05
P-1153,bracket,steel_304,0.775,tight,2,27,elec_a,2024-01-24,2025-02-02
P-1090,gear,aluminum_6061,0.719,standard,2,25,elec_a,2023-09-04,2024-05-10
P-1097,housing,abs_plastic,2.799,standard,2,25,mech_b,2024-11-22,2025-03-31
P-1100,bracket,copper_c110,0.736,loose,2,25,mech_a,2024-03-14,2024-12-04
P-1111,bracket,steel_304,0.943,tight,2,24,mech_a,2023-04-21,2023-08-06
P-1172,pcb_mount,abs_plastic,0.261,standard,2,21,hw_integration,2022-06-27,2022-06-28
P-1176,pcb_mount,abs_plastic,0.316,loose,2,23,elec_a,2023-11-02,2024-02-19
P-1127,shaft,steel_304,2.987,standard,2,24,mech_b,2025-04-17,2025-06-01
P-1129,connector,nylon_66,0.287,unknown,2,23,hw_integration,2024-12-14,2025-02-06
P-1138,gear,copper_c110,1.605,loose,2,32,mech_a,2025-05-14,2025-06-20
P-1139,bracket,abs_plastic,1.447,standard,2,29,mech_a,2023-01-24,2023-03-31
P-1142,pcb_mount,steel_304,0.288,standard,2,31,mech_a,2022-01-26,2022-05-04
P-1146,housing,aluminum_6061,3.573,standard,2,14,mech_b,2024-02-06,2024-06-20
P-1206,bracket,nylon_66,1.437,standard,2,22,elec_a,2024-02-20,2024-10-22
P-1215,housing,abs_plastic,1.78,tight,2,29,mech_a,2023-05-20,2023-12-10
P-1217,housing,abs_plastic,1.56,standard,2,32,elec_a,2024-10-15,2024-11-28
P-1154,bracket,steel_304,1.701,unknown,2,29,mech_a,2022-08-01,2023-05-29
P-1162,connector,aluminum_6061,0.12,standard,2,32,elec_a,2024-02-12,2024-10-15
P-1171,gear,titanium_6al4v,2.007,standard,2,24,mech_b,2023-01-10,2023-01-20
P-0720,seal,steel_304,0.087,standard,2,26,mech_a,2022-08-02,2023-01-27
P-0721,shaft,abs_plastic,1.238,standard,2,25,elec_a,2023-08-15,2023-12-10
P-0722,gear,steel_304,2.131,standard,2,19,mech_b,2024-10-22,2025-04-25
P-0736,connector,titanium_6al4v,0.194,tight,2,30,hw_integration,2025-04-20,2025-07-15
P-1186,fastener,nylon_66,0.078,standard,2,25,hw_integration,2022-01-12,2022-05-28
P-1202,shaft,nylon_66,1.79,standard,2,28,elec_a,2022-10-12,2023-08-09
P-1203,fastener,aluminum_6061,0.05,unknown,2,28,hw_integration,2023-05-16,2024-06-11
P-2703,gear,aluminum_6061,0.626,loose,2,18,mech_b,2024-03-07,2025-01-01
P-2708,housing,nylon_66,2.767,loose,2,36,elec_a,2022-09-19,2022-10-29
P-2715,fastener,aluminum_6061,0.059,loose,2,30,mech_b,2024-01-18,2025-01-04
P-2723,gear,aluminum_6061,2.011,standard,2,30,elec_a,2024-08-13,2024-10-21
P-2728,bracket,steel_304,0.622,standard,2,26,elec_a,2023-07-22,2024-05-18
P-2730,fastener,aluminum_6061,0.035,standard,2,27,mech_a,2024-02-23,2024-03-03
P-2756,pcb_mount,abs_plastic,0.146,loose,2,22,mech_b,2024-09-14,2024-11-04
P-2759,connector,aluminum_6061,0.083,unknown,2,28,elec_a,2025-05-15,2025-08-31
P-2760,shaft,aluminum_6061,1.264,loose,2,27,mech_a,2022-04-16,2023-05-13
P-2763,bracket,nylon_66,0.61,loose,2,32,mech_b,2025-01-09,2025-02-19
P-2767,gear,steel_304,2.025,standard,2,23,hw_integration,2022-09-11,2022-12-22
P-2770,seal,nylon_66,0.098,loose,2,30,hw_integration,2023-05-19,2023-06-06
P-2776,gear,aluminum_6061,1.605,loose,2,23,elec_a,2022-03-19,2023-03-29
P-0104,seal,nylon_66,0.15,tight,2,26,elec_a,2023-10-15,2024-03-11
P-0106,pcb_mount,abs_plastic,0.146,tight,2,23,hw_integration,2023-08-10,2023-09-07
P-0107,gear,steel_304,0.66,tight,2,25,elec_a,2022-06-06,2023-05-20
P-0109,bracket,aluminum_6061,0.697,unknown,2,24,mech_b,2025-01-03,2026-01-02
P-0110,fastener,titanium_6al4v,0.05,standard,2,22,hw_integration,2022-11-10,2023-05-27
P-0116,fastener,unknown,0.042,standard,2,26,hw_integration,2024-11-15,2025-09-23
P-0126,shaft,aluminum_6061,1.665,standard,2,25,mech_b,2023-02-20,2023-10-17
P-1031,shaft,steel_304,1.75,loose,2,28,elec_a,2023-04-23,2023-08-11
P-1032,pcb_mount,steel_304,0.17,loose,2,23,hw_integration,2023-11-27,2024-07-20
P-1040,bracket,nylon_66,0.473,tight,2,35,mech_a,2022-10-13,2022-11-08
P-0995,seal,aluminum_6061,0.099,standard,2,31,elec_a,2025-03-13,2025-05-28
P-1000,housing,aluminum_6061,4.1,standard,2,23,mech_a,2024-06-11,2024-11-28
P-1067,gear,aluminum_6061,1.587,standard,2,29,mech_b,2022-02-26,2022-11-24
P-1070,gear,aluminum_6061,0.647,standard,2,28,hw_integration,2022-11-30,2023-10-15
P-1075,fastener,aluminum_6061,0.066,standard,2,22,mech_b,2024-07-01,2024-12-31
P-1078,shaft,abs_plastic,1.536,tight,2,21,elec_a,2022-06-05,2023-02-26
P-1081,housing,steel_304,1.942,tight,2,28,mech_a,2022-04-26,2022-11-25
P-1083,seal,abs_plastic,0.04,standard,2,32,hw_integration,2024-11-13,2025-11-20
P-0764,bracket,aluminum_6061,0.51,standard,2,34,mech_b,2023-08-31,2024-03-11
P-0768,bracket,steel_304,2.218,standard,2,31,hw_integration,2024-05-18,2025-05-30
P-1058,housing,titanium_6al4v,1.92,loose,2,32,hw_integration,2023-03-27,2023-06-10
P-1115,seal,nylon_66,0.116,tight,2,24,mech_b,2022-06-08,2023-05-09
P-1116,bracket,aluminum_6061,0.427,tight,2,27,elec_a,2023-11-25,2024-04-17
P-1120,fastener,steel_304,0.059,standard,2,21,elec_a,2024-05-08,2025-01-03
P-0741,bracket,aluminum_6061,0.431,standard,2,27,mech_a,2022-11-13,2022-12-13
P-0744,bracket,steel_304,0.671,loose,2,27,mech_a,2022-09-23,2023-01-13
P-0914,seal,steel_304,0.044,standard,2,26,mech_a,2025-03-27,2025-08-12
P-0918,bracket,steel_304,1.341,standard,2,29,elec_a,2022-12-20,2023-12-31
P-0919,housing,abs_plastic,3.709,unknown,2,24,mech_b,2024-01-10,2024-06-17
P-0920,shaft,steel_304,2.727,standard,2,37,hw_integration,2022-10-23,2023-07-11
P-0921,bracket,aluminum_6061,1.085,standard,2,30,mech_b,2022-03-28,2023-02-21
P-0924,shaft,copper_c110,1.039,standard,2,31,mech_a,2023-10-03,2023-12-05
P-0925,bracket,aluminum_6061,0.425,standard,2,24,mech_a,2024-12-22,2025-08-31
P-0947,pcb_mount,aluminum_6061,0.347,standard,2,24,hw_integration,2025-05-10,2025-11-13
P-0948,fastener,aluminum_6061,0.062,standard,2,29,mech_a,2023-10-19,2024-04-09
P-0955,seal,aluminum_6061,0.074,standard,2,26,hw_integration,2023-02-03,2023-07-21
P-0958,shaft,titanium_6al4v,2.909,standard,2,21,mech_b,2022-04-24,2022-10-06
P-0898,housing,steel_304,2.16,loose,2,27,mech_a,2024-06-17,2024-10-09
P-0905,seal,steel_304,0.109,standard,2,18,elec_a,2024-03-08,2024-03-16
P-0792,gear,steel_304,1.531,standard,2,26,elec_a,2025-05-04,2026-01-24
P-0964,bracket,aluminum_6061,0.458,unknown,2,28,mech_b,2024-02-23,2024-02-23
P-0967,seal,steel_304,0.107,standard,2,23,mech_a,2022-11-07,2023-04-30
P-0970,housing,aluminum_6061,1.788,standard,2,30,elec_a,2023-06-24,2023-10-15
P-1015,gear,abs_plastic,0.73,loose,2,24,elec_a,2023-02-23,2024-02-16
P-1023,seal,steel_304,0.072,standard,2,27,mech_a,2024-11-24,2025-06-10
P-0782,fastener,nylon_66,0.107,standard,2,22,elec_a,2023-12-06,2024-11-28
P-0783,gear,titanium_6al4v,0.619,standard,2,29,mech_b,2022-11-27,2023-04-19
P-0784,connector,aluminum_6061,0.262,loose,2,21,hw_integration,2022-03-31,2022-11-03
P-0787,pcb_mount,titanium_6al4v,0.165,standard,2,23,mech_a,2023-08-17,2023-11-09
P-2787,connector,copper_c110,0.279,standard,2,25,mech_b,2022-05-29,2022-11-13
P-2788,shaft,nylon_66,1.06,standard,2,20,elec_a,2023-03-30,2024-02-28
P-2793,pcb_mount,aluminum_6061,0.776,standard,2,16,mech_a,2023-03-26,2023-12-12
P-2807,housing,abs_plastic,1.059,loose,2,27,hw_integration,2022-04-20,2023-04-12
P-2809,housing,aluminum_6061,4.654,tight,2,22,mech_a,2025-03-30,2025-06-24
P-2816,shaft,nylon_66,2.341,standard,2,32,elec_a,2023-02-25,2023-12-07
P-2825,seal,steel_304,0.13,tight,2,29,mech_a,2024-12-06,2025-06-05
P-2831,housing,abs_plastic,2.047,loose,2,26,elec_a,2024-12-27,2025-03-21
P-2846,connector,copper_c110,0.133,standard,2,39,mech_b,2025-01-20,2025-05-25
P-2786,connector,nylon_66,0.197,loose,2,25,elec_a,2024-10-01,2025-10-13
P-0070,gear,steel_304,1.047,loose,2,29,mech_b,2024-07-08,2024-10-17
P-0076,housing,copper_c110,1.301,standard,2,39,elec_a,2023-11-20,2024-02-07
P-0078,connector,abs_plastic,0.113,standard,2,25,mech_b,2022-07-27,2022-08-25
P-0096,connector,aluminum_6061,0.551,standard,2,20,mech_b,2023-01-09,2023-06-17
P-2819,gear,steel_304,2.325,standard,2,24,mech_b,2025-01-25,2026-01-09
P-2864,bracket,nylon_66,0.667,standard,2,23,elec_a,2022-05-22,2023-02-25
P-2870,bracket,aluminum_6061,0.583,standard,2,32,mech_b,2024-02-16,2024-04-07
P-2873,bracket,aluminum_6061,0.513,loose,2,17,mech_a,2023-12-28,2024-04-23
P-2875,bracket,aluminum_6061,1.971,loose,2,29,mech_a,2024-12-16,2025-04-19
P-2879,shaft,abs_plastic,1.289,loose,2,23,hw_integration,2023-06-21,2024-04-07
P-0067,shaft,steel_304,2.238,standard,2,30,mech_a,2022-08-07,2023-06-09
P-0044,housing,steel_304,2.634,tight,2,25,hw_integration,2022-02-19,2022-11-15
P-0024,fastener,abs_plastic,0.082,tight,2,24,elec_a,2023-01-06,2023-04-24
P-0043,pcb_mount,nylon_66,0.298,standard,2,26,mech_b,2025-01-07,2025-11-10
P-0038,shaft,aluminum_6061,1.219,loose,2,18,elec_a,2023-11-07,2024-10-27
P-2983,bracket,nylon_66,0.349,standard,2,20,elec_a,2024-04-30,2025-02-25
P-2986,housing,steel_304,2.52,standard,2,22,hw_integration,2022-11-13,2023-03-31
P-2992,fastener,abs_plastic,0.026,loose,2,26,hw_integration,2023-06-03,2024-06-11
P-2995,shaft,abs_plastic,1.787,standard,2,25,mech_a,2024-09-08,2025-07-22
P-2998,housing,nylon_66,0.912,unknown,2,34,elec_a,2024-06-14,2024-09-16
P-0001,pcb_mount,nylon_66,0.434,standard,2,32,elec_a,2023-01-05,2023-02-25
P-2985,bracket,abs_plastic,0.807,standard,3,32,mech_b,2022-10-02,2022-11-10
P-0026,housing,aluminum_6061,6.45,unknown,3,23,hw_integration,2025-02-06,2025-09-10
P-0029,bracket,abs_plastic,1.586,tight,3,31,mech_a,2023-04-30,2024-03-20
P-0030,connector,unknown,0.336,loose,3,36,hw_integration,2025-02-03,2026-01-31
P-0032,seal,aluminum_6061,0.06,standard,3,30,hw_integration,2024-07-07,2025-06-05
P-0018,bracket,aluminum_6061,0.745,tight,3,21,elec_a,2023-04-21,2023-08-22
P-0021,pcb_mount,steel_304,0.282,tight,3,27,elec_a,2023-08-07,2024-02-19
P-2954,fastener,aluminum_6061,0.106,tight,3,26,mech_b,2025-01-25,2025-04-24
P-2731,bracket,aluminum_6061,0.476,loose,3,33,hw_integration,2023-07-11,2023-12-25
P-2997,connector,abs_plastic,0.227,tight,3,27,hw_integration,2024-09-13,2025-10-07
P-2999,seal,copper_c110,0.086,tight,3,22,elec_a,2024-05-12,2024-11-22
P-2987,bracket,aluminum_6061,0.29,loose,3,31,elec_a,2024-12-11,2025-10-13
P-2993,housing,titanium_6al4v,4.168,loose,3,29,mech_b,2022-05-01,2022-06-26
P-2978,pcb_mount,steel_304,0.182,tight,3,24,hw_integration,2024-02-08,2024-11-29
P-2980,fastener,abs_plastic,0.095,standard,3,24,elec_a,2025-01-01,2026-01-18
P-2984,connector,steel_304,0.144,tight,3,27,mech_b,2023-06-16,2023-12-05
P-1625,gear,aluminum_6061,0.916,standard,3,25,elec_a,2025-01-21,2026-01-02
P-1613,pcb_mount,abs_plastic,0.379,standard,3,23,elec_a,2025-04-07,2025-12-11
P-1616,housing,aluminum_6061,4.906,tight,3,29,mech_a,2023-04-16,2023-09-28
P-1606,housing,steel_304,1.038,tight,3,21,elec_a,2024-07-21,2025-07-16
P-1608,housing,aluminum_6061,1.745,loose,3,25,elec_a,2023-11-07,2024-06-23
P-1609,gear,aluminum_6061,0.576,standard,3,33,mech_b,2024-09-26,2025-04-02
P-0570,shaft,steel_304,3.08,tight,3,29,mech_b,2025-01-07,2026-01-06
P-0577,fastener,nylon_66,0.048,standard,3,30,hw_integration,2024-08-25,2024-09-04
P-1575,bracket,nylon_66,0.757,loose,3,22,elec_a,2024-08-18,2025-06-13
P-1627,gear,nylon_66,0.284,unknown,3,32,elec_a,2023-08-17,2024-05-30
P-1628,housing,steel_304,2.074,tight,3,20,mech_a,2022-05-02,2022-12-27
P-1631,shaft,aluminum_6061,3.585,standard,3,33,mech_b,2023-07-06,2023-10-11
P-1632,fastener,steel_304,0.03,standard,3,31,mech_a,2024-11-11,2025-05-30
P-1619,seal,steel_304,0.149,standard,3,20,mech_b,2024-11-27,2025-04-20
P-1622,shaft,titanium_6al4v,1.719,unknown,3,31,mech_b,2023-11-27,2024-11-02
P-1623,pcb_mount,abs_plastic,0.373,loose,3,27,mech_b,2024-05-03,2024-06-13
P-2977,connector,nylon_66,0.293,loose,3,19,mech_b,2022-06-29,2023-01-27
P-2964,connector,unknown,0.215,unknown,3,27,mech_a,2023-06-02,2023-08-17
P-2851,gear,titanium_6al4v,1.11,standard,3,26,mech_b,2023-10-20,2024-04-20
P-2909,seal,aluminum_6061,0.097,standard,3,28,mech_a,2024-09-04,2024-09-20
P-2910,shaft,aluminum_6061,1.562,loose,3,24,mech_b,2022-01-08,2022-03-03
P-2911,pcb_mount,titanium_6al4v,0.206,standard,3,23,elec_a,2022-07-21,2022-11-04
P-2901,gear,nylon_66,1.996,loose,3,30,elec_a,2022-07-26,2022-11-18
P-2890,bracket,aluminum_6061,1.194,loose,3,37,elec_a,2022-03-25,2022-06-22
P-0854,fastener,steel_304,0.055,standard,3,26,mech_a,2024-12-05,2025-03-20
P-0844,gear,abs_plastic,1.318,standard,3,24,mech_a,2024-08-14,2024-09-15
P-2940,bracket,nylon_66,0.901,tight,3,30,mech_b,2023-07-29,2024-01-01
P-2941,seal,abs_plastic,0.238,loose,3,23,hw_integration,2023-10-04,2024-02-26
P-2932,housing,aluminum_6061,1.269,loose,3,30,hw_integration,2023-02-17,2023-09-25
P-2927,connector,nylon_66,0.183,standard,3,21,elec_a,2022-03-21,2022-09-28
P-2921,seal,steel_304,0.046,standard,3,24,hw_integration,2023-03-16,2023-11-07
P-2973,bracket,steel_304,0.378,tight,3,27,mech_a,2023-04-12,2024-02-18
P-0011,gear,aluminum_6061,0.889,standard,3,23,hw_integration,2024-12-22,2026-01-17
P-0013,connector,nylon_66,0.299,unknown,3,21,hw_integration,2023-09-19,2024-01-02
P-0003,fastener,aluminum_6061,0.077,standard,3,31,mech_a,2024-12-07,2025-10-30
P-0006,seal,nylon_66,0.106,standard,3,32,mech_b,2024-11-29,2025-06-04
P-0860,shaft,aluminum_6061,0.916,loose,3,35,hw_integration,2024-10-06,2025-03-10
P-0865,bracket,titanium_6al4v,1.259,standard,3,34,hw_integration,2024-07-04,2025-03-16
P-0850,seal,aluminum_6061,0.139,tight,3,33,elec_a,2024-12-29,2025-02-15
P-0852,housing,aluminum_6061,2.199,standard,3,26,hw_integration,2023-05-12,2024-01-09
P-2956,housing,abs_plastic,4.44,standard,3,24,mech_b,2022-09-26,2023-09-24
P-0040,connector,abs_plastic,0.078,standard,3,27,hw_integration,2023-04-01,2023-08-04
P-0049,connector,copper_c110,0.169,loose,3,23,hw_integration,2024-01-13,2024-10-14
P-2499,pcb_mount,aluminum_6061,0.377,standard,3,30,elec_a,2024-12-30,2025-06-06
P-1112,gear,nylon_66,1.11,standard,3,27,mech_a,2025-05-15,2025-06-30
P-1236,bracket,aluminum_6061,0.732,standard,3,28,mech_a,2024-12-03,2025-12-30
P-0045,fastener,nylon_66,0.029,standard,3,26,elec_a,2023-10-18,2024-02-23
P-0010,gear,nylon_66,1.174,tight,3,27,mech_a,2022-04-23,2022-06-06
P-0917,bracket,steel_304,1.304,standard,3,24,hw_integration,2023-06-04,2024-06-16
P-0908,bracket,copper_c110,0.618,tight,3,32,elec_a,2024-03-09,2025-03-18
P-0913,fastener,copper_c110,0.041,standard,3,20,elec_a,2025-06-02,2026-05-28
P-2779,housing,abs_plastic,1.975,tight,3,26,hw_integration,2024-08-11,2025-04-26
P-2780,bracket,aluminum_6061,0.599,loose,3,20,mech_a,2022-06-06,2022-10-24
P-2784,gear,copper_c110,0.579,loose,3,23,hw_integration,2022-01-22,2022-12-08
P-2771,bracket,nylon_66,0.536,loose,3,30,mech_a,2024-07-15,2025-04-22
P-0805,bracket,aluminum_6061,0.77,tight,3,17,mech_b,2022-12-06,2023-05-09
P-0806,bracket,aluminum_6061,0.988,standard,3,21,elec_a,2022-10-15,2023-07-27
P-0922,fastener,copper_c110,0.073,standard,3,26,hw_integration,2025-02-12,2025-12-06
P-0923,connector,steel_304,0.06,standard,3,26,mech_b,2025-01-10,2025-09-07
P-0926,housing,abs_plastic,4.718,loose,3,26,mech_b,2025-05-05,2025-07-12
P-0928,fastener,nylon_66,0.037,tight,3,25,mech_a,2024-11-22,2025-07-09
P-0929,connector,aluminum_6061,0.151,standard,3,25,mech_b,2022-02-25,2022-03-07
P-0916,seal,steel_304,0.132,tight,3,33,mech_a,2022-05-03,2023-01-25
P-2795,fastener,nylon_66,0.043,standard,3,26,mech_b,2022-04-02,2022-04-13
P-2796,shaft,abs_plastic,1.929,standard,3,27,mech_b,2023-01-17,2023-09-14
P-0833,gear,steel_304,1.281,loose,3,26,hw_integration,2022-07-09,2022-10-30
P-0824,connector,aluminum_6061,0.303,loose,3,21,mech_b,2024-10-15,2024-12-22
P-0811,bracket,abs_plastic,0.46,loose,3,19,mech_b,2022-01-31,2022-10-17
P-0812,bracket,aluminum_6061,0.761,loose,3,25,elec_a,2024-01-15,2024-10-29
P-0814,connector,aluminum_6061,0.219,loose,3,33,mech_b,2022-07-07,2022-07-08
P-0803,fastener,steel_304,0.067,standard,3,31,elec_a,2023-01-21,2023-12-17
P-2818,connector,aluminum_6061,0.194,standard,3,31,elec_a,2023-12-26,2024-01-15
P-0090,shaft,copper_c110,1.57,standard,3,28,mech_b,2022-08-28,2022-12-11
P-0108,housing,abs_plastic,0.799,loose,3,32,hw_integration,2022-04-10,2023-05-09
P-0112,housing,aluminum_6061,1.329,standard,3,19,hw_integration,2022-12-26,2023-01-15
P-0103,housing,titanium_6al4v,3.733,unknown,3,26,mech_b,2023-02-15,2023-08-27
P-2817,housing,steel_304,1.706,tight,3,21,hw_integration,2022-01-16,2022-10-05
P-2805,bracket,steel_304,0.686,standard,3,25,elec_a,2023-12-28,2025-01-05
P-2806,housing,abs_plastic,2.392,standard,3,27,elec_a,2023-11-25,2023-11-29
P-2722,pcb_mount,aluminum_6061,0.097,standard,3,28,hw_integration,2024-12-05,2025-01-30
P-2725,bracket,nylon_66,0.613,standard,3,25,hw_integration,2023-09-11,2023-11-22
P-0153,bracket,steel_304,0.756,standard,3,25,mech_b,2023-02-16,2023-04-16
P-0143,seal,titanium_6al4v,0.05,loose,3,23,mech_a,2023-06-19,2023-11-07
P-0145,shaft,nylon_66,3.286,standard,3,30,elec_a,2024-05-06,2024-06-16
P-2714,bracket,abs_plastic,0.372,standard,3,19,mech_b,2023-06-13,2024-02-25
P-2706,shaft,steel_304,1.896,standard,3,23,elec_a,2022-06-21,2022-12-27
P-2707,fastener,copper_c110,0.032,loose,3,25,hw_integration,2024-08-05,2024-10-24
P-2692,gear,aluminum_6061,1.757,standard,3,24,hw_integration,2022-02-23,2022-11-07
P-2696,bracket,aluminum_6061,0.847,standard,3,25,elec_a,2024-05-31,2024-07-23
P-2747,housing,aluminum_6061,1.861,standard,3,32,mech_a,2022-11-09,2023-06-26
P-2740,shaft,steel_304,1.309,standard,3,22,hw_integration,2024-12-17,2025-10-21
P-2741,bracket,abs_plastic,0.634,loose,3,23,elec_a,2023-01-16,2023-07-20
P-2743,bracket,nylon_66,0.997,loose,3,22,hw_integration,2023-03-19,2023-04-11
P-2735,housing,aluminum_6061,3.01,standard,3,21,mech_b,2023-07-22,2023-10-22
P-2737,housing,abs_plastic,1.47,standard,3,29,mech_a,2024-08-02,2025-06-26
P-0903,bracket,abs_plastic,1.267,standard,3,30,mech_b,2022-02-09,2022-10-06
P-0904,shaft,steel_304,2.914,standard,3,31,mech_b,2022-09-15,2023-09-02
P-0960,shaft,steel_304,1.264,tight,3,24,elec_a,2023-02-02,2024-01-31
P-0950,housing,aluminum_6061,4.842,tight,3,23,mech_b,2023-08-09,2023-09-11
P-0942,fastener,aluminum_6061,0.08,standard,3,30,elec_a,2025-04-25,2025-09-23
P-0945,gear,aluminum_6061,1.816,standard,3,24,mech_a,2022-12-18,2023-10-22
P-2690,shaft,copper_c110,1.347,tight,3,25,mech_b,2025-06-19,2025-07-25
P-2691,seal,steel_304,0.044,standard,3,37,hw_integration,2025-04-24,2025-08-03
P-2772,pcb_mount,copper_c110,0.182,tight,3,21,mech_b,2023-05-19,2023-05-24
P-2764,housing,titanium_6al4v,2.448,standard,3,27,elec_a,2025-02-20,2025-11-22
P-2769,fastener,steel_304,0.042,standard,3,30,mech_b,2024-02-20,2024-08-15
P-2761,connector,aluminum_6061,0.152,standard,3,21,mech_b,2022-12-22,2023-05-19
P-0124,gear,steel_304,3.121,standard,3,30,hw_integration,2024-02-13,2024-05-16
P-0125,bracket,aluminum_6061,0.868,loose,3,20,mech_b,2024-11-11,2025-08-03
P-0127,housing,steel_304,3.209,loose,3,27,mech_a,2023-01-04,2023-03-24
P-0902,housing,nylon_66,1.87,standard,3,32,hw_integration,2024-01-11,2024-08-08
P-2602,connector,aluminum_6061,0.179,loose,3,26,mech_a,2022-06-05,2022-07-22
P-2603,gear,copper_c110,4.086,loose,3,26,mech_a,2024-01-17,2024-04-15
P-2604,pcb_mount,copper_c110,0.287,tight,3,22,elec_a,2024-04-03,2024-09-03
P-2606,bracket,abs_plastic,0.867,standard,3,30,elec_a,2023-01-11,2023-02-21
P-2650,fastener,aluminum_6061,0.017,standard,3,38,mech_a,2022-06-20,2022-09-22
P-2642,pcb_mount,nylon_66,0.39,tight,3,29,hw_integration,2023-07-24,2024-01-31
P-2637,shaft,aluminum_6061,1.615,loose,3,24,mech_b,2022-10-16,2023-10-01
P-2639,fastener,aluminum_6061,0.054,standard,3,34,mech_a,2023-09-12,2024-09-05
P-0980,housing,abs_plastic,4.483,standard,3,29,hw_integration,2024-08-15,2025-02-07
P-0971,housing,titanium_6al4v,2.513,standard,3,27,hw_integration,2025-01-25,2025-03-26
P-0972,bracket,aluminum_6061,0.459,standard,3,33,mech_b,2023-07-19,2023-12-25
P-0975,housing,aluminum_6061,3.51,unknown,3,25,mech_a,2024-10-30,2025-05-30
P-0976,connector,aluminum_6061,0.082,unknown,3,26,elec_a,2022-03-26,2023-02-08
P-0963,bracket,abs_plastic,0.289,unknown,3,22,elec_a,2022-03-29,2022-08-22
P-0968,bracket,aluminum_6061,0.567,loose,3,26,elec_a,2024-08-13,2024-10-24
P-0801,pcb_mount,aluminum_6061,0.325,standard,3,18,mech_a,2023-08-31,2023-12-03
P-2663,gear,steel_304,1.25,tight,3,20,mech_a,2023-11-18,2024-10-10
P-2665,shaft,aluminum_6061,1.475,loose,3,24,elec_a,2024-04-11,2024-06-16
P-0155,bracket,aluminum_6061,2.461,standard,3,33,mech_b,2025-05-10,2025-08-08
P-0159,pcb_mount,copper_c110,0.237,loose,3,31,hw_integration,2023-03-05,2023-09-02
P-0148,shaft,abs_plastic,2.465,standard,3,28,elec_a,2022-01-05,2022-11-10
P-0988,bracket,steel_304,0.532,loose,3,21,elec_a,2023-10-17,2024-08-23
P-0989,gear,titanium_6al4v,1.002,loose,3,29,elec_a,2022-09-16,2023-04-24
P-0991,connector,titanium_6al4v,0.199,loose,3,24,mech_a,2022-02-06,2022-05-12
P-2700,fastener,aluminum_6061,0.028,loose,3,27,hw_integration,2025-06-07,2026-05-19
P-2702,shaft,aluminum_6061,1.057,unknown,3,27,mech_b,2022-02-11,2022-09-01
P-2629,housing,aluminum_6061,3.966,standard,3,32,mech_a,2023-01-02,2023-09-25
P-2682,fastener,steel_304,0.031,standard,3,26,hw_integration,2023-09-21,2024-06-03
P-2686,pcb_mount,aluminum_6061,0.483,loose,3,29,mech_a,2022-01-24,2022-02-02
P-2677,shaft,aluminum_6061,7.483,standard,3,21,mech_a,2024-06-26,2025-01-21
P-2658,shaft,nylon_66,1.994,standard,3,31,mech_b,2024-09-21,2025-10-25
P-2659,bracket,aluminum_6061,1.252,standard,3,20,mech_a,2023-05-07,2023-06-18
P-1020,gear,abs_plastic,1.842,standard,3,24,mech_a,2024-03-09,2024-03-14
P-1024,shaft,copper_c110,0.663,standard,3,22,mech_b,2023-03-21,2023-05-18
P-1025,connector,nylon_66,0.091,loose,3,33,mech_a,2025-06-07,2025-08-09
P-1014,seal,aluminum_6061,0.185,standard,3,22,elec_a,2022-12-18,2023-03-28
P-1016,bracket,steel_304,0.357,tight,3,26,mech_a,2023-05-21,2024-01-25
P-0218,bracket,aluminum_6061,1.187,standard,3,21,hw_integration,2024-08-15,2024-09-04
P-0222,shaft,nylon_66,0.95,loose,3,22,hw_integration,2024-03-19,2024-10-06
P-0223,connector,nylon_66,0.19,standard,3,28,mech_a,2023-11-10,2024-06-19
P-0793,housing,unknown,2.093,standard,3,21,mech_b,2024-05-27,2025-01-10
P-0780,fastener,titanium_6al4v,0.046,standard,3,30,mech_a,2024-11-22,2025-06-19
P-0785,seal,steel_304,0.032,standard,3,28,mech_b,2024-06-08,2024-10-01
P-0771,housing,titanium_6al4v,3.738,standard,3,33,elec_a,2022-07-19,2023-08-20
P-0772,shaft,titanium_6al4v,1.142,standard,3,23,elec_a,2022-04-15,2023-04-29
P-0773,connector,abs_plastic,0.119,standard,3,32,hw_integration,2025-04-30,2025-10-08
P-0774,fastener,nylon_66,0.023,tight,3,23,hw_integration,2024-11-12,2025-02-13
P-1019,bracket,aluminum_6061,1.199,loose,3,23,mech_a,2023-11-11,2024-07-04
P-0176,bracket,unknown,0.636,tight,3,20,hw_integration,2022-11-24,2023-03-18
P-0168,pcb_mount,aluminum_6061,0.141,standard,3,37,mech_a,2025-05-19,2026-06-10
P-0169,housing,unknown,1.698,standard,3,25,hw_integration,2024-11-02,2025-08-18
P-2611,fastener,aluminum_6061,0.015,loose,3,32,mech_b,2024-04-16,2024-05-11
P-2612,pcb_mount,abs_plastic,0.37,standard,3,30,elec_a,2022-07-20,2023-04-06
P-0788,housing,aluminum_6061,1.802,standard,3,23,mech_a,2022-09-08,2022-11-29
P-0790,connector,abs_plastic,0.126,tight,3,32,elec_a,2023-07-25,2024-08-07
P-0791,housing,aluminum_6061,1.439,standard,3,26,mech_a,2022-08-26,2022-12-12
P-2627,shaft,nylon_66,1.844,unknown,3,26,elec_a,2023-07-14,2023-11-10
P-2569,connector,aluminum_6061,0.146,standard,3,35,elec_a,2024-12-22,2025-12-28
P-0189,pcb_mount,aluminum_6061,0.344,standard,3,26,mech_a,2022-01-23,2022-05-22
P-0190,housing,aluminum_6061,2.629,standard,3,27,mech_a,2023-07-11,2024-07-28
P-0191,seal,aluminum_6061,0.093,tight,3,29,hw_integration,2024-08-22,2024-09-20
P-0181,fastener,titanium_6al4v,0.04,loose,3,31,hw_integration,2022-12-18,2023-11-24
P-0183,shaft,steel_304,1.339,tight,3,27,mech_a,2024-02-23,2024-12-10
P-0173,housing,abs_plastic,1.386,standard,3,21,elec_a,2024-10-12,2025-03-24
P-2552,shaft,aluminum_6061,2.555,standard,3,26,mech_a,2024-06-11,2025-04-02
P-2538,gear,abs_plastic,1.682,tight,3,27,hw_integration,2024-07-03,2025-05-25
P-2540,shaft,unknown,1.295,loose,3,27,mech_a,2025-03-06,2025-06-10
P-2545,shaft,abs_plastic,1.248,standard,3,29,hw_integration,2024-12-05,2025-11-11
P-2532,connector,nylon_66,0.149,loose,3,21,mech_b,2023-12-20,2024-07-12
P-2534,bracket,steel_304,0.493,tight,3,26,mech_b,2025-01-10,2025-02-05
P-0247,connector,steel_304,0.281,tight,3,34,hw_integration,2022-03-20,2023-02-02
P-0248,gear,nylon_66,0.809,tight,3,23,mech_b,2024-10-02,2025-08-05
P-1046,housing,aluminum_6061,1.566,tight,3,24,mech_a,2022-02-06,2022-05-24
P-1048,pcb_mount,aluminum_6061,0.384,standard,3,22,elec_a,2022-09-08,2023-08-09
P-1037,gear,steel_304,1.264,loose,3,28,mech_b,2023-11-19,2023-11-19
P-2504,fastener,abs_plastic,0.059,standard,3,30,hw_integration,2022-10-20,2023-08-21
P-2561,connector,copper_c110,0.477,standard,3,23,elec_a,2024-06-29,2025-06-12
P-2548,bracket,abs_plastic,0.986,standard,3,17,mech_b,2023-10-17,2024-07-23
P-2551,shaft,aluminum_6061,1.622,standard,3,30,mech_b,2022-01-11,2023-02-01
P-2563,pcb_mount,aluminum_6061,0.229,tight,3,27,mech_a,2023-03-11,2023-07-13
P-1005,connector,steel_304,0.229,tight,3,37,elec_a,2022-04-19,2022-05-14
P-0999,seal,steel_304,0.205,tight,3,22,mech_b,2022-08-16,2023-05-16
P-1001,bracket,abs_plastic,0.538,standard,3,29,mech_b,2024-05-19,2025-04-04
P-1052,bracket,abs_plastic,0.814,loose,3,24,elec_a,2023-03-13,2023-02-11
P-1053,housing,steel_304,2.935,standard,3,24,mech_a,2024-11-10,2025-07-12
P-1055,housing,nylon_66,1.763,loose,3,28,mech_a,2024-07-21,2025-07-04
P-1045,bracket,steel_304,0.417,tight,3,29,hw_integration,2025-06-12,2026-03-01
P-0211,connector,steel_304,0.079,unknown,3,31,hw_integration,2023-07-18,2024-01-28
P-0216,pcb_mount,nylon_66,0.278,loose,3,31,mech_b,2023-03-08,2023-06-02
P-0202,seal,copper_c110,0.085,unknown,3,31,mech_b,2024-11-25,2024-10-26
P-0206,housing,steel_304,1.151,standard,3,20,mech_b,2023-06-22,2023-07-15
P-2589,gear,steel_304,1.937,standard,3,26,hw_integration,2023-07-29,2023-09-06
P-2593,connector,abs_plastic,0.397,tight,3,24,mech_b,2025-02-25,2025-09-23
P-2580,seal,nylon_66,0.128,loose,3,29,mech_a,2024-07-05,2025-03-10
P-2581,bracket,abs_plastic,0.592,standard,3,26,mech_a,2022-06-17,2023-06-17
P-2496,shaft,aluminum_6061,2.402,standard,3,32,mech_b,2024-02-23,2024-04-30
P-2485,pcb_mount,copper_c110,0.125,standard,3,19,mech_a,2024-01-14,2024-11-16
P-2475,gear,abs_plastic,2.22,loose,3,23,mech_a,2024-06-27,2025-01-23
P-2476,bracket,aluminum_6061,0.808,loose,3,25,mech_a,2022-04-13,2023-03-25
P-2468,connector,aluminum_6061,0.185,standard,3,24,mech_b,2022-04-22,2023-02-02
P-2470,housing,aluminum_6061,2.29,standard,3,30,hw_integration,2025-06-22,2026-01-15
P-2472,fastener,aluminum_6061,0.082,tight,3,24,mech_a,2022-02-18,2022-10-13
P-0252,fastener,abs_plastic,0.022,loose,3,33,hw_integration,2024-12-07,2024-12-14
P-1068,connector,abs_plastic,0.067,tight,3,28,mech_b,2022-10-04,2023-07-21
P-1060,pcb_mount,nylon_66,0.321,standard,3,37,mech_b,2023-09-21,2023-09-28
P-1064,connector,abs_plastic,0.171,loose,3,25,elec_a,2023-12-22,2024-10-16
P-0762,bracket,steel_304,0.802,standard,3,35,mech_b,2022-12-20,2023-03-15
P-0765,fastener,aluminum_6061,0.059,standard,3,17,hw_integration,2023-10-09,2024-08-29
P-2435,connector,nylon_66,0.317,standard,3,30,elec_a,2022-11-08,2023-01-05
P-2492,gear,abs_plastic,0.842,tight,3,21,hw_integration,2022-11-06,2022-12-17
P-2494,seal,steel_304,0.102,tight,3,26,mech_a,2024-06-02,2024-09-18
P-2517,bracket,aluminum_6061,0.526,tight,3,24,mech_b,2022-09-03,2022-11-27
P-1026,housing,titanium_6al4v,2.579,standard,3,29,mech_b,2023-09-29,2024-07-02
P-1027,seal,abs_plastic,0.07,standard,3,30,mech_a,2023-04-25,2024-03-24
P-1029,pcb_mount,steel_304,0.308,standard,3,30,mech_b,2023-05-15,2023-07-16
P-1082,fastener,aluminum_6061,0.042,tight,3,21,hw_integration,2022-01-25,2022-07-18
P-1086,pcb_mount,copper_c110,0.095,standard,3,28,mech_b,2024-05-11,2025-03-18
P-1087,pcb_mount,steel_304,0.446,standard,3,21,mech_b,2024-05-23,2024-11-14
P-1066,seal,nylon_66,0.116,tight,3,35,hw_integration,2024-04-30,2025-02-18
P-0249,gear,copper_c110,1.215,standard,3,30,mech_a,2022-01-09,2022-04-22
P-0235,seal,aluminum_6061,0.073,standard,3,27,mech_a,2023-08-24,2024-02-13
P-0239,bracket,steel_304,0.539,tight,3,27,hw_integration,2022-12-21,2023-12-11
P-0226,seal,nylon_66,0.129,loose,3,23,mech_b,2023-04-29,2023-08-06
P-0228,shaft,aluminum_6061,1.51,standard,3,32,mech_b,2023-09-02,2024-07-26
P-0231,bracket,steel_304,1.026,tight,3,27,mech_b,2023-01-23,2023-01-29
P-0232,gear,aluminum_6061,1.929,standard,3,31,hw_integration,2022-03-12,2023-04-14
P-2527,fastener,steel_304,0.054,tight,3,27,mech_a,2023-06-05,2023-06-22
P-1110,housing,steel_304,2.149,loose,3,26,mech_a,2023-09-01,2024-02-22
P-2375,gear,abs_plastic,1.536,standard,3,25,hw_integration,2023-02-08,2023-09-14
P-2376,bracket,abs_plastic,1.35,standard,3,30,mech_b,2024-07-24,2024-11-25
P-2377,fastener,aluminum_6061,0.042,standard,3,26,mech_b,2025-04-26,2026-01-18
P-2429,connector,copper_c110,0.126,tight,3,34,mech_a,2022-06-06,2023-05-14
P-2430,pcb_mount,abs_plastic,0.468,standard,3,17,elec_a,2024-07-14,2025-05-25
P-2433,connector,abs_plastic,0.26,tight,3,23,mech_a,2024-08-20,2024-09-13
P-2421,bracket,steel_304,0.693,loose,3,30,hw_integration,2023-07-22,2024-08-06
P-0738,housing,abs_plastic,1.866,standard,3,20,hw_integration,2024-10-13,2025-08-20
P-0743,fastener,copper_c110,0.041,loose,3,30,hw_integration,2025-05-11,2026-01-01
P-1118,pcb_mount,copper_c110,0.279,standard,3,32,elec_a,2022-04-14,2022-06-26
P-1119,housing,unknown,1.194,loose,3,25,mech_b,2024-05-17,2024-10-28
P-1121,connector,titanium_6al4v,0.168,standard,3,32,elec_a,2024-01-04,2024-01-11
P-1107,bracket,abs_plastic,0.653,standard,3,27,mech_a,2022-02-15,2022-05-02
P-1108,gear,abs_plastic,0.859,standard,3,20,mech_a,2022-09-09,2022-10-26
P-2434,housing,steel_304,4.054,unknown,3,22,elec_a,2023-09-13,2024-01-01
P-0767,housing,steel_304,2.823,tight,3,27,mech_b,2023-09-03,2024-02-24
P-0755,connector,steel_304,0.081,standard,3,26,mech_a,2023-07-25,2024-04-09
P-0760,shaft,aluminum_6061,1.497,loose,3,23,mech_a,2024-02-18,2024-07-16
P-0761,pcb_mount,titanium_6al4v,0.536,loose,3,20,hw_integration,2024-04-12,2024-06-23
P-0746,shaft,abs_plastic,1.729,loose,3,30,elec_a,2023-07-22,2024-03-14
P-0751,housing,aluminum_6061,2.272,loose,3,28,hw_integration,2023-02-25,2023-03-17
P-0753,housing,steel_304,4.301,standard,3,25,elec_a,2023-05-15,2023-12-17
P-0242,pcb_mount,abs_plastic,0.316,loose,3,31,elec_a,2025-02-13,2025-11-22
P-0243,housing,copper_c110,3.967,loose,3,28,mech_a,2022-07-24,2022-09-13
P-0246,fastener,abs_plastic,0.057,loose,3,26,hw_integration,2024-06-12,2025-06-09
P-0259,bracket,abs_plastic,0.65,standard,3,34,mech_a,2022-01-16,2023-01-03
P-2463,bracket,aluminum_6061,0.931,standard,3,31,hw_integration,2023-02-27,2023-07-18
P-2451,connector,aluminum_6061,0.242,tight,3,22,mech_b,2024-09-12,2025-05-31
P-2456,shaft,steel_304,1.649,loose,3,28,mech_a,2024-02-06,2024-04-05
P-2445,shaft,titanium_6al4v,3.62,tight,3,33,elec_a,2024-09-27,2025-10-08
P-2400,shaft,aluminum_6061,2.256,standard,3,28,hw_integration,2023-01-14,2024-02-03
P-2401,connector,abs_plastic,0.131,standard,3,33,hw_integration,2022-06-06,2022-11-09
P-2386,pcb_mount,nylon_66,0.394,standard,3,30,mech_b,2022-05-21,2023-03-31
P-2387,seal,aluminum_6061,0.106,tight,3,35,mech_a,2024-11-07,2025-07-14
P-2391,connector,abs_plastic,0.105,standard,3,24,mech_b,2024-02-28,2024-08-12
P-2378,connector,abs_plastic,0.138,tight,3,28,mech_a,2023-08-23,2024-06-04
P-2385,bracket,aluminum_6061,1.593,loose,3,27,elec_a,2023-10-02,2024-09-03
P-2371,shaft,aluminum_6061,1.644,standard,3,26,elec_a,2024-11-16,2025-02-26
P-1126,shaft,aluminum_6061,1.538,tight,3,28,mech_a,2023-09-23,2024-09-14
P-2348,fastener,nylon_66,0.036,unknown,3,23,mech_a,2023-07-08,2024-05-03
P-2349,bracket,abs_plastic,0.379,loose,3,32,mech_a,2025-01-14,2025-06-06
P-2340,bracket,aluminum_6061,1.297,standard,3,31,mech_a,2022-12-06,2023-07-11
P-2341,bracket,steel_304,0.5,loose,3,25,mech_b,2024-12-14,2025-01-13
P-2395,connector,steel_304,0.066,loose,3,27,mech_b,2025-02-15,2025-06-15
P-2396,seal,steel_304,0.121,standard,3,29,elec_a,2024-02-20,2024-08-17
P-1093,housing,nylon_66,1.678,tight,3,27,mech_b,2023-04-25,2024-03-25
P-1095,connector,aluminum_6061,0.181,standard,3,28,hw_integration,2023-05-22,2023-08-04
P-1149,shaft,steel_304,0.985,standard,3,29,elec_a,2025-04-18,2026-02-26
P-1152,fastener,steel_304,0.072,standard,3,28,elec_a,2022-06-17,2022-08-24
P-1140,connector,nylon_66,0.216,loose,3,26,elec_a,2022-07-24,2023-03-02
P-1145,gear,steel_304,2.794,tight,3,22,mech_b,2022-04-23,2022-05-31
P-1132,shaft,abs_plastic,1.04,standard,3,31,elec_a,2024-11-29,2025-06-19
P-1133,bracket,steel_304,0.787,loose,3,24,mech_b,2023-12-20,2024-03-15
P-2422,housing,steel_304,1.853,tight,3,32,mech_a,2024-10-16,2025-10-22
P-2402,pcb_mount,aluminum_6061,1.379,loose,3,24,elec_a,2025-02-17,2025-06-27
P-2404,fastener,aluminum_6061,0.17,tight,3,23,hw_integration,2024-09-05,2024-11-04
P-2405,pcb_mount,abs_plastic,0.244,tight,3,29,mech_a,2025-05-14,2025-10-17
P-0282,housing,aluminum_6061,2.593,loose,3,27,mech_b,2025-03-04,2025-12-03
P-0287,bracket,abs_plastic,0.871,standard,3,29,mech_a,2022-07-14,2023-05-27
P-0288,gear,steel_304,0.497,unknown,3,26,elec_a,2024-06-19,2025-03-04
P-1092,connector,nylon_66,0.094,standard,3,21,mech_b,2024-08-04,2025-05-25
P-1213,shaft,steel_304,3.785,standard,3,31,mech_b,2024-06-18,2025-06-02
P-2278,housing,abs_plastic,2.775,standard,3,34,mech_b,2023-05-14,2023-05-24
P-2336,connector,nylon_66,0.133,standard,3,23,hw_integration,2023-11-13,2024-03-27
P-2337,fastener,abs_plastic,0.086,tight,3,26,hw_integration,2024-08-13,2025-04-03
P-2327,housing,abs_plastic,2.359,standard,3,24,elec_a,2023-03-01,2024-03-20
P-2329,shaft,steel_304,3.41,tight,3,28,mech_a,2025-03-26,2025-03-26
P-2316,housing,steel_304,4.23,standard,3,23,hw_integration,2022-10-05,2023-05-16
P-2317,bracket,aluminum_6061,2.234,unknown,3,35,mech_b,2023-10-27,2024-04-15
P-1180,housing,copper_c110,4.108,standard,3,25,mech_a,2024-06-02,2024-11-06
P-1184,bracket,steel_304,1.0,standard,3,27,mech_a,2022-11-15,2023-11-24
P-1173,housing,titanium_6al4v,4.697,standard,3,24,mech_a,2025-03-21,2025-04-01
P-1174,pcb_mount,aluminum_6061,0.17,standard,3,41,mech_b,2023-03-07,2023-04-02
P-1177,shaft,abs_plastic,2.7,loose,3,37,hw_integration,2023-07-04,2024-02-01
P-1158,bracket,aluminum_6061,1.049,tight,3,34,mech_a,2022-03-07,2022-08-15
P-1161,bracket,steel_304,1.635,standard,3,31,mech_a,2023-02-26,2023-11-16
P-1211,pcb_mount,abs_plastic,0.544,standard,3,24,elec_a,2024-02-24,2024-03-29
P-0293,seal,abs_plastic,0.13,tight,3,34,mech_b,2024-05-05,2025-06-06
P-0297,seal,nylon_66,0.108,tight,3,26,mech_a,2024-01-20,2024-05-18
P-2366,connector,titanium_6al4v,0.239,tight,3,26,mech_a,2023-08-08,2023-09-16
P-2368,gear,nylon_66,0.71,standard,3,31,mech_a,2023-09-22,2024-04-30
P-2356,pcb_mount,copper_c110,0.145,standard,3,29,elec_a,2023-07-08,2024-04-27
P-1128,connector,steel_304,0.147,standard,3,18,elec_a,2024-05-02,2025-04-19
P-1178,gear,titanium_6al4v,2.126,tight,3,27,hw_integration,2022-01-06,2023-01-22
P-1179,housing,abs_plastic,1.91,tight,3,25,hw_integration,2025-05-09,2025-11-19
P-0314,gear,abs_plastic,0.496,unknown,3,36,mech_b,2024-08-07,2025-07-01
P-0315,gear,aluminum_6061,0.865,standard,3,21,mech_a,2024-01-09,2025-01-22
P-0316,housing,aluminum_6061,6.227,standard,3,23,mech_a,2024-09-08,2025-08-04
P-0317,gear,nylon_66,1.644,standard,3,21,mech_b,2025-06-13,2026-05-01
P-0313,housing,steel_304,2.984,tight,3,23,elec_a,2022-04-15,2022-12-26
P-0300,connector,aluminum_6061,0.183,tight,3,30,mech_a,2023-09-12,2024-01-28
P-0301,pcb_mount,titanium_6al4v,0.476,loose,3,32,mech_a,2024-06-06,2025-06-17
P-0290,bracket,steel_304,0.531,tight,3,28,mech_a,2023-12-27,2024-03-25
P-0732,bracket,copper_c110,0.688,standard,3,26,mech_b,2024-10-06,2025-01-23
P-0733,bracket,abs_plastic,0.604,tight,3,28,mech_b,2024-07-27,2025-03-19
P-0726,bracket,nylon_66,1.132,standard,3,27,elec_a,2023-08-23,2024-04-06
P-0727,housing,titanium_6al4v,3.666,loose,3,26,elec_a,2023-05-12,2023-09-16
P-2258,pcb_mount,steel_304,0.45,loose,3,26,mech_a,2025-02-12,2025-11-09
P-2261,connector,abs_plastic,0.107,standard,3,20,hw_integration,2022-08-20,2022-12-11
P-2251,shaft,steel_304,2.006,standard,3,40,mech_a,2022-01-21,2022-03-03
P-2253,gear,aluminum_6061,0.967,standard,3,24,mech_b,2022-01-10,2022-11-01
P-1195,fastener,aluminum_6061,0.054,standard,3,30,hw_integration,2022-07-18,2022-11-16
P-1187,gear,aluminum_6061,0.529,loose,3,30,mech_b,2023-04-07,2024-04-22
P-1188,seal,aluminum_6061,0.08,standard,3,45,elec_a,2024-08-19,2025-03-31
P-1190,connector,steel_304,0.212,standard,3,24,mech_b,2024-09-09,2025-08-15
P-1191,gear,aluminum_6061,1.378,standard,3,26,mech_a,2024-08-24,2025-02-19
P-1192,gear,unknown,0.399,unknown,3,18,mech_b,2022-02-25,2022-10-28
P-1193,fastener,abs_plastic,0.091,standard,3,26,mech_a,2024-01-15,2024-08-20
P-0731,housing,titanium_6al4v,8.414,tight,3,22,mech_a,2023-06-19,2024-02-16
P-2300,pcb_mount,aluminum_6061,0.576,standard,3,19,elec_a,2023-07-22,2024-05-14
P-2301,seal,abs_plastic,0.07,unknown,3,23,mech_a,2024-08-27,2024-12-22
P-2294,housing,abs_plastic,5.156,loose,3,25,mech_a,2023-07-12,2024-08-09
P-2295,housing,nylon_66,2.296,standard,3,24,mech_a,2023-06-20,2023-08-26
P-2297,pcb_mount,titanium_6al4v,0.2,standard,3,26,mech_b,2024-03-14,2024-07-09
P-2284,pcb_mount,steel_304,0.47,standard,3,25,hw_integration,2024-09-01,2025-01-28
P-2289,housing,steel_304,3.604,standard,3,20,elec_a,2024-05-12,2025-05-23
P-1204,pcb_mount,abs_plastic,0.124,tight,3,25,mech_a,2022-11-29,2023-09-27
P-2321,bracket,aluminum_6061,0.637,loose,3,32,mech_a,2022-09-04,2023-05-10
P-2306,housing,abs_plastic,3.511,loose,3,26,mech_a,2024-07-11,2024-10-13
P-2313,gear,steel_304,2.269,loose,3,25,mech_b,2024-05-03,2024-10-04
P-0344,connector,aluminum_6061,0.109,standard,3,25,elec_a,2022-04-07,2022-07-16
P-0331,pcb_mount,titanium_6al4v,0.448,unknown,3,28,mech_a,2022-01-10,2022-12-29
P-0333,connector,aluminum_6061,0.251,standard,3,25,hw_integration,2022-02-01,2022-11-23
P-0323,housing,abs_plastic,1.953,tight,3,23,hw_integration,2023-01-30,2023-12-11
P-0329,connector,steel_304,0.129,standard,3,22,mech_b,2024-07-17,2025-08-10
P-1247,connector,copper_c110,0.032,tight,3,37,hw_integration,2024-06-23,2025-01-11
P-1248,housing,aluminum_6061,1.544,loose,3,36,elec_a,2025-01-12,2025-11-22
P-1249,fastener,aluminum_6061,0.04,standard,3,31,elec_a,2023-08-12,2024-05-26
P-1239,bracket,steel_304,0.593,standard,3,28,hw_integration,2023-05-14,2024-04-04
P-1241,fastener,nylon_66,0.094,standard,3,25,mech_a,2023-09-06,2024-07-25
P-1227,shaft,abs_plastic,0.868,loose,3,32,mech_b,2022-12-30,2023-06-11
P-1229,seal,abs_plastic,0.08,loose,3,32,mech_b,2022-04-17,2022-06-17
P-1230,bracket,aluminum_6061,1.358,tight,3,26,mech_a,2022-03-05,2022-04-18
P-2271,connector,titanium_6al4v,0.229,standard,3,25,mech_b,2025-06-11,2026-05-20
P-2272,connector,copper_c110,0.304,loose,3,26,mech_a,2022-05-28,2022-10-13
P-2273,pcb_mount,nylon_66,0.787,tight,3,27,mech_b,2023-10-15,2024-10-11
P-0715,pcb_mount,copper_c110,0.156,standard,3,29,mech_a,2024-10-06,2024-11-18
P-0719,connector,titanium_6al4v,0.106,standard,3,20,hw_integration,2022-08-31,2023-03-08
P-0706,shaft,aluminum_6061,1.291,standard,3,31,mech_b,2024-06-04,2024-12-15
P-0708,pcb_mount,abs_plastic,0.484,standard,3,25,elec_a,2022-06-21,2023-04-12
P-0709,gear,steel_304,0.71,standard,3,26,mech_a,2022-08-01,2022-12-26
P-2238,housing,aluminum_6061,3.831,standard,3,20,mech_b,2023-09-08,2024-08-22
P-2226,housing,steel_304,1.803,loose,3,19,mech_b,2024-10-31,2025-07-28
P-2227,pcb_mount,unknown,0.476,standard,3,20,mech_b,2023-10-12,2024-10-17
P-2228,bracket,aluminum_6061,1.876,loose,3,28,hw_integration,2025-05-03,2025-06-13
P-2229,bracket,aluminum_6061,1.001,unknown,3,34,mech_b,2023-02-27,2023-12-01
P-2219,seal,aluminum_6061,0.059,standard,3,21,mech_b,2022-02-20,2022-11-28
P-2211,seal,steel_304,0.07,standard,3,23,mech_a,2023-03-31,2023-09-03
P-2269,pcb_mount,copper_c110,0.22,standard,3,27,mech_b,2023-01-07,2023-12-29
P-2243,gear,steel_304,0.824,tight,3,22,elec_a,2022-01-11,2022-10-01
P-2247,housing,steel_304,3.204,loose,3,41,mech_a,2023-01-12,2023-01-17
P-2248,connector,aluminum_6061,0.172,loose,3,26,mech_a,2025-01-30,2025-07-13
P-2249,gear,aluminum_6061,1.189,standard,3,25,mech_b,2024-11-10,2025-07-30
P-0340,seal,steel_304,0.137,standard,3,28,mech_b,2023-11-14,2024-04-14
P-0342,seal,nylon_66,0.13,tight,3,26,mech_a,2023-04-24,2023-06-08
P-2178,fastener,unknown,0.018,standard,3,28,mech_a,2025-03-24,2026-02-11
P-2180,seal,steel_304,0.049,standard,3,25,mech_b,2024-03-15,2025-01-27
P-2173,shaft,nylon_66,6.117,standard,3,30,elec_a,2023-10-03,2024-07-22
P-2174,bracket,aluminum_6061,0.338,standard,3,31,elec_a,2025-02-26,2025-10-25
P-2156,fastener,aluminum_6061,0.05,tight,3,24,mech_a,2023-09-02,2024-07-05
P-2161,gear,titanium_6al4v,1.517,standard,3,32,mech_b,2023-07-30,2024-07-08
P-2146,seal,nylon_66,0.057,standard,3,27,mech_b,2022-10-30,2022-11-07
P-2147,bracket,copper_c110,0.547,loose,3,29,mech_b,2023-11-30,2024-06-18
P-2152,bracket,aluminum_6061,0.51,standard,3,27,elec_a,2024-12-01,2025-06-07
P-2153,pcb_mount,steel_304,0.313,standard,3,33,mech_a,2022-02-12,2022-06-29
P-2190,seal,abs_plastic,0.045,tight,3,24,hw_integration,2024-12-03,2025-04-08
P-1278,bracket,copper_c110,1.143,standard,3,26,elec_a,2022-10-12,2022-11-28
P-1280,connector,abs_plastic,0.195,unknown,3,40,mech_b,2022-05-12,2022-08-27
P-1258,pcb_mount,steel_304,0.419,tight,3,28,hw_integration,2023-05-06,2024-03-15
P-1262,gear,copper_c110,0.86,tight,3,19,hw_integration,2022-03-11,2022-08-29
P-0705,housing,aluminum_6061,2.76,standard,3,29,elec_a,2023-01-20,2023-04-12
P-2117,housing,abs_plastic,4.058,standard,3,27,hw_integration,2024-06-18,2024-07-27
P-2170,shaft,steel_304,1.554,standard,3,31,elec_a,2024-12-08,2025-02-05
P-2204,housing,steel_304,1.163,standard,3,22,hw_integration,2024-03-02,2024-05-02
P-2205,housing,aluminum_6061,1.943,standard,3,27,mech_b,2022-12-24,2023-11-22
P-2208,gear,copper_c110,1.667,standard,3,26,hw_integration,2024-04-25,2025-03-25
P-2196,pcb_mount,titanium_6al4v,0.513,standard,3,20,hw_integration,2023-08-26,2023-10-12
P-2198,shaft,steel_304,2.811,loose,3,28,mech_a,2023-06-17,2023-09-29
P-2201,bracket,aluminum_6061,0.917,loose,3,27,mech_b,2023-08-02,2024-01-19
P-2186,bracket,copper_c110,0.281,tight,3,27,mech_a,2023-12-20,2024-06-20
P-2188,connector,steel_304,0.164,standard,3,23,elec_a,2024-12-12,2025-04-27
P-1231,housing,titanium_6al4v,2.85,standard,3,24,mech_a,2024-02-14,2024-05-30
P-1220,bracket,abs_plastic,0.977,loose,3,25,mech_b,2022-09-02,2023-07-21
P-0362,bracket,steel_304,0.278,standard,3,31,mech_b,2022-08-13,2022-11-18
P-0354,shaft,steel_304,3.102,standard,3,27,mech_b,2025-03-14,2025-12-03
P-0357,pcb_mount,abs_plastic,0.211,standard,3,27,elec_a,2024-09-24,2024-11-26
P-0359,shaft,abs_plastic,4.892,standard,3,29,mech_b,2025-06-23,2026-02-28
P-0360,connector,abs_plastic,0.155,standard,3,23,mech_a,2023-10-30,2024-10-09
P-0361,seal,steel_304,0.111,standard,3,18,mech_b,2024-12-21,2026-01-07
P-1291,shaft,aluminum_6061,1.398,standard,3,28,hw_integration,2023-05-20,2024-01-30
P-1293,shaft,aluminum_6061,1.123,tight,3,22,elec_a,2022-04-21,2022-08-09
P-1294,housing,abs_plastic,8.938,loose,3,29,mech_b,2022-02-04,2022-05-05
P-2100,housing,copper_c110,3.831,tight,3,31,elec_a,2023-12-10,2024-02-10
P-2104,seal,abs_plastic,0.125,standard,3,22,mech_a,2022-07-12,2022-12-13
P-2090,shaft,aluminum_6061,1.833,loose,3,24,mech_b,2023-01-17,2023-02-23
P-2094,housing,steel_304,1.703,tight,3,26,elec_a,2023-10-02,2024-07-19
P-2082,housing,abs_plastic,4.916,standard,3,33,mech_a,2024-03-17,2025-04-05
P-0677,fastener,steel_304,0.102,standard,3,22,mech_a,2023-08-06,2024-03-25
P-0680,gear,aluminum_6061,0.826,standard,3,25,mech_b,2022-09-27,2023-03-17
P-1308,connector,steel_304,0.118,standard,3,33,elec_a,2025-01-16,2025-02-18
P-1309,bracket,titanium_6al4v,0.782,loose,3,35,mech_a,2025-02-18,2025-04-07
P-1312,seal,nylon_66,0.062,unknown,3,32,hw_integration,2024-07-19,2024-11-28
P-1298,bracket,abs_plastic,0.497,loose,3,26,mech_a,2024-10-12,2025-03-25
P-1302,shaft,abs_plastic,2.33,standard,3,30,hw_integration,2024-03-07,2024-06-02
P-2143,pcb_mount,steel_304,0.464,loose,3,26,elec_a,2022-09-22,2022-11-14
P-2126,gear,aluminum_6061,0.894,standard,3,30,hw_integration,2025-01-25,2025-04-30
P-2128,housing,aluminum_6061,1.334,standard,3,26,mech_a,2023-10-04,2024-10-06
P-0682,housing,aluminum_6061,1.839,tight,3,27,mech_a,2023-12-11,2024-02-11
P-0685,connector,aluminum_6061,0.064,loose,3,23,elec_a,2025-06-25,2025-10-27
P-0689,pcb_mount,abs_plastic,0.391,unknown,3,24,elec_a,2023-11-08,2023-12-20
P-0674,pcb_mount,steel_304,0.387,standard,3,27,mech_b,2022-11-15,2022-12-19
P-0675,connector,nylon_66,0.16,standard,3,29,hw_integration,2024-10-22,2025-02-15
P-0378,gear,copper_c110,1.24,tight,3,30,hw_integration,2024-06-12,2025-03-21
P-0381,shaft,aluminum_6061,1.343,standard,3,31,elec_a,2023-08-23,2023-10-02
P-0384,shaft,abs_plastic,1.092,standard,3,30,mech_b,2023-07-27,2024-02-11
P-0409,bracket,steel_304,0.317,standard,3,26,mech_a,2023-07-19,2024-04-13
P-0396,gear,copper_c110,1.588,standard,3,36,mech_a,2024-02-27,2024-03-27
P-0399,gear,abs_plastic,0.362,standard,3,27,elec_a,2024-10-25,2025-03-09
P-0389,bracket,steel_304,0.923,tight,3,26,elec_a,2022-06-22,2023-04-24
P-0393,connector,titanium_6al4v,0.094,standard,3,31,mech_b,2023-05-10,2024-04-21
P-1994,bracket,steel_304,0.991,tight,3,26,mech_b,2023-09-25,2024-01-14
P-1995,shaft,abs_plastic,0.729,loose,3,23,elec_a,2022-03-03,2022-07-31
P-1996,pcb_mount,aluminum_6061,0.175,standard,3,27,mech_a,2023-05-13,2024-06-01
P-2001,fastener,aluminum_6061,0.054,standard,3,31,mech_a,2023-03-26,2023-05-06
P-1992,connector,copper_c110,0.137,tight,3,32,mech_b,2024-04-09,2024-08-18
P-1993,housing,abs_plastic,3.627,loose,3,24,mech_a,2025-01-31,2026-01-10
P-2045,seal,aluminum_6061,0.081,tight,3,26,hw_integration,2024-08-07,2024-09-14
P-2046,bracket,titanium_6al4v,1.151,loose,3,27,mech_b,2022-05-29,2022-08-27
P-1319,pcb_mount,copper_c110,0.662,standard,3,26,elec_a,2023-03-10,2023-12-14
P-2025,gear,abs_plastic,3.963,loose,3,14,mech_a,2024-01-11,2024-07-29
P-2076,shaft,aluminum_6061,0.54,standard,3,32,elec_a,2022-07-12,2023-01-08
P-2071,fastener,aluminum_6061,0.032,standard,3,32,elec_a,2023-01-12,2023-05-19
P-2072,gear,steel_304,1.546,standard,3,27,hw_integration,2022-01-19,2022-08-25
P-2058,shaft,steel_304,0.962,standard,3,24,hw_integration,2024-07-07,2025-06-28
P-2061,seal,aluminum_6061,0.037,unknown,3,27,elec_a,2025-03-05,2025-06-30
P-2054,fastener,aluminum_6061,0.076,standard,3,30,hw_integration,2025-04-05,2025-07-01
P-1340,gear,nylon_66,1.08,tight,3,29,hw_integration,2022-08-22,2023-04-08
P-1330,bracket,copper_c110,0.308,standard,3,25,mech_a,2023-08-18,2024-06-27
P-1332,shaft,titanium_6al4v,2.773,unknown,3,24,elec_a,2022-10-24,2023-06-01
P-1336,fastener,aluminum_6061,0.045,tight,3,42,hw_integration,2024-01-28,2025-01-19
P-1323,bracket,abs_plastic,0.698,standard,3,25,mech_b,2024-06-27,2024-08-21
P-1325,housing,aluminum_6061,1.857,standard,3,21,elec_a,2023-12-15,2024-11-07
P-1315,bracket,aluminum_6061,1.405,standard,3,37,mech_b,2022-05-25,2022-12-22
P-1318,bracket,nylon_66,0.824,tight,3,31,hw_integration,2023-11-21,2023-11-25
P-2083,connector,steel_304,0.219,loose,3,35,mech_a,2025-04-14,2025-06-19
P-2084,housing,aluminum_6061,4.415,standard,3,23,mech_b,2024-11-11,2025-02-01
P-2089,pcb_mount,titanium_6al4v,0.482,standard,3,25,mech_a,2022-10-10,2023-05-01
P-0410,seal,aluminum_6061,0.083,loose,3,22,mech_a,2025-04-18,2025-03-19
P-0411,connector,abs_plastic,0.134,loose,3,43,hw_integration,2023-09-14,2024-03-09
P-0412,connector,aluminum_6061,0.114,standard,3,31,hw_integration,2022-04-25,2022-08-13
P-0406,fastener,nylon_66,0.064,standard,3,19,mech_b,2023-03-12,2024-03-24
P-0407,housing,steel_304,2.691,tight,3,28,mech_b,2024-12-07,2025-02-02
P-0423,bracket,abs_plastic,1.355,standard,3,24,hw_integration,2024-08-05,2025-01-26
P-2010,connector,steel_304,0.286,unknown,3,31,mech_b,2024-01-04,2024-06-13
P-2013,bracket,aluminum_6061,2.139,standard,3,36,mech_b,2024-12-05,2025-02-10
P-2014,gear,abs_plastic,0.752,standard,3,30,mech_b,2022-10-07,2023-09-12
P-2016,shaft,aluminum_6061,2.957,loose,3,26,hw_integration,2025-04-07,2025-09-09
P-2017,housing,steel_304,1.734,unknown,3,24,mech_b,2024-07-25,2025-08-20
P-2005,bracket,aluminum_6061,1.185,standard,3,23,elec_a,2022-06-15,2022-12-30
P-2007,shaft,nylon_66,2.992,standard,3,28,mech_b,2024-04-17,2024-07-18
P-0667,pcb_mount,aluminum_6061,0.211,tight,3,25,mech_a,2024-06-05,2025-04-15
P-0434,fastener,aluminum_6061,0.059,tight,3,30,hw_integration,2023-03-13,2023-08-03
P-0435,bracket,unknown,1.083,standard,3,29,hw_integration,2023-02-15,2023-09-10
P-0437,bracket,steel_304,0.489,standard,3,26,mech_a,2024-11-25,2025-05-03
P-0438,shaft,steel_304,6.791,standard,3,23,hw_integration,2022-01-15,2022-07-06
P-0426,pcb_mount,steel_304,0.651,loose,3,14,mech_a,2024-07-05,2025-07-13
P-0432,pcb_mount,abs_plastic,1.205,standard,3,24,elec_a,2023-10-25,2024-05-28
P-0419,housing,aluminum_6061,1.96,tight,3,24,mech_a,2025-05-12,2025-11-21
P-1321,shaft,nylon_66,1.469,loose,3,38,elec_a,2024-06-30,2025-05-16
P-1373,gear,steel_304,0.817,standard,3,29,mech_b,2022-06-06,2022-11-16
P-1375,seal,abs_plastic,0.297,standard,3,30,elec_a,2022-02-10,2023-02-28
P-1363,connector,abs_plastic,0.168,unknown,3,26,mech_b,2022-03-09,2022-10-27
P-1366,shaft,unknown,3.011,loose,3,28,hw_integration,2024-01-08,2024-03-12
P-1356,bracket,abs_plastic,0.404,standard,3,24,elec_a,2024-06-07,2024-09-13
P-1357,shaft,titanium_6al4v,1.462,standard,3,30,mech_b,2023-10-05,2024-08-08
P-1360,bracket,nylon_66,0.343,standard,3,29,mech_b,2024-09-23,2024-10-20
P-2047,gear,aluminum_6061,0.83,standard,3,30,mech_a,2025-03-03,2026-01-23
P-2034,gear,steel_304,0.826,standard,3,23,elec_a,2023-02-26,2024-01-06
P-2026,gear,abs_plastic,1.144,standard,3,25,mech_a,2023-08-11,2023-11-29
P-2029,shaft,abs_plastic,2.939,tight,3,30,mech_b,2024-11-20,2025-11-07
P-2031,bracket,aluminum_6061,0.51,standard,3,29,hw_integration,2023-11-27,2024-03-08
P-2018,bracket,steel_304,0.994,standard,3,28,mech_a,2023-07-26,2024-02-05
P-2020,gear,steel_304,0.603,standard,3,21,mech_b,2025-03-20,2026-04-22
P-1408,bracket,steel_304,1.31,unknown,3,25,mech_b,2022-09-08,2022-12-08
P-1395,fastener,steel_304,0.042,tight,3,28,mech_a,2024-03-11,2024-12-10
P-1398,fastener,nylon_66,0.089,standard,3,36,mech_a,2024-12-16,2025-03-12
P-1399,shaft,aluminum_6061,3.129,tight,3,20,mech_b,2024-10-09,2025-05-08
P-1391,seal,aluminum_6061,0.253,loose,3,27,mech_b,2024-11-06,2025-11-20
P-1380,gear,aluminum_6061,0.73,standard,3,31,mech_a,2022-01-05,2022-09-02
P-1381,gear,steel_304,0.858,standard,3,32,mech_a,2023-03-07,2023-09-15
P-0470,shaft,titanium_6al4v,1.119,tight,3,31,mech_a,2025-03-08,2026-03-13
P-0444,housing,steel_304,1.094,tight,3,16,mech_b,2025-05-29,2025-12-12
P-0445,housing,copper_c110,2.683,loose,3,24,mech_a,2023-06-30,2024-06-24
P-0662,fastener,copper_c110,0.027,tight,3,26,elec_a,2022-10-03,2023-02-08
P-0665,gear,aluminum_6061,1.143,loose,3,24,hw_integration,2023-12-06,2024-05-05
P-0655,fastener,steel_304,0.039,standard,3,39,hw_integration,2024-06-29,2025-06-05
P-0644,housing,aluminum_6061,1.768,standard,3,27,mech_b,2024-04-06,2024-07-15
P-0648,shaft,steel_304,2.493,loose,3,18,elec_a,2023-08-04,2024-01-16
P-1406,housing,unknown,1.165,loose,3,37,hw_integration,2023-09-18,2024-01-27
P-1962,gear,aluminum_6061,1.027,loose,3,29,mech_b,2023-04-27,2023-12-06
P-1964,bracket,aluminum_6061,1.568,standard,3,27,mech_a,2024-12-30,2025-10-06
P-1965,pcb_mount,aluminum_6061,0.362,loose,3,31,mech_b,2022-06-27,2023-06-25
P-1968,fastener,steel_304,0.086,tight,3,27,elec_a,2022-11-29,2023-06-12
P-1969,shaft,aluminum_6061,0.435,loose,3,30,hw_integration,2025-04-06,2026-02-05
P-1955,fastener,aluminum_6061,0.037,tight,3,25,mech_b,2025-04-08,2026-02-12
P-1957,shaft,copper_c110,1.166,standard,3,26,mech_a,2022-09-10,2023-03-19
P-1958,bracket,aluminum_6061,2.144,loose,3,27,mech_a,2024-04-22,2024-11-13
P-2009,bracket,abs_plastic,0.729,tight,3,21,elec_a,2023-02-25,2023-08-11
P-1928,pcb_mount,steel_304,0.294,standard,3,26,hw_integration,2024-07-22,2024-07-27
P-1929,bracket,abs_plastic,1.002,loose,3,29,elec_a,2023-07-20,2023-08-04
P-1980,housing,copper_c110,3.56,standard,3,28,mech_b,2022-03-22,2023-02-17
P-1985,connector,steel_304,0.388,standard,3,34,elec_a,2025-02-07,2025-11-03
P-1973,pcb_mount,steel_304,0.324,standard,3,28,elec_a,2024-01-08,2024-03-21
P-1974,gear,copper_c110,1.543,loose,3,30,hw_integration,2025-01-31,2025-04-16
P-1975,bracket,abs_plastic,0.432,standard,3,25,elec_a,2024-05-20,2024-12-16
P-1414,seal,aluminum_6061,0.131,standard,3,28,hw_integration,2024-09-03,2025-03-04
P-0639,pcb_mount,nylon_66,0.812,unknown,3,26,mech_a,2024-11-25,2025-04-18
P-1918,pcb_mount,abs_plastic,0.34,loose,3,28,mech_b,2022-11-27,2023-08-09
P-1921,shaft,steel_304,4.213,unknown,3,21,mech_a,2023-06-18,2024-07-14
P-1909,pcb_mount,abs_plastic,0.203,standard,3,38,mech_b,2024-03-10,2024-08-12
P-1912,bracket,steel_304,0.723,loose,3,31,mech_b,2024-02-11,2024-04-24
P-1901,connector,steel_304,0.243,standard,3,27,hw_integration,2025-04-22,2025-11-25
P-1905,connector,abs_plastic,0.239,tight,3,29,mech_b,2024-04-13,2025-01-26
P-1434,bracket,steel_304,1.092,loose,3,25,mech_b,2023-03-30,2023-10-30
P-1436,seal,abs_plastic,0.098,standard,3,24,mech_a,2023-02-11,2023-06-01
P-1437,housing,nylon_66,3.152,loose,3,23,elec_a,2024-04-05,2024-10-10
P-1438,shaft,aluminum_6061,1.458,standard,3,22,hw_integration,2022-11-07,2022-12-15
P-1440,seal,steel_304,0.099,tight,3,33,mech_a,2022-05-19,2022-10-04
P-1421,pcb_mount,steel_304,0.295,loose,3,31,elec_a,2022-02-06,2022-04-13
P-1424,gear,aluminum_6061,0.372,standard,3,18,mech_b,2024-11-23,2025-02-07
P-1411,fastener,steel_304,0.046,standard,3,30,mech_b,2022-09-30,2022-12-23
P-1946,seal,nylon_66,0.105,loose,3,35,hw_integration,2024-02-25,2024-10-02
P-1949,bracket,abs_plastic,1.407,loose,3,22,elec_a,2023-06-26,2024-03-28
P-1952,bracket,nylon_66,0.411,standard,3,31,mech_a,2024-10-22,2024-10-24
P-1953,pcb_mount,aluminum_6061,0.299,tight,3,33,elec_a,2024-01-12,2024-01-26
P-1940,bracket,aluminum_6061,0.711,standard,3,21,elec_a,2025-04-29,2026-01-26
P-1936,bracket,aluminum_6061,0.924,standard,3,29,elec_a,2023-06-21,2023-10-28
P-1924,gear,copper_c110,1.786,standard,3,23,mech_b,2023-05-04,2023-07-27
P-1385,seal,nylon_66,0.067,loose,3,31,mech_b,2022-12-08,2023-12-22
P-0472,shaft,steel_304,2.548,standard,3,22,mech_b,2023-05-05,2023-09-02
P-0459,pcb_mount,aluminum_6061,0.242,standard,3,29,mech_b,2025-03-01,2026-01-30
P-0463,seal,aluminum_6061,0.078,standard,3,27,elec_a,2022-10-13,2022-12-17
P-0451,bracket,abs_plastic,0.974,loose,3,27,hw_integration,2024-08-16,2024-09-27
P-0452,fastener,abs_plastic,0.016,unknown,3,26,hw_integration,2024-05-03,2024-05-21
P-0453,pcb_mount,aluminum_6061,0.283,standard,3,21,hw_integration,2025-04-11,2025-12-14
P-0454,bracket,aluminum_6061,0.971,loose,3,32,hw_integration,2024-02-06,2024-12-03
P-0456,housing,nylon_66,1.138,standard,3,36,hw_integration,2024-04-05,2024-07-12
P-0617,pcb_mount,steel_304,0.231,standard,3,25,elec_a,2022-02-06,2022-05-06
P-1467,gear,aluminum_6061,1.201,loose,3,23,mech_b,2024-02-13,2025-03-02
P-1468,housing,abs_plastic,5.376,loose,3,25,mech_a,2023-01-31,2023-10-19
P-1469,pcb_mount,titanium_6al4v,0.157,standard,3,28,mech_a,2025-04-30,2026-04-21
P-1458,gear,abs_plastic,0.758,tight,3,23,elec_a,2022-05-09,2022-11-23
P-1464,housing,titanium_6al4v,1.719,tight,3,32,mech_b,2023-07-18,2024-06-26
P-1465,connector,aluminum_6061,0.258,tight,3,28,hw_integration,2024-08-14,2025-07-08
P-0505,shaft,abs_plastic,3.424,standard,3,24,elec_a,2024-02-23,2024-09-20
P-1859,housing,aluminum_6061,2.553,tight,3,31,mech_b,2022-09-04,2023-08-20
P-1861,connector,steel_304,0.329,standard,3,20,hw_integration,2024-05-10,2024-11-27
P-0641,pcb_mount,aluminum_6061,0.134,loose,3,30,mech_a,2024-08-15,2025-08-09
P-0628,bracket,abs_plastic,0.474,standard,3,32,elec_a,2024-07-25,2025-06-30
P-0629,shaft,abs_plastic,1.988,loose,3,27,hw_integration,2023-12-23,2024-09-21
P-0633,bracket,abs_plastic,0.529,tight,3,24,mech_b,2025-04-08,2026-02-14
P-0610,gear,aluminum_6061,1.691,loose,3,23,mech_a,2023-11-27,2024-12-01
P-0614,seal,copper_c110,0.135,loose,3,24,hw_integration,2024-06-17,2024-09-09
P-1884,pcb_mount,steel_304,0.433,standard,3,26,mech_a,2023-03-31,2023-07-09
P-1885,housing,copper_c110,3.583,loose,3,26,elec_a,2024-03-18,2024-06-01
P-1887,bracket,aluminum_6061,0.578,loose,3,30,mech_b,2022-10-21,2023-06-20
P-1888,housing,abs_plastic,2.921,loose,3,28,elec_a,2022-10-03,2022-10-19
P-1875,fastener,steel_304,0.036,unknown,3,30,mech_a,2025-03-14,2025-08-08
P-1881,shaft,aluminum_6061,1.195,loose,3,33,elec_a,2022-09-15,2022-10-13
P-1866,fastener,aluminum_6061,0.019,standard,3,29,mech_b,2023-03-02,2024-02-29
P-1869,shaft,steel_304,2.5,standard,3,32,mech_a,2025-04-26,2025-09-27
P-1891,housing,aluminum_6061,2.317,standard,3,34,mech_a,2022-10-20,2023-11-19
P-1893,shaft,steel_304,0.975,loose,3,29,elec_a,2023-01-27,2023-03-01
P-1896,bracket,steel_304,0.339,unknown,3,29,mech_a,2024-07-12,2025-07-16
P-1897,connector,aluminum_6061,0.104,standard,3,32,mech_a,2023-09-04,2024-04-11
P-0479,connector,titanium_6al4v,0.147,loose,3,29,elec_a,2022-07-19,2023-03-27
P-0467,connector,abs_plastic,0.624,loose,3,25,hw_integration,2022-10-29,2023-10-01
P-1830,shaft,copper_c110,2.247,loose,3,29,mech_b,2024-04-28,2025-03-25
P-1833,gear,abs_plastic,1.413,loose,3,23,mech_b,2023-07-04,2024-06-14
P-1805,connector,unknown,0.094,loose,3,27,elec_a,2024-01-09,2024-05-09
P-1806,connector,abs_plastic,0.171,standard,3,33,elec_a,2022-08-22,2023-03-17
P-1794,connector,titanium_6al4v,0.094,standard,3,30,elec_a,2022-08-27,2023-07-08
P-1798,housing,steel_304,3.672,tight,3,25,elec_a,2022-10-10,2023-10-03
P-1799,shaft,nylon_66,2.109,standard,3,23,mech_b,2024-03-21,2025-01-03
P-0500,shaft,copper_c110,2.686,standard,3,30,hw_integration,2023-12-10,2023-12-12
P-0502,fastener,abs_plastic,0.016,standard,3,28,mech_a,2022-08-09,2023-05-22
P-0527,seal,aluminum_6061,0.088,standard,3,22,mech_a,2023-12-13,2023-12-15
P-1493,connector,titanium_6al4v,0.198,standard,3,25,mech_a,2024-08-29,2025-04-21
P-1496,connector,steel_304,0.136,standard,3,22,hw_integration,2025-05-09,2025-12-20
P-1482,bracket,abs_plastic,0.522,tight,3,24,elec_a,2023-11-28,2024-09-05
P-1483,connector,nylon_66,0.062,standard,3,25,mech_b,2022-11-12,2023-06-06
P-1486,bracket,aluminum_6061,1.495,standard,3,17,elec_a,2022-02-08,2023-02-15
P-1769,bracket,aluminum_6061,0.618,tight,3,24,mech_b,2023-12-07,2023-12-27
P-1819,shaft,steel_304,1.078,tight,3,25,hw_integration,2024-10-26,2024-11-23
P-1802,connector,unknown,0.297,tight,3,31,mech_a,2025-02-10,2025-12-28
P-1456,bracket,steel_304,1.177,unknown,3,29,mech_b,2023-08-12,2024-03-27
P-1457,housing,aluminum_6061,3.136,standard,3,23,mech_b,2023-04-09,2023-10-02
P-1444,bracket,copper_c110,1.235,loose,3,27,hw_integration,2024-09-15,2025-02-03
P-1445,housing,aluminum_6061,2.511,loose,3,31,mech_a,2023-12-20,2024-07-18
P-1446,shaft,steel_304,2.138,standard,3,26,mech_b,2023-08-07,2023-08-23
P-1502,seal,steel_304,0.188,standard,3,36,hw_integration,2025-05-10,2026-02-01
P-1503,gear,abs_plastic,0.626,loose,3,32,hw_integration,2023-09-09,2023-09-23
P-1491,bracket,steel_304,0.437,tight,3,29,mech_a,2024-08-03,2025-01-28
P-0483,connector,nylon_66,0.26,tight,3,32,hw_integration,2023-06-20,2023-06-20
P-0487,shaft,abs_plastic,1.099,loose,3,28,hw_integration,2024-04-24,2024-09-04
P-1852,fastener,nylon_66,0.038,tight,3,24,hw_integration,2024-07-15,2024-08-26
P-1853,shaft,nylon_66,1.829,standard,3,30,elec_a,2024-11-18,2025-09-23
P-1855,fastener,aluminum_6061,0.08,loose,3,23,elec_a,2022-08-01,2022-12-04
P-1846,connector,steel_304,0.192,loose,3,12,elec_a,2022-02-14,2022-07-01
P-1849,gear,aluminum_6061,1.099,loose,3,25,mech_a,2022-01-28,2022-06-03
P-1453,fastener,abs_plastic,0.033,standard,3,31,mech_a,2024-04-24,2025-01-25
P-1745,pcb_mount,aluminum_6061,0.366,standard,3,21,mech_b,2022-10-15,2023-07-19
P-0541,seal,copper_c110,0.061,tight,3,29,mech_b,2024-01-15,2024-06-10
P-0544,seal,aluminum_6061,0.098,standard,3,32,hw_integration,2024-01-05,2024-03-16
P-0530,housing,steel_304,3.912,loose,3,34,mech_a,2024-11-30,2025-06-18
P-0532,pcb_mount,aluminum_6061,0.19,unknown,3,24,elec_a,2024-02-20,2025-02-05
P-1671,housing,aluminum_6061,1.245,tight,3,33,mech_b,2024-09-13,2025-08-29
P-1723,pcb_mount,aluminum_6061,0.768,loose,3,20,elec_a,2022-12-07,2023-03-31
P-1728,fastener,aluminum_6061,0.042,loose,3,29,hw_integration,2023-12-25,2024-08-31
P-1564,fastener,nylon_66,0.058,standard,3,32,elec_a,2022-03-25,2023-01-12
P-1760,seal,titanium_6al4v,0.091,standard,3,23,mech_b,2022-05-02,2022-09-25
P-1761,housing,steel_304,2.457,standard,3,34,hw_integration,2024-12-01,2024-12-16
P-1751,connector,aluminum_6061,0.159,tight,3,28,mech_b,2024-08-26,2025-03-17
P-1752,housing,unknown,3.059,loose,3,28,mech_b,2024-01-22,2024-06-01
P-1738,housing,aluminum_6061,2.603,standard,3,26,mech_a,2023-05-08,2024-01-11
P-1742,housing,aluminum_6061,2.952,standard,3,26,mech_a,2022-07-30,2022-11-10
P-1743,bracket,nylon_66,0.975,tight,3,24,hw_integration,2023-11-14,2024-03-21
P-1534,pcb_mount,steel_304,0.289,loose,3,23,mech_b,2023-03-18,2024-03-02
P-1536,shaft,aluminum_6061,1.524,tight,3,24,elec_a,2024-08-21,2025-04-18
P-1522,shaft,steel_304,2.952,standard,3,29,hw_integration,2023-12-14,2024-09-18
P-1527,gear,abs_plastic,1.441,standard,3,23,hw_integration,2023-04-18,2023-05-17
P-1529,bracket,aluminum_6061,0.763,standard,3,19,hw_integration,2023-01-12,2023-08-24
P-1521,housing,aluminum_6061,2.734,loose,3,28,elec_a,2024-04-18,2024-09-18
P-1507,pcb_mount,steel_304,0.394,tight,3,35,hw_integration,2022-05-13,2023-03-11
P-1508,gear,aluminum_6061,1.944,unknown,3,22,mech_a,2023-06-07,2024-01-06
P-0521,fastener,steel_304,0.056,tight,3,24,mech_b,2023-12-11,2024-02-20
P-1787,housing,steel_304,1.067,standard,3,27,elec_a,2024-07-08,2025-07-21
P-1781,bracket,steel_304,0.488,standard,3,16,mech_a,2023-08-03,2024-03-10
P-1782,pcb_mount,titanium_6al4v,0.163,unknown,3,35,elec_a,2024-11-28,2025-02-16
P-1775,connector,aluminum_6061,0.107,standard,3,31,elec_a,2024-06-16,2024-09-19
P-1776,shaft,aluminum_6061,3.215,unknown,3,33,hw_integration,2022-10-06,2023-05-25
P-1762,bracket,steel_304,1.471,tight,3,21,mech_a,2024-05-12,2025-06-03
P-1530,housing,abs_plastic,2.908,loose,3,34,mech_b,2025-03-03,2025-10-01
P-0608,bracket,aluminum_6061,1.376,loose,3,28,elec_a,2023-01-09,2023-01-19
P-0609,pcb_mount,aluminum_6061,0.487,loose,3,21,mech_b,2023-08-21,2024-04-25
P-0594,connector,aluminum_6061,0.261,tight,3,37,mech_a,2023-04-02,2023-04-18
P-0595,bracket,aluminum_6061,1.091,unknown,3,32,elec_a,2022-08-31,2023-01-19
P-1648,pcb_mount,aluminum_6061,0.287,standard,3,20,mech_b,2022-06-01,2023-04-05
P-1635,seal,abs_plastic,0.297,loose,3,32,hw_integration,2024-11-06,2025-06-11
P-1638,seal,abs_plastic,0.169,tight,3,41,mech_b,2024-08-28,2025-06-02
P-1639,housing,aluminum_6061,5.842,standard,3,24,mech_a,2022-05-28,2022-07-02
P-1546,gear,aluminum_6061,1.138,standard,3,28,elec_a,2022-08-17,2023-03-19
P-1550,housing,aluminum_6061,2.613,loose,3,30,hw_integration,2025-05-19,2025-07-17
P-1552,gear,abs_plastic,0.9,standard,3,23,mech_a,2024-05-13,2025-03-13
P-1538,pcb_mount,copper_c110,0.315,tight,3,24,elec_a,2024-02-03,2024-09-30
P-1539,pcb_mount,aluminum_6061,0.367,loose,3,23,mech_b,2022-05-27,2022-09-16
P-1542,housing,aluminum_6061,1.21,standard,3,26,mech_b,2022-07-01,2022-09-08
P-1543,gear,titanium_6al4v,1.05,standard,3,24,elec_a,2022-05-20,2022-11-17
P-0604,pcb_mount,aluminum_6061,0.413,loose,3,29,mech_b,2022-09-30,2022-10-11
P-1698,pcb_mount,steel_304,0.365,tight,3,31,mech_b,2024-09-06,2025-05-21
P-1701,fastener,titanium_6al4v,0.046,loose,3,29,hw_integration,2023-08-01,2024-08-07
P-1704,connector,steel_304,0.463,standard,3,30,elec_a,2025-05-29,2025-06-10
P-1705,shaft,aluminum_6061,1.464,standard,3,33,elec_a,2024-04-30,2025-02-06
P-1756,shaft,steel_304,1.974,tight,3,26,hw_integration,2023-02-07,2023-07-10
P-1557,seal,nylon_66,0.179,loose,3,26,hw_integration,2025-04-13,2025-05-14
P-1559,connector,aluminum_6061,0.3,tight,3,22,mech_b,2022-12-16,2023-01-13
P-1560,fastener,abs_plastic,0.069,tight,3,29,hw_integration,2024-08-20,2025-03-09
P-1715,housing,abs_plastic,3.134,loose,3,31,mech_a,2022-07-28,2022-11-24
P-1717,housing,steel_304,1.768,standard,3,29,mech_b,2023-01-22,2023-09-24
P-1720,fastener,aluminum_6061,0.024,standard,3,26,elec_a,2022-12-09,2023-04-08
P-1721,bracket,steel_304,1.045,loose,3,36,mech_a,2025-05-17,2026-04-03
P-1708,gear,steel_304,0.964,standard,3,34,mech_a,2022-11-06,2023-03-08
P-1709,fastener,aluminum_6061,0.044,standard,3,38,mech_b,2024-08-13,2025-08-21
P-1711,pcb_mount,nylon_66,0.087,standard,3,31,elec_a,2024-02-25,2025-02-26
P-1713,seal,abs_plastic,0.131,standard,3,27,hw_integration,2023-07-30,2023-06-30
P-0557,housing,steel_304,3.105,tight,3,31,mech_b,2024-06-27,2025-01-23
P-0558,shaft,copper_c110,1.494,loose,3,26,mech_b,2024-05-21,2024-10-12
P-0546,gear,steel_304,1.513,tight,3,19,hw_integration,2023-11-22,2024-10-03
P-0547,gear,steel_304,1.495,loose,3,26,mech_a,2024-05-27,2024-11-04
P-1664,housing,aluminum_6061,3.842,tight,3,25,mech_a,2024-08-05,2025-06-20
P-1651,housing,nylon_66,2.942,tight,3,27,mech_b,2022-07-03,2023-06-25
P-1570,shaft,abs_plastic,4.437,tight,3,25,elec_a,2024-07-23,2025-08-16
P-1574,fastener,steel_304,0.026,standard,3,25,mech_a,2024-08-17,2025-02-02
P-1592,bracket,steel_304,0.495,tight,3,27,elec_a,2023-06-27,2023-07-16
P-1579,seal,steel_304,0.056,loose,3,28,elec_a,2022-07-16,2023-06-22
P-1580,fastener,aluminum_6061,0.031,unknown,3,29,hw_integration,2022-02-22,2022-11-12
P-1581,fastener,abs_plastic,0.025,loose,3,23,elec_a,2022-07-03,2023-04-17
P-1584,housing,titanium_6al4v,4.712,standard,3,36,mech_a,2022-03-19,2022-12-22
P-0562,housing,steel_304,1.073,standard,3,25,hw_integration,2023-12-16,2024-08-04
P-0565,connector,titanium_6al4v,0.119,standard,3,26,mech_b,2025-03-11,2025-06-20
P-0554,fastener,steel_304,0.055,loose,3,20,hw_integration,2023-07-20,2023-11-16
P-1667,fastener,nylon_66,0.051,standard,3,23,hw_integration,2023-06-15,2024-04-24
P-0587,bracket,steel_304,0.444,loose,3,29,mech_a,2023-08-26,2024-08-29
P-0588,housing,steel_304,3.116,tight,3,26,mech_a,2024-03-29,2024-05-16
P-0589,housing,nylon_66,1.854,tight,3,38,mech_a,2022-10-26,2023-02-01
P-0579,fastener,nylon_66,0.017,tight,3,28,mech_a,2023-08-09,2024-07-08
P-0585,fastener,copper_c110,0.055,standard,3,31,hw_integration,2025-01-12,2025-04-29
P-1601,fastener,abs_plastic,0.029,tight,3,17,mech_b,2024-02-18,2025-01-13
P-1590,bracket,copper_c110,0.953,standard,3,30,mech_a,2022-04-08,2023-03-21
P-1640,pcb_mount,aluminum_6061,0.124,standard,3,27,hw_integration,2024-09-24,2025-09-20
P-1692,fastener,aluminum_6061,0.065,standard,3,31,elec_a,2024-10-09,2025-05-24
P-1694,pcb_mount,copper_c110,0.281,loose,3,20,hw_integration,2025-04-11,2026-02-25
P-1696,shaft,abs_plastic,1.585,standard,3,30,mech_b,2025-01-17,2025-04-21
P-1685,bracket,titanium_6al4v,0.637,loose,3,31,hw_integration,2025-04-30,2026-05-25
P-1687,shaft,aluminum_6061,2.93,standard,3,35,hw_integration,2023-08-01,2024-03-14
P-1674,bracket,aluminum_6061,0.326,standard,3,23,mech_a,2022-05-05,2022-09-22
P-1679,fastener,aluminum_6061,0.024,tight,3,24,elec_a,2023-03-04,2023-10-20
P-2799,connector,abs_plastic,0.393,loose,3,32,elec_a,2024-05-02,2025-05-15
P-2801,seal,steel_304,0.092,loose,3,24,elec_a,2022-04-13,2023-02-14
P-2836,connector,aluminum_6061,0.125,loose,3,25,mech_a,2024-03-09,2024-03-17
P-2837,connector,copper_c110,0.122,standard,3,30,hw_integration,2025-03-26,2025-12-30
P-2839,gear,steel_304,0.715,loose,3,29,mech_b,2022-05-19,2022-06-17
P-2827,shaft,abs_plastic,2.515,standard,3,23,elec_a,2025-01-05,2025-11-28
P-2829,pcb_mount,steel_304,0.21,loose,3,40,mech_b,2024-09-03,2025-05-18
P-2832,gear,aluminum_6061,2.466,standard,3,19,hw_integration,2022-01-29,2022-09-05
P-0893,housing,steel_304,2.675,loose,3,20,mech_a,2022-10-12,2023-06-12
P-0885,housing,titanium_6al4v,1.056,unknown,3,23,elec_a,2025-03-23,2025-09-08
P-0887,gear,titanium_6al4v,1.685,standard,3,31,mech_b,2022-11-18,2023-06-22
P-0876,fastener,steel_304,0.063,standard,3,27,hw_integration,2025-04-29,2025-05-18
P-0879,connector,aluminum_6061,0.196,standard,3,33,elec_a,2024-06-26,2024-08-27
P-0868,pcb_mount,aluminum_6061,0.58,loose,3,24,mech_b,2024-05-05,2025-03-20
P-0873,seal,aluminum_6061,0.065,standard,3,32,hw_integration,2025-04-10,2025-11-16
P-0830,housing,abs_plastic,1.134,standard,3,26,hw_integration,2024-02-07,2024-11-29
P-0069,bracket,nylon_66,0.871,loose,3,33,mech_b,2022-01-18,2022-11-29
P-0072,gear,titanium_6al4v,1.06,loose,3,30,mech_b,2022-12-29,2023-08-15
P-2876,housing,steel_304,6.353,standard,3,24,hw_integration,2023-07-12,2024-03-06
P-2878,gear,aluminum_6061,0.938,standard,3,27,hw_integration,2025-02-02,2025-11-09
P-0834,connector,steel_304,0.178,tight,3,24,mech_b,2024-11-20,2025-08-27
P-0836,shaft,steel_304,2.081,loose,3,25,elec_a,2025-06-09,2026-05-03
P-0890,connector,aluminum_6061,0.265,standard,3,23,elec_a,2024-05-05,2024-11-09
P-0892,seal,abs_plastic,0.131,standard,3,40,mech_b,2022-07-20,2023-05-23
P-2897,seal,aluminum_6061,0.089,loose,3,29,mech_a,2025-06-29,2026-01-28
P-2883,shaft,nylon_66,4.726,standard,3,29,elec_a,2023-01-15,2023-05-15
P-0097,gear,aluminum_6061,0.78,loose,3,22,mech_b,2022-02-15,2022-06-06
P-0084,bracket,nylon_66,0.58,loose,3,31,mech_a,2022-07-18,2023-02-14
P-0085,bracket,nylon_66,0.265,loose,3,27,elec_a,2022-09-14,2023-04-06
P-0088,shaft,steel_304,2.705,loose,3,33,elec_a,2022-10-26,2023-06-20
P-0075,bracket,copper_c110,0.965,unknown,3,32,mech_b,2022-09-10,2023-04-09
P-0081,connector,aluminum_6061,0.082,loose,3,26,hw_integration,2023-12-23,2024-10-16
P-2960,fastener,unknown,0.064,standard,3,28,hw_integration,2024-04-26,2024-08-05
P-2948,pcb_mount,abs_plastic,0.278,standard,3,21,hw_integration,2022-04-18,2022-08-08
P-0064,pcb_mount,copper_c110,0.197,standard,3,28,hw_integration,2025-06-04,2025-07-06
P-0051,housing,copper_c110,1.956,standard,3,33,mech_a,2023-07-03,2024-01-26
P-0053,pcb_mount,abs_plastic,0.305,tight,3,22,mech_a,2023-06-24,2024-03-11
P-0055,pcb_mount,abs_plastic,0.669,loose,3,20,mech_a,2022-01-22,2022-05-01
P-0002,gear,abs_plastic,2.722,loose,3,24,hw_integration,2022-03-13,2022-05-15
P-2217,bracket,steel_304,1.801,tight,4,20,mech_b,2024-11-30,2025-03-14
P-2218,seal,aluminum_6061,0.109,standard,4,33,hw_integration,2022-04-08,2023-02-20
P-2220,housing,aluminum_6061,2.109,tight,4,29,mech_b,2023-03-03,2023-02-01
P-2213,fastener,titanium_6al4v,0.043,standard,4,22,hw_integration,2025-04-02,2025-05-08
P-2232,connector,copper_c110,0.367,loose,4,37,mech_b,2023-06-07,2023-11-20
P-2193,pcb_mount,aluminum_6061,0.494,loose,4,26,hw_integration,2024-01-17,2024-05-26
P-2181,pcb_mount,abs_plastic,0.454,loose,4,24,elec_a,2023-05-01,2024-04-16
P-0368,connector,abs_plastic,0.203,loose,4,26,hw_integration,2023-07-21,2024-01-04
P-1222,housing,aluminum_6061,2.984,unknown,4,32,hw_integration,2022-12-19,2023-11-03
P-0712,connector,nylon_66,0.093,tight,4,33,mech_b,2023-12-13,2024-10-08
P-1244,bracket,steel_304,1.271,tight,4,22,elec_a,2023-09-04,2023-12-02
P-1245,gear,abs_plastic,1.242,standard,4,24,mech_b,2022-08-02,2022-12-07
P-0729,gear,abs_plastic,0.639,standard,4,20,mech_a,2025-04-27,2025-12-02
P-0717,shaft,nylon_66,1.084,standard,4,34,elec_a,2022-04-23,2023-05-23
P-2216,bracket,steel_304,0.733,loose,4,29,hw_integration,2023-05-01,2023-12-24
P-1207,connector,aluminum_6061,0.25,standard,4,23,hw_integration,2023-10-11,2024-04-26
P-1279,fastener,aluminum_6061,0.044,standard,4,26,hw_integration,2025-02-04,2025-09-20
P-2191,bracket,abs_plastic,0.813,standard,4,25,mech_b,2023-06-12,2024-02-10
P-2206,connector,aluminum_6061,0.147,standard,4,23,hw_integration,2023-07-05,2023-08-01
P-0355,shaft,steel_304,2.285,loose,4,24,mech_a,2024-10-12,2025-08-24
P-0375,bracket,steel_304,0.551,loose,4,32,hw_integration,2023-03-28,2023-10-26
P-0365,connector,steel_304,0.117,unknown,4,31,elec_a,2024-11-16,2025-01-02
P-0367,pcb_mount,abs_plastic,0.319,standard,4,33,elec_a,2023-05-27,2023-07-27
P-0735,bracket,aluminum_6061,1.043,loose,4,27,mech_b,2022-07-26,2022-12-28
P-0723,bracket,copper_c110,0.521,standard,4,22,mech_a,2024-06-01,2024-08-10
P-0724,seal,steel_304,0.049,loose,4,32,mech_b,2022-12-15,2023-09-07
P-1199,housing,aluminum_6061,2.834,standard,4,18,elec_a,2024-12-20,2026-01-07
P-1200,pcb_mount,aluminum_6061,0.273,standard,4,30,elec_a,2024-07-15,2025-05-18
P-1201,shaft,aluminum_6061,2.178,standard,4,27,mech_a,2025-05-29,2025-05-29
P-1189,bracket,aluminum_6061,1.145,loose,4,42,hw_integration,2024-06-11,2025-01-24
P-1205,bracket,nylon_66,1.039,standard,4,25,mech_a,2025-02-10,2025-10-23
P-2974,seal,titanium_6al4v,0.061,loose,4,26,mech_a,2024-07-03,2025-06-05
P-2975,shaft,titanium_6al4v,1.057,loose,4,39,mech_b,2022-05-29,2022-11-19
P-2962,seal,aluminum_6061,0.143,standard,4,24,hw_integration,2022-08-28,2023-07-14
P-2916,bracket,abs_plastic,0.583,loose,4,27,mech_a,2024-04-05,2025-01-28
P-2970,housing,nylon_66,3.645,standard,4,18,mech_b,2023-05-22,2024-03-21
P-2934,fastener,aluminum_6061,0.057,tight,4,28,mech_b,2023-10-03,2024-05-10
P-2935,connector,aluminum_6061,0.192,tight,4,30,hw_integration,2022-08-19,2022-10-12
P-2936,shaft,abs_plastic,5.977,tight,4,28,mech_a,2022-07-26,2022-12-01
P-0550,gear,copper_c110,0.626,loose,4,26,elec_a,2025-06-15,2025-08-02
P-1659,gear,abs_plastic,1.326,loose,4,22,elec_a,2025-02-23,2025-12-11
P-2892,seal,abs_plastic,0.301,standard,4,23,mech_a,2022-10-05,2023-01-07
P-2907,seal,abs_plastic,0.155,standard,4,27,mech_b,2025-06-12,2026-01-01
P-2913,shaft,steel_304,2.988,standard,4,28,hw_integration,2022-07-30,2022-12-09
P-2872,gear,aluminum_6061,0.697,tight,4,22,hw_integration,2024-06-27,2025-01-17
P-2850,gear,nylon_66,1.049,tight,4,24,elec_a,2022-10-19,2023-06-25
P-2972,connector,aluminum_6061,0.084,standard,4,28,elec_a,2024-01-16,2024-07-29
P-0571,housing,nylon_66,1.324,standard,4,31,mech_a,2023-09-12,2024-06-25
P-0576,shaft,steel_304,2.71,standard,4,32,elec_a,2022-04-07,2022-12-02
P-1633,connector,steel_304,0.237,tight,4,31,mech_a,2024-12-15,2025-04-16
P-1621,housing,aluminum_6061,1.592,standard,4,26,hw_integration,2022-06-13,2022-12-24
P-1571,gear,steel_304,1.005,standard,4,29,mech_a,2022-03-11,2022-10-05
P-1652,housing,nylon_66,2.572,loose,4,32,mech_a,2022-02-15,2022-02-17
P-1657,housing,copper_c110,3.491,standard,4,32,hw_integration,2023-12-15,2024-06-07
P-1642,bracket,aluminum_6061,1.23,tight,4,23,hw_integration,2024-11-30,2025-10-19
P-0351,connector,aluminum_6061,0.103,standard,4,29,hw_integration,2023-05-06,2023-12-05
P-0041,gear,steel_304,0.906,unknown,4,21,elec_a,2024-06-27,2025-06-04
P-0054,connector,nylon_66,0.23,unknown,4,27,hw_integration,2022-10-03,2022-12-09
P-0039,housing,aluminum_6061,1.888,loose,4,32,hw_integration,2024-04-29,2024-12-14
P-0035,shaft,titanium_6al4v,1.106,tight,4,29,mech_a,2024-02-25,2025-02-16
P-2994,shaft,copper_c110,0.976,standard,4,25,mech_b,2024-09-02,2025-01-07
P-2996,shaft,steel_304,0.931,tight,4,28,elec_a,2022-10-05,2022-11-24
P-1307,connector,abs_plastic,0.085,loose,4,20,elec_a,2023-10-19,2024-02-18
P-1636,gear,aluminum_6061,1.572,loose,4,28,mech_a,2025-05-10,2025-06-07
P-0600,connector,steel_304,0.16,standard,4,31,mech_a,2025-06-13,2025-08-22
P-0601,shaft,aluminum_6061,1.426,loose,4,26,mech_b,2023-05-25,2024-06-07
P-0605,seal,titanium_6al4v,0.06,standard,4,26,mech_a,2023-12-11,2024-09-22
P-1553,housing,aluminum_6061,3.269,loose,4,25,mech_b,2024-05-25,2024-08-12
P-1558,shaft,abs_plastic,1.51,unknown,4,28,elec_a,2023-07-12,2023-07-30
P-2794,seal,aluminum_6061,0.125,standard,4,24,mech_a,2023-11-17,2024-07-19
P-2798,gear,copper_c110,0.674,standard,4,22,hw_integration,2022-01-06,2022-01-12
P-0838,seal,aluminum_6061,0.143,standard,4,35,elec_a,2022-06-08,2023-01-28
P-0840,shaft,aluminum_6061,1.557,tight,4,24,hw_integration,2023-09-18,2024-04-07
P-1680,shaft,copper_c110,1.712,tight,4,13,hw_integration,2023-08-16,2023-10-27
P-1668,housing,steel_304,4.127,standard,4,27,elec_a,2022-09-14,2022-12-12
P-1695,connector,unknown,0.096,loose,4,29,mech_b,2022-07-11,2023-08-09
P-1682,fastener,aluminum_6061,0.046,standard,4,17,elec_a,2024-01-26,2024-05-20
P-1688,shaft,steel_304,0.975,standard,4,27,elec_a,2024-11-17,2025-11-05
P-1646,shaft,titanium_6al4v,1.346,loose,4,31,elec_a,2023-02-26,2023-11-06
P-0867,fastener,abs_plastic,0.057,standard,4,30,elec_a,2024-07-18,2025-03-08
P-0828,housing,steel_304,2.036,tight,4,25,hw_integration,2022-09-24,2022-12-11
P-0874,gear,aluminum_6061,1.062,standard,4,26,mech_b,2024-08-31,2025-06-04
P-0878,housing,titanium_6al4v,5.127,standard,4,27,elec_a,2023-01-17,2022-12-18
P-0880,connector,steel_304,0.201,loose,4,32,mech_a,2023-07-08,2024-02-11
P-0881,gear,abs_plastic,0.368,loose,4,28,mech_a,2023-09-03,2024-04-02
P-0896,fastener,abs_plastic,0.042,loose,4,24,elec_a,2023-11-14,2024-06-14
P-0835,pcb_mount,aluminum_6061,0.184,standard,4,25,mech_b,2022-03-04,2022-11-16
P-0592,gear,steel_304,2.302,standard,4,31,mech_b,2022-08-09,2023-06-13
P-2845,housing,steel_304,6.301,standard,4,33,mech_a,2023-03-22,2023-06-24
P-2848,bracket,aluminum_6061,0.739,standard,4,29,mech_b,2023-11-06,2024-02-27
P-2834,fastener,abs_plastic,0.037,standard,4,26,mech_b,2022-07-18,2022-11-11
P-2789,seal,nylon_66,0.144,unknown,4,30,elec_a,2022-03-10,2022-07-02
P-2791,fastener,nylon_66,0.068,tight,4,30,elec_a,2025-01-04,2026-01-24
P-2843,gear,aluminum_6061,1.493,loose,4,32,elec_a,2022-08-23,2022-09-09
P-0866,fastener,steel_304,0.082,unknown,4,36,elec_a,2023-10-27,2024-05-22
P-0539,bracket,aluminum_6061,1.286,standard,4,21,mech_b,2022-10-24,2023-11-26
P-1753,fastener,steel_304,0.074,unknown,4,32,mech_a,2023-02-06,2023-07-13
P-1739,shaft,aluminum_6061,1.197,loose,4,33,mech_a,2025-01-28,2025-03-05
P-1741,housing,aluminum_6061,2.772,standard,4,27,hw_integration,2022-05-12,2022-09-15
P-2768,connector,abs_plastic,0.158,tight,4,29,hw_integration,2023-03-20,2023-11-18
P-2757,fastener,aluminum_6061,0.065,loose,4,37,hw_integration,2023-03-21,2023-04-24
P-2774,bracket,steel_304,1.814,standard,4,28,elec_a,2023-12-18,2024-07-06
P-2762,fastener,copper_c110,0.082,loose,4,29,elec_a,2024-02-14,2024-03-08
P-1669,bracket,copper_c110,0.505,standard,4,24,mech_a,2022-06-12,2023-07-01
P-1670,fastener,aluminum_6061,0.033,standard,4,25,hw_integration,2022-11-11,2023-06-13
P-1673,pcb_mount,aluminum_6061,0.341,tight,4,28,elec_a,2023-01-08,2023-02-07
P-1725,shaft,aluminum_6061,1.466,tight,4,25,mech_b,2022-07-17,2022-10-23
P-1744,seal,aluminum_6061,0.061,tight,4,27,hw_integration,2022-04-06,2022-07-25
P-1732,bracket,unknown,1.408,standard,4,26,mech_b,2024-12-10,2025-04-03
P-1737,fastener,abs_plastic,0.053,standard,4,29,mech_b,2024-09-11,2024-12-24
P-0538,bracket,abs_plastic,0.411,standard,4,23,hw_integration,2023-02-18,2024-03-06
P-1700,pcb_mount,nylon_66,0.552,standard,4,24,mech_a,2024-01-10,2024-06-29
P-1757,bracket,steel_304,2.204,loose,4,32,elec_a,2024-06-08,2025-03-13
P-1758,seal,titanium_6al4v,0.055,loose,4,24,mech_a,2022-10-13,2022-11-02
P-1706,seal,aluminum_6061,0.139,unknown,4,24,mech_b,2024-03-24,2024-07-27
P-1710,housing,steel_304,1.341,standard,4,35,mech_a,2022-11-13,2023-04-29
P-1729,bracket,abs_plastic,1.072,unknown,4,29,elec_a,2024-01-14,2024-08-27
P-1714,fastener,copper_c110,0.032,unknown,4,22,elec_a,2025-06-16,2025-12-07
P-1716,pcb_mount,aluminum_6061,0.453,loose,4,24,elec_a,2022-09-26,2023-04-30
P-0099,bracket,aluminum_6061,0.613,standard,4,29,elec_a,2024-08-17,2025-09-05
P-0101,fastener,unknown,0.051,standard,4,28,mech_b,2025-01-30,2025-05-12
P-0120,connector,aluminum_6061,0.059,loose,4,26,hw_integration,2022-07-21,2023-01-29
P-0121,connector,aluminum_6061,0.146,loose,4,23,hw_integration,2022-02-06,2022-09-13
P-2824,seal,aluminum_6061,0.095,standard,4,21,mech_a,2024-05-17,2025-05-10
P-2838,housing,steel_304,5.389,standard,4,30,mech_a,2025-06-11,2025-11-14
P-2840,bracket,aluminum_6061,1.16,standard,4,26,elec_a,2025-05-22,2025-12-29
P-2830,pcb_mount,nylon_66,0.437,tight,4,26,mech_b,2022-07-25,2022-10-27
P-0935,pcb_mount,steel_304,0.161,standard,4,20,hw_integration,2024-11-16,2025-11-08
P-0940,bracket,aluminum_6061,0.795,loose,4,31,mech_a,2025-01-25,2025-02-13
P-0943,bracket,aluminum_6061,0.997,standard,4,19,hw_integration,2023-01-08,2023-03-21
P-0944,gear,abs_plastic,3.403,standard,4,27,mech_a,2024-03-30,2024-12-08
P-0930,pcb_mount,copper_c110,0.161,unknown,4,30,hw_integration,2024-08-21,2025-02-09
P-0946,housing,copper_c110,2.049,unknown,4,21,mech_a,2023-09-09,2024-08-31
P-0949,fastener,copper_c110,0.089,standard,4,30,hw_integration,2024-09-08,2024-11-28
P-0952,housing,titanium_6al4v,1.361,tight,4,22,hw_integration,2022-07-17,2023-06-18
P-1509,housing,nylon_66,1.76,unknown,4,24,hw_integration,2022-09-17,2023-09-19
P-1511,bracket,abs_plastic,2.173,standard,4,20,elec_a,2023-05-15,2024-03-31
P-1528,shaft,abs_plastic,7.139,unknown,4,30,mech_b,2025-06-11,2026-04-22
P-1517,bracket,steel_304,0.505,tight,4,35,hw_integration,2023-09-21,2023-12-14
P-1520,housing,aluminum_6061,2.812,loose,4,30,mech_a,2025-05-20,2025-11-03
P-1537,pcb_mount,abs_plastic,0.445,standard,4,28,mech_b,2023-07-03,2023-10-06
P-1771,connector,abs_plastic,0.167,loose,4,28,elec_a,2023-02-17,2023-05-21
P-2746,pcb_mount,aluminum_6061,0.396,standard,4,26,mech_a,2024-08-23,2025-08-27
P-0804,connector,aluminum_6061,0.118,standard,4,30,elec_a,2022-12-11,2023-10-27
P-0823,housing,steel_304,2.477,standard,4,30,elec_a,2022-08-17,2023-07-13
P-2804,connector,abs_plastic,0.278,loose,4,25,mech_a,2025-04-14,2026-04-08
P-1748,shaft,abs_plastic,1.106,standard,4,24,mech_a,2022-03-12,2023-03-15
P-1749,shaft,copper_c110,3.199,loose,4,20,elec_a,2022-10-14,2023-06-25
P-1566,shaft,abs_plastic,1.313,tight,4,34,elec_a,2025-06-04,2026-01-22
P-1567,bracket,nylon_66,1.331,loose,4,25,elec_a,2023-07-07,2024-07-22
P-1555,housing,aluminum_6061,0.985,standard,4,37,mech_a,2023-09-22,2024-07-19
P-2765,bracket,steel_304,0.574,standard,4,32,hw_integration,2022-09-06,2022-09-11
P-2782,bracket,titanium_6al4v,1.828,loose,4,34,elec_a,2024-11-03,2025-09-17
P-2783,connector,steel_304,0.095,tight,4,29,hw_integration,2024-10-26,2025-10-26
P-0907,shaft,nylon_66,1.25,standard,4,22,mech_b,2023-07-26,2023-08-22
P-0909,housing,steel_304,2.79,tight,4,29,mech_a,2024-12-03,2025-03-08
P-0912,fastener,steel_304,0.04,standard,4,34,mech_a,2022-07-04,2023-04-25
P-0927,bracket,steel_304,0.541,loose,4,25,mech_a,2025-03-20,2025-09-16
P-0906,connector,abs_plastic,0.156,tight,4,30,hw_integration,2024-01-02,2024-08-15
P-2727,pcb_mount,abs_plastic,0.305,tight,4,26,hw_integration,2022-09-16,2023-08-31
P-2745,gear,abs_plastic,1.383,standard,4,28,elec_a,2023-08-16,2024-09-16
P-2748,housing,titanium_6al4v,1.769,tight,4,24,mech_a,2025-03-31,2026-03-12
P-2751,housing,aluminum_6061,2.503,standard,4,23,hw_integration,2023-07-25,2023-09-05
P-2753,fastener,nylon_66,0.014,standard,4,20,elec_a,2022-12-02,2022-12-02
P-2738,shaft,abs_plastic,1.614,standard,4,22,mech_b,2024-04-18,2025-04-02
P-2693,fastener,steel_304,0.075,loose,4,34,mech_b,2023-05-27,2024-04-03
P-2694,seal,copper_c110,0.085,loose,4,34,elec_a,2023-03-22,2024-04-01
P-1795,fastener,steel_304,0.083,standard,4,21,hw_integration,2022-07-21,2023-07-29
P-1797,shaft,aluminum_6061,2.472,loose,4,24,mech_b,2025-05-21,2025-10-12
P-1811,housing,steel_304,1.262,loose,4,31,mech_a,2022-02-18,2023-02-22
P-0142,shaft,aluminum_6061,1.473,loose,4,30,mech_a,2023-11-18,2024-04-14
P-0131,bracket,steel_304,0.993,loose,4,21,mech_b,2022-08-05,2023-01-08
P-0150,bracket,aluminum_6061,1.9,standard,4,23,elec_a,2022-10-17,2022-11-08
P-0151,fastener,aluminum_6061,0.026,tight,4,30,elec_a,2022-04-21,2023-01-17
P-2726,pcb_mount,copper_c110,0.233,tight,4,34,mech_a,2024-05-12,2025-02-02
P-1780,shaft,abs_plastic,2.369,standard,4,27,hw_integration,2024-03-26,2025-01-06
P-0518,pcb_mount,aluminum_6061,0.353,standard,4,29,mech_b,2024-05-25,2024-09-26
P-1786,fastener,copper_c110,0.047,tight,4,27,mech_a,2025-06-06,2026-02-07
P-0537,shaft,aluminum_6061,1.74,loose,4,20,mech_b,2025-06-13,2026-01-01
P-0522,gear,unknown,1.11,unknown,4,26,hw_integration,2023-01-01,2023-08-06
P-0526,gear,steel_304,2.913,tight,4,28,elec_a,2025-05-17,2026-01-15
P-0511,bracket,titanium_6al4v,3.186,standard,4,27,mech_a,2024-04-16,2024-08-05
P-0501,pcb_mount,steel_304,0.409,tight,4,26,mech_a,2025-04-21,2025-06-05
P-0938,bracket,abs_plastic,1.409,standard,4,21,elec_a,2025-06-08,2025-07-14
P-0901,shaft,aluminum_6061,3.943,standard,4,24,mech_a,2022-05-02,2022-11-12
P-0956,fastener,abs_plastic,0.106,standard,4,31,hw_integration,2022-04-26,2023-01-05
P-0129,bracket,abs_plastic,0.908,standard,4,21,mech_b,2024-03-23,2024-10-17
P-0115,bracket,steel_304,0.719,standard,4,27,mech_a,2024-09-04,2025-06-24
P-1790,bracket,abs_plastic,0.574,loose,4,26,elec_a,2025-03-20,2025-03-24
P-1791,pcb_mount,steel_304,0.267,standard,4,21,hw_integration,2022-05-15,2022-08-21
P-1778,gear,aluminum_6061,1.496,tight,4,22,mech_a,2024-03-24,2024-10-06
P-1504,gear,steel_304,1.72,standard,4,27,hw_integration,2024-10-28,2025-08-19
P-1443,bracket,copper_c110,0.652,standard,4,24,hw_integration,2023-12-15,2024-05-11
P-1834,housing,nylon_66,4.22,standard,4,37,elec_a,2023-05-03,2023-11-23
P-1835,housing,steel_304,2.219,standard,4,28,mech_b,2022-03-03,2022-08-17
P-1837,bracket,aluminum_6061,0.389,loose,4,28,mech_b,2025-03-03,2026-01-11
P-1839,pcb_mount,aluminum_6061,0.322,standard,4,36,hw_integration,2023-10-06,2024-08-25
P-1840,pcb_mount,aluminum_6061,0.378,standard,4,26,hw_integration,2022-08-06,2023-08-04
P-2597,bracket,copper_c110,1.123,standard,4,27,mech_b,2023-02-14,2024-01-09
P-2716,housing,aluminum_6061,3.717,loose,4,27,elec_a,2023-01-10,2023-05-04
P-2718,seal,titanium_6al4v,0.114,loose,4,26,elec_a,2023-05-28,2024-06-09
P-1804,connector,steel_304,0.242,standard,4,27,mech_a,2023-04-27,2023-10-09
P-1764,bracket,steel_304,0.988,loose,4,24,mech_a,2025-02-13,2025-09-23
P-1767,seal,abs_plastic,0.077,standard,4,21,mech_b,2023-11-06,2024-01-01
P-1768,bracket,abs_plastic,0.407,standard,4,31,mech_b,2024-05-23,2024-09-19
P-1487,seal,nylon_66,0.037,loose,4,32,hw_integration,2023-06-20,2023-07-09
P-1492,fastener,copper_c110,0.078,tight,4,25,hw_integration,2023-02-20,2023-04-17
P-2667,fastener,aluminum_6061,0.05,standard,4,27,elec_a,2023-03-10,2023-05-25
P-2632,shaft,aluminum_6061,1.68,standard,4,25,hw_integration,2024-12-15,2025-07-22
P-2685,housing,steel_304,1.224,loose,4,30,hw_integration,2022-06-08,2023-03-27
P-2688,connector,aluminum_6061,0.093,loose,4,24,hw_integration,2022-05-02,2022-05-22
P-2699,gear,copper_c110,1.532,unknown,4,24,mech_b,2022-12-24,2023-12-12
P-2701,connector,nylon_66,0.211,loose,4,29,mech_b,2023-01-08,2024-01-10
P-2704,pcb_mount,nylon_66,0.296,standard,4,31,mech_b,2025-01-20,2025-07-09
P-2705,pcb_mount,steel_304,0.293,standard,4,29,mech_b,2024-11-14,2024-12-15
P-0979,shaft,steel_304,0.648,standard,4,33,hw_integration,2022-11-05,2022-11-19
P-0157,housing,aluminum_6061,2.253,standard,4,31,elec_a,2022-09-02,2023-01-19
P-0158,connector,aluminum_6061,0.187,loose,4,24,mech_a,2024-02-06,2024-05-26
P-0160,pcb_mount,steel_304,0.257,unknown,4,26,mech_b,2022-01-05,2022-04-25
P-0147,housing,nylon_66,2.455,standard,4,22,mech_a,2022-03-29,2022-08-23
P-2671,connector,abs_plastic,0.145,loose,4,23,elec_a,2023-03-23,2024-02-19
P-2674,shaft,steel_304,2.04,loose,4,23,elec_a,2022-08-27,2023-02-13
P-2679,pcb_mount,nylon_66,0.324,standard,4,32,mech_b,2022-02-08,2022-06-22
P-2625,shaft,aluminum_6061,1.555,standard,4,29,elec_a,2025-06-28,2026-04-07
P-2614,pcb_mount,abs_plastic,0.578,loose,4,30,elec_a,2022-05-14,2023-05-27
P-2615,housing,abs_plastic,1.901,loose,4,22,mech_b,2025-01-23,2025-02-14
P-2617,housing,steel_304,9.646,unknown,4,24,mech_a,2024-05-12,2024-10-21
P-0163,housing,aluminum_6061,6.286,standard,4,26,elec_a,2025-06-17,2026-04-10
P-2619,fastener,abs_plastic,0.045,loose,4,27,mech_a,2025-01-17,2025-04-08
P-2621,fastener,steel_304,0.075,tight,4,32,mech_a,2023-06-02,2024-04-18
P-2623,housing,abs_plastic,1.284,loose,4,38,mech_b,2024-03-31,2025-01-19
P-0490,shaft,steel_304,1.502,tight,4,23,mech_b,2023-10-29,2023-11-05
P-0495,pcb_mount,aluminum_6061,0.41,tight,4,33,hw_integration,2025-05-02,2026-05-21
P-1460,gear,nylon_66,1.608,standard,4,24,hw_integration,2025-06-04,2025-12-11
P-1450,housing,aluminum_6061,2.8,standard,4,28,elec_a,2022-04-15,2022-12-09
P-1473,bracket,abs_plastic,1.445,standard,4,27,elec_a,2023-03-23,2024-04-24
P-0623,seal,steel_304,0.116,loose,4,29,elec_a,2023-07-31,2024-04-24
P-0612,connector,steel_304,0.214,loose,4,26,mech_b,2025-06-17,2026-06-05
P-0779,pcb_mount,nylon_66,0.294,standard,4,31,hw_integration,2022-07-25,2023-06-27
P-0966,shaft,aluminum_6061,1.956,standard,4,20,hw_integration,2023-12-15,2024-05-12
P-0981,seal,aluminum_6061,0.054,tight,4,26,elec_a,2022-03-14,2022-04-09
P-0992,pcb_mount,steel_304,0.139,loose,4,25,mech_a,2024-07-30,2025-02-18
P-1848,connector,abs_plastic,0.14,loose,4,44,mech_a,2022-07-10,2022-10-08
P-0486,gear,nylon_66,1.446,tight,4,29,mech_a,2023-08-24,2024-07-28
P-0488,housing,nylon_66,5.449,standard,4,28,mech_b,2024-09-22,2024-11-03
P-1850,pcb_mount,nylon_66,0.199,unknown,4,29,mech_a,2024-03-20,2024-11-01
P-2600,seal,steel_304,0.053,standard,4,30,hw_integration,2024-07-30,2024-09-28
P-2601,gear,steel_304,1.361,standard,4,37,hw_integration,2024-11-25,2024-11-30
P-2655,gear,aluminum_6061,1.198,unknown,4,20,mech_b,2024-02-01,2024-09-09
P-2608,housing,abs_plastic,2.686,standard,4,20,elec_a,2023-06-03,2023-08-03
P-0794,bracket,aluminum_6061,0.863,standard,4,25,elec_a,2022-08-12,2023-04-09
P-0795,bracket,abs_plastic,0.506,standard,4,22,hw_integration,2023-03-29,2023-05-20
P-0977,shaft,aluminum_6061,1.964,tight,4,28,mech_a,2022-12-27,2024-01-22
P-0962,gear,aluminum_6061,0.725,loose,4,26,hw_integration,2024-04-29,2025-02-04
P-2577,connector,titanium_6al4v,0.149,loose,4,23,mech_b,2023-02-06,2023-03-22
P-2568,bracket,aluminum_6061,0.806,unknown,4,35,hw_integration,2024-03-28,2024-08-06
P-2587,housing,abs_plastic,5.448,loose,4,24,hw_integration,2024-03-19,2024-11-09
P-2588,bracket,aluminum_6061,1.417,standard,4,29,mech_b,2024-11-23,2025-07-12
P-2591,pcb_mount,steel_304,0.498,standard,4,25,mech_b,2023-08-25,2023-11-24
P-0203,shaft,copper_c110,2.668,standard,4,35,hw_integration,2023-01-04,2023-07-17
P-0207,bracket,aluminum_6061,0.729,standard,4,31,mech_b,2025-02-20,2025-07-27
P-0197,connector,abs_plastic,0.068,standard,4,27,mech_a,2025-02-07,2025-05-05
P-1878,housing,unknown,2.27,standard,4,27,hw_integration,2024-08-31,2025-02-24
P-1868,housing,aluminum_6061,3.815,loose,4,32,mech_a,2022-01-02,2022-06-24
P-1886,housing,nylon_66,2.493,standard,4,20,hw_integration,2023-11-14,2024-11-18
P-1889,fastener,steel_304,0.032,standard,4,23,mech_b,2024-04-09,2025-04-05
P-1876,pcb_mount,abs_plastic,0.225,unknown,4,34,mech_b,2024-04-13,2025-01-10
P-1877,housing,aluminum_6061,1.808,standard,4,31,elec_a,2022-04-13,2023-03-07
P-0475,housing,abs_plastic,6.361,loose,4,32,mech_a,2023-12-05,2024-08-30
P-0476,housing,steel_304,1.664,loose,4,20,elec_a,2023-01-31,2023-07-15
P-0616,pcb_mount,abs_plastic,0.428,loose,4,25,hw_integration,2023-06-02,2023-06-28
P-0640,fastener,steel_304,0.046,standard,4,21,mech_a,2022-07-25,2022-09-23
P-0630,pcb_mount,aluminum_6061,0.498,standard,4,25,mech_a,2022-04-18,2023-03-07
P-0620,bracket,titanium_6al4v,0.814,loose,4,31,elec_a,2025-01-17,2025-01-28
P-1871,housing,steel_304,4.004,loose,4,23,mech_a,2024-11-24,2025-10-15
P-1873,seal,abs_plastic,0.248,loose,4,32,mech_a,2022-12-20,2023-06-17
P-1865,connector,abs_plastic,0.119,standard,4,29,mech_b,2022-06-05,2022-09-17
P-1914,shaft,titanium_6al4v,2.621,tight,4,25,elec_a,2024-04-27,2024-12-19
P-0182,fastener,aluminum_6061,0.167,standard,4,31,elec_a,2024-12-20,2025-10-20
P-0175,bracket,abs_plastic,0.513,standard,4,23,elec_a,2025-05-26,2026-04-10
P-0177,gear,copper_c110,1.957,standard,4,30,mech_a,2023-06-30,2023-08-08
P-0178,seal,steel_304,0.089,standard,4,28,elec_a,2024-05-25,2024-11-05
P-2635,shaft,aluminum_6061,1.041,loose,4,24,mech_a,2023-09-01,2024-08-12
P-2636,gear,abs_plastic,0.991,standard,4,32,elec_a,2022-02-08,2022-04-08
P-2638,housing,abs_plastic,1.468,standard,4,31,hw_integration,2023-10-21,2024-05-26
P-2641,pcb_mount,steel_304,0.149,loose,4,33,hw_integration,2024-10-21,2024-11-09
P-1920,seal,steel_304,0.031,unknown,4,26,mech_b,2023-01-30,2024-01-31
P-1906,gear,abs_plastic,1.032,loose,4,25,hw_integration,2025-04-16,2025-05-29
P-1415,bracket,aluminum_6061,1.752,standard,4,31,elec_a,2023-01-09,2023-03-15
P-0637,connector,nylon_66,0.261,loose,4,27,hw_integration,2024-05-11,2024-12-19
P-0638,pcb_mount,aluminum_6061,0.129,standard,4,27,hw_integration,2022-09-09,2023-05-16
P-1423,gear,abs_plastic,0.727,loose,4,22,elec_a,2024-07-02,2024-08-02
P-1413,fastener,nylon_66,0.02,loose,4,27,mech_b,2022-01-26,2022-03-23
P-1441,housing,aluminum_6061,5.343,tight,4,33,mech_a,2023-07-15,2024-04-23
P-1904,bracket,copper_c110,0.816,standard,4,21,hw_integration,2023-03-05,2023-03-06
P-1894,bracket,aluminum_6061,0.211,loose,4,27,hw_integration,2022-11-15,2023-01-06
P-1910,fastener,aluminum_6061,0.068,standard,4,26,elec_a,2023-02-02,2023-04-02
P-1913,fastener,unknown,0.052,unknown,4,32,mech_a,2022-09-22,2022-09-25
P-1899,bracket,copper_c110,0.509,tight,4,24,mech_a,2023-06-27,2023-11-01
P-1900,bracket,nylon_66,0.47,standard,4,20,elec_a,2025-06-25,2026-01-06
P-1915,bracket,steel_304,0.278,tight,4,35,mech_a,2022-11-15,2023-01-14
P-1919,connector,copper_c110,0.085,tight,4,30,mech_a,2022-05-11,2023-03-07
P-1042,connector,nylon_66,0.14,loose,4,28,hw_integration,2024-08-28,2025-03-14
P-1044,connector,copper_c110,0.096,loose,4,28,elec_a,2025-06-09,2026-06-13
P-1054,bracket,steel_304,2.057,standard,4,38,elec_a,2023-05-12,2023-05-31
P-1007,seal,steel_304,0.05,tight,4,28,mech_a,2022-10-06,2023-08-05
P-0994,housing,steel_304,1.831,standard,4,18,mech_a,2024-01-06,2025-01-26
P-2582,fastener,steel_304,0.024,standard,4,26,mech_b,2022-06-18,2023-03-11
P-2583,bracket,steel_304,0.782,standard,4,27,mech_a,2022-01-07,2022-05-27
P-2576,connector,aluminum_6061,0.167,standard,4,29,hw_integration,2022-10-29,2022-12-26
P-1002,gear,unknown,2.375,tight,4,32,elec_a,2024-02-20,2024-04-23
P-1021,fastener,aluminum_6061,0.084,tight,4,28,mech_a,2023-01-15,2023-05-21
P-0770,connector,abs_plastic,0.223,standard,4,26,mech_b,2024-12-25,2025-01-07
P-0775,bracket,nylon_66,0.424,standard,4,32,mech_b,2022-07-13,2022-08-31
P-2498,housing,steel_304,2.997,tight,4,27,mech_a,2023-06-21,2024-06-24
P-1047,housing,aluminum_6061,2.808,standard,4,28,hw_integration,2023-12-27,2024-10-06
P-1049,fastener,steel_304,0.035,standard,4,31,hw_integration,2025-06-28,2025-12-09
P-1056,connector,nylon_66,0.102,standard,4,23,mech_a,2024-04-25,2024-12-03
P-1922,housing,aluminum_6061,2.277,standard,4,31,mech_b,2022-11-10,2023-02-09
P-1947,housing,abs_plastic,0.797,tight,4,33,elec_a,2025-01-09,2025-11-01
P-1938,connector,abs_plastic,0.1,loose,4,30,mech_a,2022-08-19,2022-10-14
P-0455,bracket,titanium_6al4v,1.016,unknown,4,20,mech_a,2024-01-19,2024-04-16
P-0458,gear,copper_c110,1.059,standard,4,29,hw_integration,2022-10-07,2022-11-24
P-0461,shaft,steel_304,1.615,loose,4,15,hw_integration,2025-04-03,2025-08-25
P-1390,bracket,abs_plastic,1.45,loose,4,29,elec_a,2023-05-14,2023-08-09
P-1379,connector,copper_c110,0.098,standard,4,25,mech_a,2024-11-03,2025-08-19
P-2553,connector,steel_304,0.204,standard,4,21,mech_a,2024-07-23,2025-03-17
P-2539,bracket,steel_304,0.574,unknown,4,28,elec_a,2022-06-25,2022-10-23
P-2541,shaft,titanium_6al4v,4.788,loose,4,20,elec_a,2023-01-16,2023-11-13
P-2554,seal,aluminum_6061,0.225,standard,4,20,elec_a,2024-12-11,2025-09-07
P-2558,housing,unknown,2.632,standard,4,32,mech_a,2025-03-11,2026-03-03
P-1419,fastener,aluminum_6061,0.103,standard,4,28,mech_b,2025-05-26,2025-12-16
P-1384,seal,steel_304,0.06,loose,4,21,mech_a,2022-07-16,2022-11-27
P-1930,gear,aluminum_6061,0.689,standard,4,20,mech_a,2024-02-04,2024-07-11
P-0227,bracket,abs_plastic,0.653,standard,4,24,hw_integration,2022-12-17,2023-05-02
P-2522,shaft,aluminum_6061,3.233,standard,4,25,hw_integration,2024-01-28,2024-11-27
P-2523,gear,steel_304,0.555,tight,4,24,mech_a,2025-03-02,2025-05-16
P-0234,connector,aluminum_6061,0.445,loose,4,21,mech_a,2022-01-28,2022-11-26
P-0241,fastener,copper_c110,0.195,standard,4,22,elec_a,2024-12-14,2025-05-04
P-2542,gear,steel_304,0.792,loose,4,31,elec_a,2024-06-11,2025-02-20
P-2533,connector,steel_304,0.122,loose,4,31,mech_a,2025-03-17,2026-02-12
P-2549,housing,abs_plastic,1.586,standard,4,26,mech_b,2023-08-19,2023-11-09
P-1427,bracket,aluminum_6061,0.832,tight,4,26,mech_b,2023-09-19,2024-07-23
P-1418,shaft,aluminum_6061,1.294,tight,4,24,hw_integration,2025-04-08,2026-05-01
P-2507,seal,aluminum_6061,0.114,standard,4,26,hw_integration,2024-04-15,2025-03-13
P-2508,seal,steel_304,0.112,loose,4,27,mech_b,2022-12-17,2023-11-24
P-2524,connector,abs_plastic,0.158,standard,4,24,hw_integration,2025-01-06,2025-04-09
P-2514,bracket,unknown,1.819,tight,4,32,hw_integration,2023-12-30,2024-08-22
P-2515,housing,aluminum_6061,2.719,standard,4,39,mech_a,2023-05-17,2023-11-24
P-2516,fastener,titanium_6al4v,0.033,standard,4,31,mech_b,2024-12-03,2025-10-23
P-2439,gear,titanium_6al4v,1.17,tight,4,24,mech_a,2024-07-28,2025-05-29
P-2490,connector,nylon_66,0.131,standard,4,30,mech_b,2022-07-07,2023-02-17
P-1065,housing,aluminum_6061,1.295,standard,4,24,mech_b,2023-05-12,2023-08-24
P-0763,bracket,aluminum_6061,1.079,tight,4,31,mech_b,2025-05-17,2025-09-16
P-1073,gear,steel_304,1.568,standard,4,26,mech_b,2023-05-02,2023-05-30
P-1074,seal,aluminum_6061,0.148,standard,4,26,hw_integration,2025-03-16,2025-08-02
P-1076,housing,steel_304,1.928,standard,4,25,mech_a,2024-10-26,2025-08-30
P-0439,pcb_mount,aluminum_6061,0.256,tight,4,22,elec_a,2022-09-25,2022-11-17
P-0441,fastener,aluminum_6061,0.043,standard,4,31,mech_a,2023-04-22,2024-02-15
P-0427,housing,aluminum_6061,1.799,unknown,4,32,mech_b,2024-02-07,2024-07-05
P-2488,pcb_mount,aluminum_6061,0.366,loose,4,28,mech_b,2024-10-10,2025-07-21
P-2489,bracket,steel_304,1.061,standard,4,27,mech_a,2023-12-07,2024-08-08
P-2479,gear,abs_plastic,0.318,loose,4,23,elec_a,2023-01-17,2023-01-20
P-2480,seal,titanium_6al4v,0.15,tight,4,28,mech_b,2023-12-01,2024-10-29
P-2437,connector,nylon_66,0.174,standard,4,39,mech_b,2024-06-18,2025-02-01
P-1961,connector,aluminum_6061,0.136,loose,4,20,mech_b,2023-09-30,2024-05-15
P-0442,bracket,aluminum_6061,0.534,tight,4,23,hw_integration,2022-10-08,2023-07-24
P-1954,seal,titanium_6al4v,0.083,loose,4,27,elec_a,2024-01-22,2024-10-24
P-1979,pcb_mount,nylon_66,0.316,tight,4,26,elec_a,2022-03-27,2023-02-12
P-1983,fastener,steel_304,0.075,tight,4,27,mech_b,2024-11-29,2025-02-24
P-1984,housing,aluminum_6061,2.754,tight,4,31,mech_b,2022-03-27,2023-01-18
P-2008,bracket,abs_plastic,0.813,tight,4,23,mech_a,2024-05-26,2025-01-14
P-2012,housing,steel_304,1.719,standard,4,34,mech_a,2024-02-23,2024-08-01
P-1383,shaft,aluminum_6061,2.359,tight,4,32,mech_a,2023-07-29,2023-11-19
P-1400,gear,nylon_66,0.565,standard,4,27,mech_a,2022-08-17,2023-06-02
P-1401,gear,nylon_66,0.868,standard,4,28,mech_b,2022-09-30,2023-07-22
P-0645,connector,aluminum_6061,0.054,standard,4,24,mech_b,2022-04-02,2023-03-15
P-1407,seal,copper_c110,0.05,tight,4,23,mech_a,2023-12-11,2024-06-13
P-0653,connector,steel_304,0.205,standard,4,25,mech_b,2023-11-07,2024-09-18
P-1959,fastener,unknown,0.042,loose,4,30,hw_integration,2024-08-04,2025-07-23
P-0673,seal,aluminum_6061,0.172,standard,4,23,mech_b,2023-03-19,2023-04-15
P-1348,gear,copper_c110,0.929,standard,4,35,elec_a,2024-05-06,2025-01-21
P-1350,bracket,nylon_66,0.881,loose,4,26,mech_b,2022-10-04,2022-10-28
P-1351,pcb_mount,aluminum_6061,0.358,loose,4,27,elec_a,2024-08-03,2024-08-16
P-1353,housing,abs_plastic,1.91,tight,4,25,mech_a,2023-10-03,2024-08-09
P-1365,shaft,nylon_66,3.021,loose,4,29,hw_integration,2022-12-22,2023-05-18
P-1367,housing,steel_304,2.363,loose,4,32,hw_integration,2024-03-08,2024-11-09
P-1368,bracket,abs_plastic,1.643,standard,4,35,mech_b,2024-11-07,2024-11-09
P-0251,connector,titanium_6al4v,0.058,tight,4,34,mech_b,2022-02-22,2023-03-21
P-0253,gear,aluminum_6061,1.488,standard,4,26,elec_a,2025-04-19,2026-01-04
P-0245,connector,aluminum_6061,0.525,loose,4,23,hw_integration,2023-04-01,2023-09-22
P-2481,shaft,aluminum_6061,3.418,loose,4,29,hw_integration,2023-02-16,2023-11-04
P-0418,pcb_mount,nylon_66,0.234,loose,4,24,mech_a,2023-05-24,2023-06-07
P-0449,bracket,steel_304,1.628,standard,4,28,mech_b,2022-06-26,2023-01-10
P-0669,housing,steel_304,1.908,loose,4,32,mech_b,2023-06-29,2023-09-11
P-0670,gear,abs_plastic,1.963,tight,4,25,elec_a,2022-11-26,2023-08-02
P-2458,bracket,abs_plastic,0.593,tight,4,24,mech_a,2023-06-07,2023-09-05
P-2459,housing,aluminum_6061,1.555,standard,4,23,mech_a,2024-07-14,2025-05-01
P-2461,fastener,abs_plastic,0.055,tight,4,23,mech_b,2022-01-25,2022-12-10
P-0289,shaft,aluminum_6061,0.787,standard,4,28,elec_a,2022-11-15,2023-06-16
P-0266,bracket,aluminum_6061,1.411,tight,4,26,mech_b,2022-07-23,2023-05-30
P-0270,bracket,aluminum_6061,0.953,loose,4,23,mech_a,2022-06-29,2022-09-15
P-0272,bracket,abs_plastic,0.739,loose,4,26,elec_a,2024-04-22,2024-11-21
P-0258,bracket,steel_304,0.91,loose,4,34,mech_b,2024-03-07,2024-06-15
P-1039,gear,steel_304,0.611,tight,4,39,hw_integration,2025-04-16,2025-08-16
P-1033,shaft,abs_plastic,3.401,loose,4,27,hw_integration,2022-02-23,2022-10-17
P-2518,housing,aluminum_6061,2.73,loose,4,33,mech_b,2025-06-21,2026-05-21
P-2521,bracket,steel_304,1.009,standard,4,22,elec_a,2023-10-01,2024-05-27
P-2448,gear,steel_304,0.576,standard,4,29,elec_a,2024-09-13,2024-10-15
P-2453,connector,nylon_66,0.186,loose,4,25,hw_integration,2023-01-10,2023-07-19
P-0261,bracket,aluminum_6061,1.254,tight,4,25,mech_a,2024-06-18,2025-02-28
P-0265,seal,steel_304,0.053,standard,4,26,mech_a,2025-06-06,2025-11-12
P-2424,bracket,aluminum_6061,1.3,tight,4,18,mech_b,2023-09-10,2024-07-29
P-2425,fastener,titanium_6al4v,0.148,standard,4,23,hw_integration,2025-06-01,2026-03-17
P-2431,fastener,steel_304,0.058,loose,4,30,mech_b,2022-05-09,2023-05-17
P-1113,connector,nylon_66,0.255,standard,4,33,elec_a,2023-03-15,2023-07-19
P-1098,pcb_mount,abs_plastic,0.401,standard,4,35,elec_a,2022-06-26,2023-06-09
P-0747,housing,aluminum_6061,3.107,standard,4,22,mech_a,2024-05-13,2025-05-05
P-0749,pcb_mount,steel_304,0.53,standard,4,26,elec_a,2022-10-03,2022-11-10
P-0752,housing,steel_304,1.792,loose,4,30,mech_a,2022-03-17,2022-04-28
P-2052,bracket,steel_304,0.431,standard,4,30,mech_a,2024-01-26,2024-08-19
P-2069,housing,aluminum_6061,2.109,loose,4,27,elec_a,2023-02-24,2023-06-04
P-2412,seal,nylon_66,0.089,standard,4,30,elec_a,2025-01-03,2025-12-11
P-2413,gear,steel_304,0.58,standard,4,17,mech_a,2024-02-16,2024-08-30
P-2414,shaft,aluminum_6061,2.351,loose,4,19,elec_a,2023-08-01,2023-11-09
P-2415,shaft,abs_plastic,1.148,loose,4,32,mech_b,2022-06-15,2022-12-22
P-2432,pcb_mount,steel_304,0.136,loose,4,30,elec_a,2024-06-16,2025-01-18
P-2420,seal,steel_304,0.078,loose,4,27,mech_b,2024-04-20,2024-10-30
P-1987,housing,abs_plastic,1.049,tight,4,27,mech_b,2024-09-28,2025-07-09
P-1988,connector,aluminum_6061,0.162,tight,4,25,mech_a,2023-06-21,2023-08-13
P-2107,pcb_mount,aluminum_6061,0.567,loose,4,25,hw_integration,2024-06-01,2025-03-10
P-2109,gear,steel_304,1.618,standard,4,30,hw_integration,2024-09-25,2025-07-10
P-2059,bracket,abs_plastic,1.339,standard,4,27,mech_a,2022-02-01,2022-03-04
P-2060,bracket,aluminum_6061,1.224,tight,4,29,elec_a,2022-08-30,2023-03-26
P-2065,gear,copper_c110,3.424,tight,4,23,hw_integration,2024-12-14,2025-10-02
P-2051,seal,aluminum_6061,0.075,standard,4,35,mech_a,2025-03-24,2025-04-05
P-1371,bracket,aluminum_6061,0.783,loose,4,32,hw_integration,2025-06-02,2025-12-27
P-1377,connector,abs_plastic,0.121,loose,4,26,mech_b,2022-12-08,2023-07-20
P-1362,gear,steel_304,0.835,standard,4,19,elec_a,2024-11-06,2025-05-07
P-2028,gear,steel_304,2.737,standard,4,25,mech_a,2022-01-29,2022-02-08
P-2019,connector,abs_plastic,0.372,standard,4,22,elec_a,2023-12-30,2024-10-05
P-1990,bracket,aluminum_6061,0.221,tight,4,23,mech_b,2023-03-28,2024-01-10
P-2043,connector,steel_304,0.105,tight,4,29,hw_integration,2023-08-11,2024-03-02
P-1986,seal,steel_304,0.048,loose,4,26,mech_b,2025-05-27,2026-05-17
P-1338,connector,unknown,0.127,standard,4,24,hw_integration,2022-07-08,2023-02-05
P-1342,pcb_mount,aluminum_6061,0.44,unknown,4,31,mech_b,2025-04-29,2025-10-28
P-1331,pcb_mount,aluminum_6061,0.251,loose,4,14,hw_integration,2023-09-21,2024-07-05
P-1296,gear,steel_304,0.722,tight,4,19,elec_a,2022-05-24,2022-12-11
P-1297,bracket,steel_304,0.729,standard,4,34,mech_a,2022-08-24,2023-04-26
P-1283,gear,abs_plastic,0.704,loose,4,38,mech_a,2023-01-23,2023-05-25
P-1286,seal,aluminum_6061,0.159,tight,4,22,hw_integration,2022-11-28,2023-12-24
P-0414,fastener,aluminum_6061,0.067,tight,4,36,elec_a,2023-10-08,2024-04-15
P-2078,housing,aluminum_6061,4.256,loose,4,26,elec_a,2023-11-12,2024-10-21
P-1328,shaft,unknown,1.893,standard,4,28,hw_integration,2025-05-27,2025-11-28
P-1329,housing,nylon_66,2.639,loose,4,29,elec_a,2022-02-24,2022-09-25
P-1314,bracket,nylon_66,0.589,standard,4,42,mech_b,2025-01-16,2025-10-25
P-1316,connector,abs_plastic,0.287,loose,4,34,mech_a,2022-06-10,2023-07-06
P-1324,pcb_mount,aluminum_6061,0.566,tight,4,33,hw_integration,2022-10-31,2023-10-26
P-1326,fastener,abs_plastic,0.039,standard,4,21,mech_b,2022-06-12,2023-01-12
P-1289,gear,titanium_6al4v,0.324,standard,4,28,hw_integration,2022-01-28,2022-07-14
P-1125,gear,titanium_6al4v,2.163,loose,4,26,elec_a,2022-08-30,2022-11-22
P-1101,bracket,unknown,0.768,standard,4,22,hw_integration,2023-09-07,2024-01-11
P-1102,housing,abs_plastic,3.409,loose,4,23,hw_integration,2022-10-22,2022-10-25
P-1104,fastener,steel_304,0.06,loose,4,26,mech_a,2022-09-05,2023-02-08
P-1091,housing,aluminum_6061,1.772,standard,4,32,mech_a,2022-09-22,2023-06-01
P-1094,housing,aluminum_6061,5.851,standard,4,30,elec_a,2025-02-15,2026-03-18
P-0285,shaft,aluminum_6061,0.963,tight,4,18,elec_a,2023-12-23,2024-05-24
P-2074,fastener,steel_304,0.109,unknown,4,31,hw_integration,2024-12-03,2025-10-24
P-0766,bracket,nylon_66,0.802,standard,4,25,mech_b,2022-11-11,2023-05-04
P-0756,housing,steel_304,4.165,loose,4,25,mech_a,2023-03-25,2023-04-08
P-2457,connector,aluminum_6061,0.183,tight,4,27,mech_b,2023-06-30,2024-03-20
P-2442,bracket,nylon_66,0.949,standard,4,32,hw_integration,2022-11-26,2023-06-21
P-2361,fastener,abs_plastic,0.055,loose,4,29,elec_a,2023-03-30,2023-10-21
P-2352,fastener,nylon_66,0.029,tight,4,34,elec_a,2024-01-24,2025-01-25
P-2338,gear,abs_plastic,1.351,loose,4,24,hw_integration,2023-08-24,2024-04-30
P-1123,fastener,copper_c110,0.047,tight,4,30,mech_a,2022-12-12,2023-12-08
P-0681,bracket,nylon_66,1.209,standard,4,30,mech_a,2025-06-25,2025-12-28
P-0683,bracket,steel_304,1.139,standard,4,20,hw_integration,2022-06-12,2022-12-24
P-0686,gear,aluminum_6061,1.134,unknown,4,23,hw_integration,2025-04-19,2026-02-04
P-2122,bracket,steel_304,1.613,standard,4,31,hw_integration,2023-09-11,2023-12-04
P-2319,shaft,steel_304,1.681,standard,4,26,hw_integration,2024-06-29,2024-08-16
P-2320,fastener,steel_304,0.05,standard,4,17,elec_a,2023-05-25,2023-08-19
P-2326,seal,aluminum_6061,0.197,loose,4,26,mech_b,2022-04-06,2022-05-21
P-2328,housing,copper_c110,2.081,standard,4,20,elec_a,2022-11-15,2023-04-30
P-0404,bracket,copper_c110,0.322,standard,4,33,hw_integration,2022-04-30,2023-05-29
P-2085,connector,titanium_6al4v,0.059,loose,4,27,mech_b,2022-09-13,2022-10-30
P-2096,gear,abs_plastic,1.214,tight,4,19,mech_b,2024-01-18,2024-05-20
P-1301,housing,steel_304,3.231,standard,4,23,mech_a,2024-04-17,2024-08-11
P-1303,pcb_mount,titanium_6al4v,0.568,tight,4,24,hw_integration,2023-06-12,2023-12-24
P-1292,connector,aluminum_6061,0.21,loose,4,29,mech_b,2022-02-01,2022-08-15
P-1299,pcb_mount,steel_304,0.166,tight,4,31,mech_a,2023-07-07,2023-11-04
P-0679,bracket,aluminum_6061,1.151,loose,4,25,elec_a,2024-07-14,2024-09-18
P-0298,pcb_mount,steel_304,0.296,standard,4,29,mech_b,2022-11-26,2023-12-30
P-0303,shaft,aluminum_6061,2.334,standard,4,25,mech_b,2023-01-05,2023-01-29
P-0320,seal,steel_304,0.115,standard,4,26,mech_b,2024-05-24,2025-04-18
P-2380,connector,nylon_66,0.15,standard,4,25,mech_a,2022-07-18,2022-08-18
P-2374,housing,abs_plastic,1.31,standard,4,38,elec_a,2024-08-01,2025-01-01
P-2392,pcb_mount,steel_304,0.241,standard,4,34,hw_integration,2023-06-28,2024-04-01
P-2343,pcb_mount,copper_c110,0.484,standard,4,29,hw_integration,2022-04-04,2022-08-16
P-2394,bracket,steel_304,0.494,standard,4,42,mech_a,2024-04-26,2025-02-04
P-0415,bracket,aluminum_6061,1.233,standard,4,35,hw_integration,2022-10-15,2022-11-25
P-0403,pcb_mount,steel_304,0.162,loose,4,28,elec_a,2022-01-08,2022-06-16
P-1183,bracket,abs_plastic,0.409,standard,4,31,mech_b,2025-02-03,2025-03-15
P-2367,housing,steel_304,2.715,loose,4,34,mech_b,2024-11-25,2025-12-28
P-2354,shaft,abs_plastic,0.761,loose,4,25,mech_a,2025-05-08,2026-05-28
P-2357,shaft,abs_plastic,2.369,standard,4,27,mech_b,2023-06-08,2024-04-03
P-2364,fastener,copper_c110,0.061,standard,4,31,elec_a,2022-12-04,2023-12-05
P-0312,gear,titanium_6al4v,1.425,tight,4,27,hw_integration,2022-10-08,2023-03-21
P-2285,housing,aluminum_6061,3.403,loose,4,23,elec_a,2022-05-12,2022-10-16
P-2274,fastener,copper_c110,0.059,standard,4,19,elec_a,2022-01-22,2022-01-27
P-2305,gear,aluminum_6061,1.362,standard,4,30,mech_b,2024-01-25,2024-05-04
P-0337,bracket,steel_304,0.835,standard,4,28,hw_integration,2024-08-13,2024-12-06
P-0328,shaft,nylon_66,1.178,standard,4,31,elec_a,2024-12-31,2025-07-23
P-2298,bracket,aluminum_6061,0.413,loose,4,24,mech_b,2024-03-23,2024-08-23
P-0345,pcb_mount,steel_304,0.442,loose,4,32,mech_b,2022-10-07,2023-08-19
P-0332,housing,aluminum_6061,7.075,tight,4,26,mech_b,2023-11-28,2024-12-10
P-0390,fastener,aluminum_6061,0.032,loose,4,25,mech_b,2024-11-06,2024-12-03
P-2139,pcb_mount,aluminum_6061,0.347,standard,4,25,mech_b,2024-06-29,2025-03-27
P-0398,housing,aluminum_6061,4.38,loose,4,27,mech_b,2024-06-24,2025-02-27
P-0370,fastener,steel_304,0.029,standard,4,26,hw_integration,2022-09-18,2023-10-13
P-2151,connector,abs_plastic,0.186,standard,4,29,elec_a,2022-01-09,2022-08-20
P-2176,shaft,aluminum_6061,1.784,tight,4,31,hw_integration,2022-10-12,2023-04-17
P-1194,seal,nylon_66,0.199,standard,4,23,mech_a,2024-02-27,2024-04-11
P-1196,housing,steel_304,2.803,tight,4,28,mech_b,2022-11-06,2023-09-09
P-1155,shaft,abs_plastic,2.165,tight,4,36,mech_a,2025-02-07,2025-10-29
P-1156,bracket,aluminum_6061,1.167,standard,4,28,elec_a,2023-08-12,2023-12-29
P-1175,shaft,nylon_66,1.509,standard,4,32,mech_a,2022-10-06,2023-10-12
P-1163,fastener,copper_c110,0.06,standard,4,29,mech_a,2024-10-14,2025-01-12
P-2127,housing,steel_304,1.802,standard,4,24,mech_b,2023-10-15,2024-09-18
P-2145,housing,steel_304,3.057,standard,4,24,mech_b,2022-03-02,2022-06-18
P-2132,pcb_mount,aluminum_6061,0.183,tight,4,27,hw_integration,2023-01-08,2024-01-31
P-0387,pcb_mount,steel_304,0.23,loose,4,30,elec_a,2025-04-11,2025-06-11
P-2277,shaft,abs_plastic,1.126,unknown,4,22,elec_a,2024-04-27,2024-08-29
P-2279,fastener,aluminum_6061,0.028,tight,4,24,hw_integration,2023-04-08,2023-06-16
P-2281,gear,titanium_6al4v,1.24,standard,4,25,hw_integration,2024-08-25,2025-02-12
P-1160,pcb_mount,aluminum_6061,0.575,loose,4,26,mech_a,2023-10-25,2024-02-11
P-1214,gear,aluminum_6061,0.857,standard,4,23,elec_a,2024-10-17,2025-09-12
P-1216,shaft,aluminum_6061,1.524,loose,4,25,elec_a,2024-07-23,2024-12-13
P-1167,fastener,aluminum_6061,0.032,standard,4,25,elec_a,2022-09-21,2023-02-05
P-1169,pcb_mount,steel_304,0.239,standard,4,31,hw_integration,2022-06-04,2022-09-04
P-0350,bracket,steel_304,0.32,standard,4,17,hw_integration,2024-02-10,2025-01-10
P-2254,connector,nylon_66,0.384,tight,4,30,mech_a,2022-02-19,2022-06-22
P-2257,fastener,abs_plastic,0.035,standard,4,29,elec_a,2024-07-16,2024-12-08
P-2242,bracket,aluminum_6061,1.163,tight,4,26,mech_a,2024-09-20,2025-02-27
P-2244,housing,aluminum_6061,3.056,standard,4,27,mech_a,2024-09-17,2025-06-03
P-2260,gear,aluminum_6061,1.014,standard,4,28,mech_b,2023-12-12,2024-08-03
P-2262,seal,abs_plastic,0.081,loose,4,31,hw_integration,2024-06-12,2025-06-09
P-2265,shaft,steel_304,1.764,standard,4,29,mech_b,2024-06-07,2025-03-17
P-0699,connector,aluminum_6061,0.105,standard,4,31,elec_a,2023-08-19,2024-01-06
P-1269,shaft,nylon_66,0.794,tight,4,26,mech_b,2023-12-18,2024-05-22
P-1271,seal,unknown,0.092,tight,4,28,mech_b,2024-02-15,2024-03-26
P-1272,gear,steel_304,0.388,tight,4,27,mech_a,2022-04-11,2022-08-03
P-1273,gear,nylon_66,0.539,unknown,4,27,hw_integration,2024-09-15,2024-10-06
P-1225,bracket,aluminum_6061,0.691,standard,4,34,hw_integration,2025-03-06,2026-01-05
P-2246,housing,abs_plastic,2.591,loose,4,32,mech_a,2023-10-21,2024-05-23
P-0348,housing,abs_plastic,2.101,standard,4,19,mech_a,2025-04-26,2026-03-15
P-2154,pcb_mount,aluminum_6061,0.288,tight,4,23,elec_a,2023-10-16,2024-06-29
P-2116,seal,copper_c110,0.105,tight,4,26,mech_b,2022-09-06,2023-05-10
P-0703,bracket,unknown,0.986,tight,4,23,mech_b,2022-04-04,2022-07-10
P-0693,housing,aluminum_6061,1.871,tight,4,22,mech_a,2023-02-01,2023-12-24
P-0694,housing,steel_304,2.137,tight,4,30,mech_b,2023-08-22,2023-11-26
P-0696,shaft,steel_304,1.37,loose,4,25,hw_integration,2023-02-15,2023-08-28
P-1261,bracket,titanium_6al4v,0.651,tight,4,24,hw_integration,2023-03-30,2023-06-19
P-0698,connector,aluminum_6061,0.132,loose,4,27,elec_a,2025-04-01,2026-01-17
P-0335,bracket,steel_304,1.094,standard,4,36,mech_b,2022-07-17,2023-08-05
P-2308,gear,aluminum_6061,1.294,standard,4,27,mech_b,2022-09-09,2023-08-30
P-2309,connector,aluminum_6061,0.334,standard,4,27,mech_b,2025-04-15,2025-11-28
P-2310,fastener,aluminum_6061,0.052,tight,4,31,mech_b,2024-08-02,2024-10-07
P-2314,housing,abs_plastic,2.021,standard,4,26,mech_b,2023-07-05,2023-10-10
P-2315,gear,steel_304,1.018,loose,4,25,mech_a,2024-11-22,2025-09-03
P-2318,pcb_mount,copper_c110,0.34,tight,4,31,mech_b,2022-05-25,2022-08-11
P-2168,gear,nylon_66,0.809,tight,4,33,hw_integration,2025-03-19,2025-11-26
P-1588,shaft,copper_c110,0.802,tight,4,24,mech_a,2023-12-19,2024-03-11
P-1589,housing,abs_plastic,2.768,standard,4,32,elec_a,2023-10-19,2024-08-28
P-1593,seal,abs_plastic,0.066,tight,4,22,hw_integration,2022-06-28,2022-11-05
P-0580,gear,aluminum_6061,0.86,tight,4,24,mech_a,2023-08-10,2024-06-21
P-1594,gear,aluminum_6061,1.669,tight,4,21,mech_a,2024-06-24,2025-01-13
P-1595,fastener,aluminum_6061,0.101,standard,4,29,mech_a,2025-04-19,2025-04-25
P-1599,pcb_mount,steel_304,0.181,standard,4,24,mech_a,2022-03-21,2022-07-10
P-0590,bracket,aluminum_6061,0.527,standard,4,27,mech_a,2025-05-02,2025-10-31
P-0560,shaft,steel_304,1.385,loose,4,27,hw_integration,2023-08-13,2023-11-29
P-0566,connector,nylon_66,0.075,standard,4,26,mech_b,2024-09-01,2024-10-19
P-0567,pcb_mount,copper_c110,0.346,standard,4,27,mech_a,2023-02-01,2023-12-15
P-0568,bracket,steel_304,0.578,standard,4,29,mech_a,2025-05-17,2026-01-29
P-1582,housing,nylon_66,4.002,tight,4,33,mech_a,2022-06-17,2023-07-12
P-1586,seal,nylon_66,0.107,standard,4,30,mech_a,2022-03-10,2022-05-09
P-1587,gear,steel_304,1.474,unknown,4,32,hw_integration,2025-05-11,2026-02-14
P-0079,shaft,abs_plastic,1.141,unknown,4,31,mech_b,2024-05-19,2025-04-08
P-0080,pcb_mount,aluminum_6061,0.17,tight,4,29,mech_a,2025-04-27,2026-05-24
P-0092,connector,copper_c110,0.204,loose,4,19,mech_a,2022-12-08,2023-06-14
P-0093,gear,copper_c110,0.643,standard,4,28,mech_b,2024-07-21,2024-08-03
P-0083,pcb_mount,abs_plastic,0.635,standard,4,27,mech_a,2023-11-13,2024-05-07
P-2894,connector,nylon_66,0.058,loose,4,28,hw_integration,2024-11-19,2025-12-08
P-2882,bracket,aluminum_6061,0.983,unknown,4,16,mech_b,2023-01-06,2023-07-12
P-2886,housing,aluminum_6061,1.423,loose,4,36,hw_integration,2024-05-11,2024-07-02
P-2922,bracket,aluminum_6061,0.548,standard,4,20,hw_integration,2023-12-08,2025-01-03
P-2923,bracket,nylon_66,0.787,loose,4,30,elec_a,2023-04-05,2023-05-04
P-2924,connector,steel_304,0.328,standard,4,34,elec_a,2022-11-02,2022-12-06
P-2869,seal,aluminum_6061,0.088,unknown,4,22,hw_integration,2023-09-05,2023-10-10
P-0066,shaft,steel_304,1.232,tight,4,31,mech_b,2025-01-14,2026-01-29
P-0068,housing,aluminum_6061,2.572,loose,4,23,hw_integration,2024-07-01,2024-08-31
P-0074,housing,abs_plastic,2.004,loose,4,28,hw_integration,2025-03-30,2025-06-12
P-0077,housing,steel_304,3.569,standard,4,33,hw_integration,2023-01-23,2023-11-06
P-0353,shaft,aluminum_6061,1.811,standard,4,27,mech_a,2023-12-19,2024-01-28
P-0339,bracket,aluminum_6061,1.13,loose,4,23,elec_a,2024-09-16,2025-03-11
P-2953,bracket,steel_304,1.385,standard,4,26,mech_b,2024-06-01,2025-05-10
P-0058,shaft,aluminum_6061,2.412,standard,4,36,mech_a,2022-09-25,2023-06-01
P-2959,housing,abs_plastic,2.688,loose,4,24,hw_integration,2024-06-04,2025-05-26
P-2969,shaft,abs_plastic,2.164,tight,4,30,hw_integration,2023-11-30,2024-04-19
P-2955,shaft,steel_304,2.232,standard,4,24,mech_b,2024-01-09,2024-09-15
P-0022,gear,nylon_66,0.982,tight,4,26,mech_b,2023-03-12,2023-05-24
P-2981,connector,steel_304,0.066,standard,4,33,hw_integration,2022-02-10,2022-06-15
P-2988,shaft,steel_304,0.882,tight,4,22,mech_b,2022-06-17,2023-06-08
P-2989,bracket,titanium_6al4v,0.911,loose,4,30,hw_integration,2024-06-26,2024-12-25
P-2979,pcb_mount,aluminum_6061,0.706,standard,4,33,mech_a,2022-01-23,2022-07-22
P-2889,bracket,nylon_66,0.489,standard,4,28,hw_integration,2022-03-14,2022-05-16
P-2931,connector,titanium_6al4v,0.284,standard,4,32,elec_a,2022-06-05,2023-01-08
P-0855,housing,abs_plastic,2.776,loose,4,24,mech_a,2024-11-08,2024-12-10
P-0842,pcb_mount,abs_plastic,0.589,tight,4,21,mech_a,2022-11-26,2023-12-19
P-0847,gear,nylon_66,0.991,loose,4,32,mech_b,2022-07-21,2023-07-16
P-0848,connector,abs_plastic,0.074,standard,4,26,mech_a,2023-11-26,2024-03-16
P-0849,bracket,aluminum_6061,0.36,loose,4,21,mech_b,2023-08-19,2023-10-17
P-0861,pcb_mount,steel_304,0.149,loose,4,22,mech_b,2022-05-28,2022-06-25
P-0851,bracket,steel_304,0.894,tight,4,27,hw_integration,2023-09-09,2024-08-31
P-0005,bracket,aluminum_6061,0.634,loose,4,35,mech_a,2024-05-28,2024-12-25
P-0015,gear,aluminum_6061,1.076,loose,4,31,hw_integration,2022-12-02,2023-09-19
P-0016,housing,abs_plastic,1.461,loose,4,26,elec_a,2022-02-27,2022-08-12
P-1124,bracket,steel_304,0.867,tight,4,27,mech_a,2024-09-20,2025-09-28
P-0034,gear,aluminum_6061,1.451,loose,4,23,elec_a,2023-02-26,2023-02-28
P-2038,bracket,aluminum_6061,0.968,standard,4,27,mech_b,2023-10-23,2023-11-20
P-1903,fastener,aluminum_6061,0.086,tight,5,24,elec_a,2024-11-07,2024-11-25
P-0180,pcb_mount,steel_304,0.349,standard,5,28,mech_b,2024-05-18,2024-12-24
P-1864,shaft,nylon_66,1.532,standard,5,16,elec_a,2024-01-31,2024-11-29
P-1880,shaft,steel_304,1.921,tight,5,27,elec_a,2025-05-21,2026-01-02
P-0613,seal,abs_plastic,0.174,standard,5,27,elec_a,2023-09-20,2024-07-03
P-2643,shaft,nylon_66,3.902,loose,5,24,hw_integration,2023-05-10,2024-03-16
P-2645,housing,abs_plastic,2.374,standard,5,23,hw_integration,2022-07-09,2023-05-10
P-0478,connector,copper_c110,0.177,standard,5,36,hw_integration,2023-04-26,2023-10-08
P-0469,bracket,steel_304,1.324,tight,5,25,hw_integration,2022-04-18,2022-08-30
P-0193,bracket,abs_plastic,2.031,loose,5,25,hw_integration,2023-03-24,2023-12-04
P-1870,fastener,abs_plastic,0.051,standard,5,30,hw_integration,2022-01-31,2022-05-05
P-1874,seal,abs_plastic,0.068,loose,5,31,mech_b,2023-10-31,2024-08-01
P-1829,seal,nylon_66,0.083,tight,5,21,hw_integration,2022-07-30,2022-08-23
P-1863,seal,aluminum_6061,0.063,loose,5,22,hw_integration,2023-11-11,2024-05-15
P-0799,pcb_mount,steel_304,0.268,standard,5,28,hw_integration,2024-12-08,2025-05-14
P-0974,fastener,aluminum_6061,0.051,tight,5,20,elec_a,2023-10-23,2024-05-26
P-0965,seal,steel_304,0.078,loose,5,34,hw_integration,2022-07-31,2023-02-26
P-2594,bracket,unknown,0.506,standard,5,28,elec_a,2023-06-23,2024-01-14
P-2512,gear,steel_304,1.57,standard,5,23,mech_b,2024-01-24,2024-05-03
P-0201,pcb_mount,nylon_66,0.197,standard,5,29,mech_b,2022-04-18,2022-10-22
P-0777,connector,abs_plastic,0.148,standard,5,21,mech_a,2024-08-29,2025-08-20
P-1018,fastener,steel_304,0.052,loose,5,26,elec_a,2023-12-10,2024-03-04
P-0781,housing,aluminum_6061,1.418,standard,5,26,mech_b,2023-04-11,2023-12-30
P-0786,gear,copper_c110,1.118,standard,5,18,elec_a,2022-04-05,2022-10-24
P-0778,bracket,aluminum_6061,0.434,standard,5,29,mech_a,2025-05-16,2026-03-08
P-1036,connector,steel_304,0.132,standard,5,36,mech_b,2023-02-25,2023-03-27
P-1057,fastener,aluminum_6061,0.04,tight,5,24,elec_a,2022-12-29,2023-06-19
P-2596,fastener,abs_plastic,0.027,standard,5,28,mech_b,2024-04-11,2024-04-13
P-2501,bracket,aluminum_6061,0.432,loose,5,35,mech_a,2024-07-15,2024-10-16
P-2503,seal,aluminum_6061,0.138,loose,5,21,mech_a,2022-11-26,2023-12-01
P-0184,housing,aluminum_6061,3.075,standard,5,29,elec_a,2023-05-24,2023-12-26
P-2610,gear,abs_plastic,0.709,loose,5,21,hw_integration,2025-06-22,2026-03-16
P-2613,shaft,aluminum_6061,0.73,standard,5,25,mech_a,2025-01-07,2026-01-05
P-1466,connector,aluminum_6061,0.199,loose,5,30,hw_integration,2024-06-23,2024-11-23
P-0624,shaft,nylon_66,1.025,unknown,5,32,elec_a,2024-07-03,2025-02-17
P-1449,connector,abs_plastic,0.033,standard,5,22,mech_b,2022-05-29,2022-09-19
P-2712,housing,abs_plastic,1.853,loose,5,26,elec_a,2025-01-16,2026-02-04
P-2664,housing,aluminum_6061,3.906,tight,5,30,hw_integration,2025-03-31,2025-09-02
P-2689,housing,nylon_66,1.905,loose,5,27,mech_a,2023-01-17,2023-06-02
P-1477,gear,steel_304,1.437,standard,5,27,mech_b,2022-07-24,2023-06-05
P-1813,pcb_mount,unknown,0.262,standard,5,31,mech_a,2022-07-28,2022-12-27
P-1763,housing,copper_c110,6.869,loose,5,37,elec_a,2024-05-08,2024-05-23
P-0137,seal,nylon_66,0.064,unknown,5,33,elec_a,2022-07-23,2022-10-18
P-1484,housing,aluminum_6061,1.427,standard,5,27,mech_b,2024-07-04,2024-07-16
P-2687,housing,aluminum_6061,3.485,standard,5,28,hw_integration,2024-07-21,2025-03-17
P-1505,pcb_mount,aluminum_6061,0.166,standard,5,30,mech_b,2022-04-24,2023-05-23
P-1489,fastener,aluminum_6061,0.019,loose,5,28,elec_a,2024-12-30,2025-11-15
P-1474,shaft,aluminum_6061,1.101,standard,5,27,mech_a,2023-12-07,2024-04-12
P-1476,shaft,abs_plastic,1.292,standard,5,23,mech_a,2024-12-10,2025-10-07
P-2634,connector,aluminum_6061,0.265,standard,5,22,mech_b,2023-10-29,2023-10-31
P-2651,seal,copper_c110,0.182,standard,5,32,elec_a,2024-04-21,2024-04-22
P-1452,connector,titanium_6al4v,0.066,standard,5,26,hw_integration,2022-12-22,2023-07-18
P-1857,housing,steel_304,1.468,loose,5,23,mech_a,2023-04-21,2023-10-22
P-0983,pcb_mount,abs_plastic,0.733,loose,5,38,mech_b,2024-01-21,2024-12-09
P-0984,shaft,aluminum_6061,2.902,standard,5,31,hw_integration,2024-12-26,2025-06-16
P-0985,bracket,steel_304,0.38,standard,5,33,mech_a,2023-03-27,2024-04-14
P-0987,gear,aluminum_6061,2.223,standard,5,28,mech_b,2025-03-29,2025-11-02
P-0993,pcb_mount,aluminum_6061,0.41,tight,5,33,hw_integration,2025-03-01,2026-01-19
P-1826,bracket,steel_304,0.393,loose,5,24,hw_integration,2024-04-28,2024-12-20
P-1827,shaft,aluminum_6061,1.722,standard,5,29,mech_a,2025-04-01,2026-02-19
P-1856,seal,titanium_6al4v,0.101,standard,5,25,mech_a,2025-04-29,2025-06-23
P-0776,fastener,steel_304,0.032,standard,5,21,hw_integration,2024-12-22,2025-02-18
P-1842,shaft,steel_304,1.06,loose,5,24,mech_a,2024-05-22,2024-10-11
P-1843,bracket,aluminum_6061,1.091,loose,5,31,elec_a,2022-08-10,2023-04-04
P-0496,shaft,nylon_66,1.697,loose,5,29,mech_b,2024-10-12,2025-01-15
P-1459,seal,aluminum_6061,0.147,loose,5,34,elec_a,2022-02-02,2022-12-17
P-1462,shaft,steel_304,1.854,standard,5,26,mech_b,2022-12-09,2023-12-28
P-0489,shaft,aluminum_6061,1.492,loose,5,25,hw_integration,2023-05-10,2023-09-18
P-2719,bracket,aluminum_6061,0.733,standard,5,27,hw_integration,2022-08-04,2022-10-02
P-2465,housing,aluminum_6061,6.266,unknown,5,29,mech_b,2024-07-23,2024-11-26
P-1079,connector,aluminum_6061,0.164,loose,5,22,mech_a,2023-11-29,2024-01-19
P-1080,housing,steel_304,2.587,tight,5,30,mech_a,2024-11-10,2025-01-29
P-1069,bracket,copper_c110,1.663,standard,5,23,mech_a,2024-11-12,2025-09-01
P-1028,gear,abs_plastic,0.678,loose,5,27,hw_integration,2024-06-13,2025-03-16
P-1030,gear,copper_c110,2.349,tight,5,29,mech_a,2023-05-21,2024-02-12
P-0271,bracket,titanium_6al4v,0.628,standard,5,28,mech_b,2022-05-14,2023-03-07
P-0260,connector,aluminum_6061,0.158,loose,5,27,elec_a,2024-12-30,2025-11-30
P-2462,connector,aluminum_6061,0.2,standard,5,26,elec_a,2022-06-28,2023-06-21
P-1061,seal,titanium_6al4v,0.111,loose,5,18,mech_b,2023-06-17,2023-08-25
P-2450,connector,steel_304,0.118,standard,5,22,elec_a,2025-01-27,2025-04-16
P-1935,pcb_mount,abs_plastic,0.374,standard,5,32,elec_a,2025-06-09,2026-03-08
P-2559,shaft,abs_plastic,3.183,loose,5,26,hw_integration,2023-12-25,2024-12-21
P-2546,gear,aluminum_6061,0.664,standard,5,28,elec_a,2022-08-23,2023-04-02
P-0240,bracket,steel_304,1.019,standard,5,22,hw_integration,2022-11-09,2023-06-07
P-2544,housing,abs_plastic,3.061,tight,5,25,hw_integration,2022-11-22,2023-03-09
P-1393,bracket,steel_304,1.375,loose,5,24,hw_integration,2023-03-18,2023-07-30
P-1927,gear,aluminum_6061,0.952,loose,5,28,mech_a,2022-01-16,2022-09-08
P-0424,bracket,steel_304,0.734,standard,5,37,mech_b,2022-11-19,2023-07-09
P-2033,gear,aluminum_6061,1.306,standard,5,30,hw_integration,2023-02-23,2023-03-07
P-2021,connector,copper_c110,0.147,loose,5,20,mech_b,2025-01-11,2025-12-21
P-1369,housing,aluminum_6061,3.656,tight,5,24,elec_a,2023-12-13,2024-12-08
P-0672,shaft,abs_plastic,3.381,standard,5,24,hw_integration,2025-02-01,2025-04-22
P-2055,housing,nylon_66,2.428,tight,5,22,mech_a,2022-12-08,2023-12-22
P-2057,seal,steel_304,0.088,standard,5,23,hw_integration,2022-05-24,2022-11-09
P-2048,shaft,nylon_66,0.524,tight,5,31,hw_integration,2022-05-24,2023-05-29
P-2035,bracket,abs_plastic,0.894,loose,5,29,elec_a,2022-08-14,2023-03-14
P-1435,housing,abs_plastic,2.057,loose,5,33,elec_a,2024-08-23,2024-11-12
P-0431,seal,abs_plastic,0.231,standard,5,35,hw_integration,2023-12-10,2024-10-04
P-0433,connector,titanium_6al4v,0.141,loose,5,23,hw_integration,2024-09-05,2025-02-11
P-1981,fastener,copper_c110,0.159,standard,5,24,mech_b,2025-06-09,2026-03-27
P-1982,gear,aluminum_6061,1.628,tight,5,30,mech_b,2025-04-28,2025-11-22
P-1085,seal,steel_304,0.116,standard,5,25,mech_b,2023-10-28,2024-06-12
P-1077,shaft,abs_plastic,1.9,loose,5,19,mech_a,2023-08-23,2024-08-18
P-1059,shaft,steel_304,0.724,standard,5,26,mech_a,2025-04-05,2026-01-09
P-2525,fastener,aluminum_6061,0.048,loose,5,36,mech_a,2024-10-29,2025-06-08
P-1008,housing,aluminum_6061,2.531,loose,5,26,mech_a,2025-05-24,2026-02-24
P-1009,pcb_mount,aluminum_6061,0.222,loose,5,29,hw_integration,2024-09-22,2025-05-28
P-1428,bracket,aluminum_6061,0.752,loose,5,23,hw_integration,2024-10-23,2025-08-11
P-0635,bracket,abs_plastic,0.687,standard,5,28,hw_integration,2022-12-01,2023-05-07
P-0636,bracket,aluminum_6061,0.897,loose,5,29,mech_b,2024-05-26,2024-11-18
P-1422,shaft,aluminum_6061,0.856,loose,5,26,hw_integration,2022-08-10,2022-09-09
P-1412,seal,aluminum_6061,0.277,standard,5,24,mech_a,2025-06-11,2025-07-25
P-2535,seal,nylon_66,0.077,standard,5,26,mech_a,2023-04-15,2024-02-22
P-1890,gear,titanium_6al4v,1.221,standard,5,18,mech_b,2025-05-21,2025-09-18
P-2526,bracket,copper_c110,0.815,tight,5,36,mech_a,2022-08-20,2022-11-20
P-2528,fastener,aluminum_6061,0.049,standard,5,21,mech_a,2024-09-02,2025-02-27
P-1426,gear,steel_304,1.521,loose,5,22,hw_integration,2022-01-16,2022-11-06
P-2579,bracket,copper_c110,0.846,standard,5,32,elec_a,2022-03-03,2023-02-20
P-1882,connector,abs_plastic,0.163,loose,5,28,hw_integration,2024-12-06,2024-12-30
P-0477,gear,nylon_66,1.467,standard,5,31,mech_a,2023-01-23,2024-02-04
P-1012,connector,aluminum_6061,0.153,tight,5,24,elec_a,2025-02-17,2026-01-16
P-1976,housing,steel_304,3.809,tight,5,24,hw_integration,2024-08-27,2025-04-23
P-0654,housing,aluminum_6061,1.006,standard,5,22,elec_a,2024-08-13,2025-09-10
P-0642,pcb_mount,aluminum_6061,0.212,tight,5,29,elec_a,2024-07-31,2024-11-28
P-1387,pcb_mount,steel_304,0.704,standard,5,25,elec_a,2023-10-25,2024-07-23
P-0649,connector,aluminum_6061,0.088,tight,5,19,hw_integration,2025-01-12,2025-09-11
P-0464,housing,aluminum_6061,4.258,loose,5,22,hw_integration,2022-10-26,2023-03-01
P-0443,pcb_mount,aluminum_6061,0.37,tight,5,24,hw_integration,2023-10-07,2024-08-24
P-1967,pcb_mount,steel_304,0.246,standard,5,25,mech_b,2024-07-10,2024-08-07
P-1971,housing,abs_plastic,3.271,unknown,5,27,hw_integration,2022-08-08,2023-06-01
P-1480,shaft,titanium_6al4v,1.211,unknown,5,19,elec_a,2025-02-09,2025-11-09
P-0650,bracket,copper_c110,2.478,standard,5,29,mech_b,2022-10-20,2023-08-06
P-0997,connector,aluminum_6061,0.202,unknown,5,24,hw_integration,2024-02-02,2024-09-26
P-1043,connector,aluminum_6061,0.562,loose,5,30,hw_integration,2023-06-02,2024-05-22
P-0998,bracket,steel_304,0.792,standard,5,25,hw_integration,2022-05-19,2022-06-09
P-1006,gear,aluminum_6061,0.713,standard,5,28,elec_a,2022-06-08,2022-08-07
P-1034,fastener,steel_304,0.034,loose,5,30,hw_integration,2023-04-29,2024-04-16
P-1902,bracket,aluminum_6061,0.781,standard,5,27,mech_a,2022-04-06,2023-03-07
P-2898,housing,nylon_66,2.784,standard,5,23,mech_a,2023-01-01,2023-02-12
P-0095,housing,steel_304,1.025,tight,5,34,mech_a,2022-07-08,2022-09-14
P-2895,seal,aluminum_6061,0.127,standard,5,24,hw_integration,2023-05-11,2024-06-02
P-0071,housing,aluminum_6061,2.588,tight,5,26,mech_a,2024-10-14,2025-03-02
P-0073,fastener,nylon_66,0.074,loose,5,18,elec_a,2023-08-15,2024-02-12
P-1585,connector,abs_plastic,0.115,standard,5,31,mech_b,2024-04-05,2024-04-16
P-0555,bracket,aluminum_6061,1.001,loose,5,30,mech_a,2024-07-03,2024-07-10
P-0549,pcb_mount,aluminum_6061,0.309,standard,5,29,elec_a,2023-12-31,2024-11-04
P-2884,housing,titanium_6al4v,2.786,loose,5,27,mech_b,2023-03-28,2024-01-18
P-0094,gear,titanium_6al4v,0.693,standard,5,15,mech_b,2024-01-08,2024-07-17
P-0591,seal,nylon_66,0.03,loose,5,21,elec_a,2025-04-04,2025-06-12
P-1677,pcb_mount,aluminum_6061,0.285,loose,5,22,mech_a,2022-03-12,2022-10-18
P-1678,gear,aluminum_6061,1.246,tight,5,33,hw_integration,2022-06-20,2023-03-30
P-0583,bracket,steel_304,1.519,standard,5,31,mech_a,2025-04-28,2025-10-22
P-1578,fastener,aluminum_6061,0.068,loose,5,32,mech_a,2022-09-23,2023-04-21
P-1583,gear,nylon_66,0.776,loose,5,30,hw_integration,2025-02-02,2025-06-19
P-0869,bracket,abs_plastic,1.951,standard,5,25,hw_integration,2022-05-01,2022-07-17
P-2849,pcb_mount,aluminum_6061,0.119,standard,5,24,hw_integration,2023-07-17,2023-08-21
P-2815,bracket,steel_304,0.583,tight,5,23,mech_b,2023-11-06,2024-03-31
P-1690,gear,abs_plastic,2.971,standard,5,26,mech_a,2024-12-21,2025-02-10
P-0883,seal,abs_plastic,0.211,standard,5,22,mech_a,2024-03-31,2025-01-30
P-0597,pcb_mount,copper_c110,0.226,loose,5,19,mech_a,2024-10-28,2025-08-06
P-0599,seal,titanium_6al4v,0.146,loose,5,28,elec_a,2023-04-16,2024-02-23
P-0602,pcb_mount,aluminum_6061,0.435,loose,5,23,hw_integration,2022-02-20,2022-09-13
P-1691,pcb_mount,steel_304,0.52,loose,5,25,elec_a,2023-05-22,2024-01-11
P-1693,housing,abs_plastic,2.833,standard,5,21,hw_integration,2024-02-07,2024-09-14
P-2814,bracket,abs_plastic,0.939,tight,5,18,hw_integration,2024-11-30,2025-09-29
P-2800,pcb_mount,steel_304,0.667,standard,5,36,hw_integration,2024-07-14,2025-01-12
P-2802,shaft,abs_plastic,2.554,loose,5,27,hw_integration,2022-06-17,2022-07-04
P-0607,fastener,aluminum_6061,0.05,tight,5,27,hw_integration,2022-04-09,2022-10-26
P-1544,bracket,steel_304,0.529,unknown,5,29,elec_a,2022-04-20,2022-10-31
P-1561,seal,titanium_6al4v,0.242,tight,5,22,mech_b,2022-08-24,2023-08-24
P-1547,housing,titanium_6al4v,2.762,standard,5,33,mech_b,2022-07-04,2022-11-17
P-2899,connector,steel_304,0.118,standard,5,30,hw_integration,2024-04-20,2025-01-28
P-2902,seal,aluminum_6061,0.2,tight,5,26,mech_b,2024-08-20,2024-11-09
P-0019,fastener,steel_304,0.046,standard,5,28,elec_a,2023-04-05,2024-04-05
P-2179,housing,steel_304,3.661,standard,5,27,mech_a,2022-04-28,2022-11-14
P-0057,gear,abs_plastic,1.631,loose,5,32,hw_integration,2023-11-17,2024-11-17
P-2967,housing,nylon_66,1.553,standard,5,18,hw_integration,2022-01-29,2022-06-28
P-0059,bracket,aluminum_6061,1.006,unknown,5,25,elec_a,2022-05-20,2023-02-10
P-0060,bracket,aluminum_6061,0.644,tight,5,32,mech_a,2023-03-25,2023-09-03
P-2957,bracket,steel_304,1.005,standard,5,37,elec_a,2024-05-22,2025-03-14
P-0014,fastener,abs_plastic,0.053,standard,5,23,mech_a,2025-01-28,2025-07-11
P-0553,housing,steel_304,3.226,tight,5,29,elec_a,2024-07-26,2024-09-09
P-2240,shaft,abs_plastic,0.925,standard,5,18,mech_b,2024-01-22,2024-05-25
P-1234,connector,nylon_66,0.15,standard,5,24,mech_a,2024-05-29,2025-06-28
P-1656,gear,copper_c110,0.328,standard,5,22,mech_b,2024-10-21,2025-10-03
P-1614,gear,steel_304,1.417,standard,5,27,elec_a,2024-12-04,2025-03-13
P-0572,fastener,aluminum_6061,0.046,standard,5,30,mech_a,2023-02-18,2023-09-22
P-0574,pcb_mount,steel_304,0.168,standard,5,31,hw_integration,2024-07-16,2025-08-05
P-0037,bracket,abs_plastic,0.602,tight,5,31,elec_a,2023-05-06,2024-03-07
P-0042,fastener,copper_c110,0.035,loose,5,24,mech_b,2024-03-31,2024-10-08
P-0366,gear,steel_304,1.283,standard,5,31,mech_b,2025-02-02,2026-02-02
P-1600,housing,steel_304,3.05,standard,5,16,mech_b,2024-08-24,2024-10-09
P-0586,connector,nylon_66,0.123,loose,5,26,elec_a,2023-08-30,2024-05-01
P-0569,gear,nylon_66,2.602,standard,5,23,mech_a,2023-09-03,2023-11-20
P-1235,housing,aluminum_6061,3.209,standard,5,30,elec_a,2022-07-19,2023-05-11
P-1228,shaft,aluminum_6061,1.132,standard,5,19,mech_a,2022-02-27,2022-05-23
P-0710,shaft,nylon_66,2.34,loose,5,26,elec_a,2024-10-17,2025-07-20
P-0711,seal,copper_c110,0.206,loose,5,31,mech_a,2024-10-12,2024-11-16
P-0374,housing,aluminum_6061,2.64,standard,5,25,elec_a,2022-04-22,2022-05-08
P-1686,housing,steel_304,1.486,tight,5,21,mech_a,2022-05-27,2023-06-01
P-2266,bracket,aluminum_6061,0.648,tight,5,27,mech_b,2023-10-03,2024-03-09
P-2233,bracket,steel_304,0.685,tight,5,31,elec_a,2022-06-30,2023-02-11
P-2212,gear,aluminum_6061,1.116,tight,5,22,mech_b,2022-09-10,2023-09-04
P-0713,pcb_mount,titanium_6al4v,0.194,standard,5,25,hw_integration,2023-03-16,2023-11-26
P-1221,bracket,aluminum_6061,0.905,loose,5,22,elec_a,2022-02-09,2022-07-04
P-2235,pcb_mount,abs_plastic,0.338,tight,5,24,mech_a,2024-10-08,2025-07-09
P-2236,fastener,abs_plastic,0.023,loose,5,25,elec_a,2024-06-02,2025-07-03
P-0941,housing,aluminum_6061,1.519,standard,5,35,elec_a,2025-01-16,2025-06-17
P-0934,pcb_mount,aluminum_6061,0.331,unknown,5,23,mech_a,2023-03-16,2024-01-01
P-0936,housing,aluminum_6061,4.787,standard,5,29,elec_a,2024-11-12,2025-08-18
P-1526,bracket,abs_plastic,1.292,loose,5,23,elec_a,2024-09-22,2025-07-01
P-1785,housing,titanium_6al4v,2.871,standard,5,23,mech_a,2023-04-26,2023-12-04
P-0900,shaft,aluminum_6061,1.377,tight,5,29,mech_b,2024-09-19,2025-08-04
P-0937,seal,steel_304,0.102,tight,5,38,hw_integration,2024-01-16,2024-03-29
P-0986,seal,unknown,0.091,standard,5,21,hw_integration,2022-12-06,2023-07-01
P-0939,fastener,steel_304,0.06,loose,5,26,elec_a,2022-07-28,2023-06-21
P-0932,gear,abs_plastic,0.414,standard,5,30,mech_a,2022-08-14,2022-09-27
P-2697,pcb_mount,aluminum_6061,0.339,loose,5,25,elec_a,2022-04-06,2023-04-08
P-0931,housing,steel_304,3.024,loose,5,33,mech_a,2025-03-18,2025-07-21
P-0517,housing,abs_plastic,2.247,standard,5,26,mech_b,2023-07-26,2024-07-27
P-0123,bracket,steel_304,0.732,standard,5,39,elec_a,2023-06-18,2024-02-07
P-0114,shaft,abs_plastic,1.312,unknown,5,28,elec_a,2023-09-11,2024-05-11
P-0961,shaft,steel_304,0.844,standard,5,20,hw_integration,2025-03-02,2025-04-04
P-0509,shaft,abs_plastic,2.188,standard,5,27,mech_b,2024-10-27,2025-08-09
P-2778,shaft,steel_304,0.982,standard,5,27,mech_a,2024-09-21,2025-01-10
P-1812,gear,abs_plastic,1.178,standard,5,25,elec_a,2022-09-14,2023-09-12
P-0528,seal,aluminum_6061,0.036,loose,5,28,hw_integration,2023-08-06,2023-11-29
P-0515,housing,copper_c110,2.881,loose,5,30,mech_a,2023-10-01,2024-11-02
P-0140,bracket,steel_304,0.748,standard,5,28,mech_b,2023-11-07,2024-08-03
P-2720,shaft,aluminum_6061,2.578,loose,5,29,elec_a,2022-05-01,2022-10-06
P-0130,connector,titanium_6al4v,0.049,loose,5,31,mech_a,2024-05-30,2025-04-16
P-0133,connector,aluminum_6061,0.057,standard,5,30,mech_b,2023-11-27,2024-06-28
P-0149,gear,copper_c110,1.201,tight,5,30,mech_a,2025-02-26,2025-06-22
P-1788,connector,nylon_66,0.052,tight,5,23,hw_integration,2023-10-21,2023-12-24
P-2742,fastener,abs_plastic,0.062,unknown,5,32,mech_a,2023-04-04,2023-09-02
P-2732,housing,copper_c110,4.902,unknown,5,28,mech_a,2023-12-06,2024-03-28
P-0139,pcb_mount,nylon_66,0.193,loose,5,35,mech_a,2024-08-14,2025-03-04
P-2675,connector,steel_304,0.066,loose,5,27,elec_a,2022-04-26,2022-07-11
P-2678,pcb_mount,abs_plastic,0.141,standard,5,23,mech_b,2025-01-07,2025-03-07
P-0161,bracket,titanium_6al4v,0.454,standard,5,31,hw_integration,2023-08-14,2024-08-18
P-2749,shaft,titanium_6al4v,2.245,standard,5,19,mech_b,2023-09-10,2023-09-10
P-1740,pcb_mount,abs_plastic,0.12,standard,5,32,hw_integration,2022-02-09,2022-03-18
P-0105,pcb_mount,abs_plastic,0.223,standard,5,30,mech_a,2022-12-25,2023-06-25
P-2811,bracket,steel_304,1.136,tight,5,28,mech_a,2023-11-26,2024-06-26
P-2813,connector,abs_plastic,0.091,standard,5,24,mech_a,2022-02-07,2022-04-03
P-2822,connector,nylon_66,0.237,standard,5,24,elec_a,2022-03-06,2023-01-19
P-2803,bracket,nylon_66,2.231,loose,5,31,hw_integration,2022-04-01,2022-07-08
P-1548,pcb_mount,aluminum_6061,0.5,loose,5,35,elec_a,2023-01-25,2023-06-27
P-1699,seal,steel_304,0.148,loose,5,37,mech_a,2024-09-13,2024-10-27
P-0091,bracket,copper_c110,1.456,loose,5,26,mech_a,2023-10-07,2024-03-20
P-0100,seal,aluminum_6061,0.058,loose,5,25,mech_b,2023-05-10,2023-06-22
P-0536,housing,nylon_66,1.332,loose,5,24,hw_integration,2025-05-06,2025-09-19
P-0841,bracket,abs_plastic,0.841,standard,5,30,mech_a,2022-03-13,2022-11-08
P-0891,housing,aluminum_6061,1.76,standard,5,27,mech_b,2025-04-21,2026-04-23
P-0875,pcb_mount,titanium_6al4v,0.219,loose,5,23,elec_a,2022-11-02,2023-07-26
P-0895,pcb_mount,copper_c110,0.248,loose,5,33,elec_a,2024-10-28,2024-11-02
P-1645,housing,aluminum_6061,2.156,standard,5,34,elec_a,2024-06-06,2024-08-19
P-1634,connector,aluminum_6061,0.185,standard,5,25,mech_a,2023-02-08,2023-07-17
P-1746,connector,aluminum_6061,0.137,standard,5,29,elec_a,2022-11-06,2023-04-28
P-1789,fastener,aluminum_6061,0.072,standard,5,23,mech_b,2025-04-26,2025-08-19
P-1779,gear,aluminum_6061,1.708,unknown,5,23,mech_a,2024-02-20,2025-01-26
P-2766,seal,steel_304,0.101,standard,5,18,mech_a,2022-10-17,2023-10-31
P-0122,connector,steel_304,0.157,standard,5,24,hw_integration,2022-01-02,2022-10-09
P-0818,shaft,aluminum_6061,1.779,loose,5,30,elec_a,2022-10-01,2023-04-22
P-1554,gear,abs_plastic,2.668,loose,5,18,mech_a,2022-03-11,2022-09-09
P-1506,shaft,unknown,3.769,standard,5,31,mech_b,2024-04-26,2024-08-21
P-1510,pcb_mount,steel_304,0.893,standard,5,32,elec_a,2023-06-21,2024-02-10
P-2506,bracket,steel_304,0.843,loose,5,30,hw_integration,2024-02-21,2024-10-18
P-1747,pcb_mount,steel_304,0.462,standard,5,25,mech_b,2022-11-06,2023-01-06
P-1750,gear,aluminum_6061,2.553,tight,5,19,mech_a,2022-12-20,2023-05-30
P-1773,connector,aluminum_6061,0.419,loose,5,26,mech_a,2022-08-01,2022-09-16
P-1774,fastener,steel_304,0.047,tight,5,28,elec_a,2022-03-02,2023-02-24
P-1512,housing,steel_304,3.1,standard,5,28,mech_b,2025-04-28,2025-07-01
P-1513,connector,copper_c110,0.27,loose,5,27,hw_integration,2024-04-25,2024-08-05
P-0113,housing,abs_plastic,2.48,loose,5,33,elec_a,2023-06-20,2024-02-19
P-2192,shaft,abs_plastic,2.717,tight,5,25,elec_a,2023-06-14,2023-11-01
P-1096,gear,steel_304,3.321,loose,5,28,elec_a,2022-08-30,2023-02-19
P-0676,gear,copper_c110,1.378,loose,5,22,elec_a,2024-05-23,2024-09-06
P-2200,connector,steel_304,0.143,loose,5,34,mech_a,2022-11-07,2022-12-05
P-1198,connector,copper_c110,0.311,unknown,5,23,elec_a,2024-03-18,2025-03-14
P-1208,shaft,aluminum_6061,2.896,loose,5,30,mech_b,2024-01-13,2024-04-21
P-1310,seal,abs_plastic,0.093,standard,5,21,hw_integration,2024-08-09,2024-09-13
P-1218,shaft,aluminum_6061,0.93,standard,5,19,hw_integration,2024-04-29,2025-01-23
P-1290,shaft,abs_plastic,1.025,loose,5,23,hw_integration,2022-07-09,2023-06-25
P-1219,connector,titanium_6al4v,0.19,loose,5,19,mech_a,2022-05-29,2022-12-30
P-0687,gear,steel_304,2.46,tight,5,25,mech_b,2024-06-10,2024-09-15
P-0684,gear,steel_304,0.553,tight,5,23,mech_a,2025-05-03,2025-05-28
P-1148,pcb_mount,abs_plastic,0.461,standard,5,26,elec_a,2022-05-22,2023-05-02
P-1306,seal,aluminum_6061,0.143,standard,5,29,mech_a,2022-09-29,2023-05-07
P-2202,seal,aluminum_6061,0.068,tight,5,29,hw_integration,2024-11-22,2025-06-14
P-2203,fastener,aluminum_6061,0.087,loose,5,29,hw_integration,2022-11-11,2023-12-10
P-2276,bracket,nylon_66,0.309,standard,5,28,elec_a,2023-04-22,2023-12-28
P-0369,housing,aluminum_6061,0.982,standard,5,28,mech_a,2023-09-17,2023-11-11
P-2102,bracket,aluminum_6061,1.228,loose,5,24,mech_a,2024-06-25,2024-11-26
P-2099,bracket,nylon_66,0.737,standard,5,32,mech_a,2025-05-08,2026-04-10
P-2282,housing,steel_304,3.686,standard,5,30,mech_a,2022-01-11,2022-03-19
P-2283,housing,titanium_6al4v,2.21,standard,5,33,mech_b,2023-03-07,2023-11-09
P-2390,bracket,titanium_6al4v,0.99,standard,5,25,mech_a,2023-09-24,2024-02-04
P-1270,shaft,nylon_66,4.136,standard,5,27,elec_a,2025-02-23,2025-12-10
P-2358,shaft,steel_304,1.528,loose,5,26,mech_b,2024-04-28,2024-10-24
P-2942,housing,abs_plastic,3.875,loose,5,20,mech_a,2023-08-08,2024-02-09
P-2355,gear,copper_c110,1.734,standard,5,29,elec_a,2024-06-18,2024-09-14
P-0299,pcb_mount,steel_304,0.352,loose,5,25,mech_a,2022-05-24,2022-11-26
P-0310,bracket,aluminum_6061,0.589,standard,5,26,mech_b,2025-06-19,2026-07-13
P-2365,connector,copper_c110,0.204,standard,5,33,hw_integration,2024-04-16,2025-04-29
P-1287,gear,copper_c110,1.324,standard,5,24,hw_integration,2023-01-03,2023-02-05
P-2215,seal,steel_304,0.059,loose,5,29,mech_a,2024-04-12,2024-07-14
P-1335,seal,nylon_66,0.114,standard,5,31,hw_integration,2024-07-21,2025-04-06
P-1333,shaft,aluminum_6061,1.216,standard,5,26,mech_b,2022-03-06,2023-01-13
P-1282,gear,steel_304,1.177,loose,5,27,elec_a,2022-03-18,2022-12-16
P-2388,bracket,aluminum_6061,1.669,standard,5,31,mech_b,2022-06-14,2022-07-22
P-1250,seal,nylon_66,0.056,standard,5,25,hw_integration,2024-11-24,2025-09-16
P-0284,housing,aluminum_6061,3.784,loose,5,21,hw_integration,2022-01-15,2022-01-21
P-2407,shaft,steel_304,0.969,loose,5,30,elec_a,2022-08-07,2023-07-25
P-0730,shaft,nylon_66,1.603,standard,5,21,hw_integration,2025-06-23,2026-03-03
P-2406,housing,abs_plastic,2.832,tight,5,24,mech_b,2025-01-15,2026-01-31
P-2079,housing,steel_304,5.618,tight,5,33,mech_b,2024-10-09,2025-09-10
P-2023,bracket,copper_c110,1.125,tight,5,24,mech_a,2024-01-24,2024-08-24
P-2259,bracket,steel_304,1.952,standard,5,18,mech_b,2024-03-20,2025-03-07
P-1266,pcb_mount,steel_304,0.288,loose,5,29,mech_a,2024-07-20,2024-07-20
P-1151,bracket,aluminum_6061,1.691,standard,5,29,mech_a,2024-04-10,2024-12-14
P-1182,bracket,aluminum_6061,1.237,standard,5,27,elec_a,2025-05-05,2026-02-26
P-2114,connector,titanium_6al4v,0.141,standard,5,28,mech_a,2024-08-08,2024-08-14
P-2311,seal,steel_304,0.079,tight,5,25,mech_a,2023-06-20,2024-02-17
P-2129,bracket,copper_c110,1.508,standard,5,27,mech_b,2022-08-24,2023-06-22
P-2312,bracket,aluminum_6061,0.454,standard,5,20,mech_b,2022-11-19,2023-06-15
P-0330,housing,aluminum_6061,1.12,loose,5,15,mech_b,2023-05-28,2023-10-29
P-2124,housing,abs_plastic,1.954,loose,5,29,mech_b,2025-02-24,2026-02-15
P-1252,bracket,aluminum_6061,0.533,standard,5,35,elec_a,2023-09-21,2023-11-01
P-1257,pcb_mount,aluminum_6061,0.286,unknown,5,24,mech_b,2022-05-09,2022-12-11
P-2137,housing,aluminum_6061,3.219,standard,5,22,mech_a,2024-08-12,2025-08-02
P-2119,bracket,aluminum_6061,0.81,standard,5,29,mech_b,2025-01-22,2025-03-16
P-1165,bracket,abs_plastic,0.749,tight,5,32,hw_integration,2024-08-14,2024-11-12
P-2141,fastener,abs_plastic,0.116,loose,5,27,elec_a,2022-12-21,2023-04-19
P-0692,fastener,abs_plastic,0.068,loose,5,35,elec_a,2022-07-12,2023-02-08
P-0695,fastener,nylon_66,0.045,standard,5,24,mech_b,2023-11-06,2024-01-19
P-1168,shaft,steel_304,1.183,loose,5,24,hw_integration,2022-04-16,2023-02-21
P-1185,bracket,copper_c110,1.407,loose,5,33,mech_a,2024-08-31,2024-10-19
P-2332,gear,nylon_66,1.22,standard,5,19,hw_integration,2024-01-24,2024-05-24
P-2334,bracket,aluminum_6061,0.932,standard,5,28,hw_integration,2022-12-27,2023-11-09
P-2142,gear,abs_plastic,0.987,loose,5,23,elec_a,2023-04-19,2023-08-10
P-2325,housing,aluminum_6061,2.392,tight,5,21,mech_b,2025-04-13,2025-07-29
P-2322,bracket,abs_plastic,0.67,standard,5,35,mech_a,2023-12-10,2023-12-28
P-2323,gear,copper_c110,1.007,loose,5,34,mech_a,2023-12-31,2024-01-28
P-0306,shaft,aluminum_6061,1.326,loose,5,31,elec_a,2024-10-19,2025-06-24
P-2095,fastener,titanium_6al4v,0.039,loose,5,31,mech_b,2024-03-22,2024-09-08
P-2105,connector,nylon_66,0.152,standard,5,20,mech_b,2023-12-14,2024-03-22
P-2157,bracket,unknown,1.172,tight,5,16,mech_a,2025-02-15,2025-07-20
P-2086,housing,steel_304,2.968,tight,5,22,elec_a,2024-06-23,2024-08-26
P-2363,shaft,aluminum_6061,1.796,standard,5,26,mech_b,2024-12-27,2025-12-28
P-2384,bracket,aluminum_6061,0.638,standard,5,33,mech_a,2023-02-19,2023-10-09
P-2307,shaft,titanium_6al4v,1.977,standard,5,21,mech_a,2024-01-10,2024-07-17
P-2302,pcb_mount,abs_plastic,0.672,standard,5,38,mech_b,2023-01-23,2023-11-13
P-2393,gear,titanium_6al4v,0.943,standard,5,30,mech_b,2022-04-20,2023-03-18
P-0309,housing,abs_plastic,1.454,standard,5,34,elec_a,2024-08-31,2025-06-24
P-0307,gear,aluminum_6061,0.959,standard,5,30,mech_a,2022-11-01,2023-10-14
P-1663,pcb_mount,steel_304,0.219,standard,5,35,mech_a,2024-04-19,2025-01-11
P-2136,shaft,steel_304,1.41,unknown,5,34,hw_integration,2024-05-05,2024-12-04
P-0324,shaft,nylon_66,1.422,loose,5,27,hw_integration,2022-04-27,2023-05-23
P-2130,bracket,titanium_6al4v,1.697,standard,5,30,elec_a,2025-05-11,2025-08-05
P-0379,gear,steel_304,1.721,loose,5,25,mech_b,2024-08-11,2025-02-22
P-0325,fastener,abs_plastic,0.024,standard,5,25,mech_a,2023-04-16,2023-09-30
P-2167,fastener,steel_304,0.027,standard,5,34,mech_a,2023-08-21,2023-10-29
P-0400,gear,abs_plastic,0.657,tight,5,29,mech_b,2022-01-12,2022-09-22
P-2115,bracket,aluminum_6061,0.813,loose,5,31,hw_integration,2024-06-02,2024-08-14
P-0408,fastener,aluminum_6061,0.049,loose,5,35,mech_b,2024-05-18,2024-12-20
P-2140,fastener,nylon_66,0.021,standard,5,27,mech_a,2022-11-17,2023-11-27
P-2881,bracket,steel_304,0.707,standard,5,29,mech_a,2022-07-07,2023-07-07
P-2976,pcb_mount,aluminum_6061,0.657,loose,5,23,mech_a,2023-10-08,2023-11-07
P-1130,seal,copper_c110,0.089,standard,5,35,elec_a,2022-09-13,2023-01-30
P-2917,housing,nylon_66,2.556,standard,5,29,hw_integration,2023-04-20,2023-12-09
P-1143,fastener,aluminum_6061,0.048,standard,5,28,mech_a,2022-03-18,2022-11-14
P-2858,gear,steel_304,0.71,tight,5,35,mech_b,2023-06-10,2024-04-21
P-1114,seal,steel_304,0.037,standard,5,30,mech_b,2024-11-22,2025-10-22
P-0742,bracket,aluminum_6061,1.976,standard,5,25,hw_integration,2022-03-18,2022-07-22
P-1397,shaft,aluminum_6061,2.247,standard,5,16,mech_a,2024-09-15,2025-04-27
P-0086,bracket,steel_304,0.96,tight,5,32,mech_b,2024-07-27,2025-07-17
P-0750,fastener,aluminum_6061,0.067,standard,5,28,elec_a,2023-02-25,2024-02-11
P-1131,seal,nylon_66,0.072,standard,5,25,hw_integration,2022-02-02,2023-02-16
P-2866,bracket,steel_304,0.405,standard,5,31,mech_b,2025-05-28,2025-08-05
P-1854,pcb_mount,aluminum_6061,0.118,standard,5,31,elec_a,2023-10-09,2024-09-06
P-2067,shaft,abs_plastic,1.49,loose,5,31,hw_integration,2022-02-28,2023-01-30
P-0020,connector,aluminum_6061,0.047,tight,5,31,mech_a,2022-10-04,2023-03-01
P-2419,bracket,aluminum_6061,0.318,standard,5,27,mech_a,2025-01-22,2025-08-15
P-0023,seal,steel_304,0.04,loose,5,35,hw_integration,2024-01-24,2024-02-03
P-2947,housing,aluminum_6061,1.113,loose,5,22,elec_a,2023-10-14,2024-03-01
P-2427,bracket,titanium_6al4v,0.52,standard,5,29,mech_a,2023-09-22,2024-08-25
P-2950,fastener,abs_plastic,0.082,loose,5,34,mech_b,2023-10-31,2024-02-03
P-1654,bracket,aluminum_6061,0.913,loose,5,35,hw_integration,2024-08-16,2025-01-06
P-2041,housing,aluminum_6061,2.441,loose,5,32,elec_a,2024-12-24,2025-09-11
P-0448,connector,nylon_66,0.211,standard,5,33,elec_a,2024-09-06,2024-11-05
P-0447,seal,abs_plastic,0.21,standard,5,31,mech_a,2023-01-30,2023-03-23
P-1349,gear,steel_304,0.651,loose,5,27,mech_a,2024-03-19,2024-08-17
P-1359,connector,steel_304,0.421,loose,5,32,mech_a,2024-07-30,2025-05-09
P-1624,bracket,copper_c110,0.597,loose,5,23,mech_b,2024-05-26,2024-06-08
P-1358,shaft,steel_304,1.698,loose,5,32,mech_b,2023-07-04,2023-09-26
P-0661,housing,aluminum_6061,2.212,standard,5,35,mech_a,2024-11-10,2025-07-26
P-0658,housing,steel_304,2.423,tight,5,23,mech_a,2024-08-09,2025-08-23
P-0276,gear,nylon_66,0.687,standard,5,31,elec_a,2022-10-18,2023-04-15
P-0304,shaft,titanium_6al4v,3.83,loose,5,30,mech_b,2025-04-22,2025-06-03
P-1655,seal,steel_304,0.076,loose,5,21,mech_b,2022-06-16,2023-01-20
P-2861,gear,abs_plastic,2.391,loose,5,32,mech_b,2023-04-13,2023-10-17
P-2863,housing,abs_plastic,6.766,tight,5,21,hw_integration,2023-10-24,2024-06-10
P-2865,gear,abs_plastic,0.722,loose,5,25,elec_a,2022-10-02,2023-10-12
P-1135,seal,steel_304,0.202,standard,5,27,elec_a,2024-12-11,2025-04-22
P-2339,shaft,nylon_66,2.798,standard,5,36,mech_a,2025-02-09,2025-12-09
P-2908,bracket,abs_plastic,0.294,tight,5,21,mech_a,2023-11-11,2023-12-16
P-2971,shaft,steel_304,3.11,unknown,5,23,hw_integration,2024-06-16,2024-07-01
P-2933,shaft,steel_304,1.203,loose,5,20,mech_a,2022-04-05,2023-02-06
P-2073,housing,steel_304,6.666,loose,5,29,mech_b,2024-08-20,2025-04-21
P-2943,pcb_mount,aluminum_6061,0.135,unknown,5,30,mech_b,2023-07-18,2023-09-22
P-0028,bracket,copper_c110,0.558,loose,5,20,mech_b,2024-09-07,2025-04-03
P-2050,housing,titanium_6al4v,2.478,standard,5,26,mech_a,2022-09-26,2023-09-26
P-0864,shaft,steel_304,2.276,standard,5,32,mech_a,2022-06-16,2023-06-09
P-0862,pcb_mount,aluminum_6061,0.658,tight,5,38,mech_b,2023-05-15,2023-08-03
P-0294,bracket,steel_304,1.164,tight,5,21,mech_a,2024-04-11,2024-06-15
P-2063,shaft,steel_304,2.13,standard,5,22,mech_b,2023-07-30,2023-11-07
P-0748,gear,copper_c110,0.951,standard,5,30,hw_integration,2022-12-05,2023-12-09
P-2968,housing,aluminum_6061,1.943,standard,5,21,elec_a,2023-10-28,2024-11-15
P-0025,pcb_mount,steel_304,0.23,tight,5,23,mech_a,2023-02-06,2024-01-19
P-2991,pcb_mount,aluminum_6061,0.109,tight,5,29,hw_integration,2022-01-16,2022-11-18
P-2938,bracket,steel_304,0.787,loose,5,22,mech_b,2022-11-24,2023-05-31
P-0953,housing,titanium_6al4v,0.989,loose,6,24,elec_a,2024-05-07,2025-06-03
P-1770,fastener,abs_plastic,0.066,standard,6,31,mech_a,2025-06-08,2026-01-22
P-2966,shaft,aluminum_6061,2.166,loose,6,29,hw_integration,2023-09-21,2023-09-30
P-0050,bracket,aluminum_6061,0.828,standard,6,23,elec_a,2023-08-13,2023-11-03
P-0009,bracket,aluminum_6061,0.629,standard,6,33,elec_a,2025-02-17,2025-12-25
P-2893,connector,steel_304,0.184,standard,6,35,elec_a,2023-07-13,2024-07-08
P-2169,housing,aluminum_6061,2.151,loose,6,30,mech_a,2023-11-12,2024-11-13
P-0017,shaft,titanium_6al4v,3.294,loose,6,22,hw_integration,2022-04-24,2022-05-21
P-0556,housing,nylon_66,2.709,standard,6,30,mech_a,2022-02-10,2022-01-11
P-1209,housing,steel_304,2.435,loose,6,24,hw_integration,2023-02-22,2023-09-01
P-2906,connector,copper_c110,0.376,loose,6,26,hw_integration,2023-01-21,2023-04-09
P-0516,bracket,nylon_66,0.761,standard,6,28,hw_integration,2024-07-29,2025-03-11
P-1545,shaft,steel_304,0.622,standard,6,25,mech_a,2022-12-15,2023-12-21
P-0598,connector,copper_c110,0.076,loose,6,25,elec_a,2022-09-13,2022-11-10
P-1643,shaft,steel_304,1.618,standard,6,34,hw_integration,2024-01-03,2024-07-09
P-0954,bracket,abs_plastic,0.453,standard,6,25,elec_a,2023-01-26,2023-03-16
P-0959,shaft,aluminum_6061,3.33,standard,6,20,hw_integration,2023-11-17,2024-01-11
P-0128,bracket,aluminum_6061,2.301,unknown,6,23,hw_integration,2024-05-05,2025-01-12
P-2256,shaft,copper_c110,3.565,loose,6,27,hw_integration,2024-09-17,2024-11-07
P-2230,connector,aluminum_6061,0.079,standard,6,31,mech_a,2022-10-13,2023-10-22
P-2887,bracket,aluminum_6061,1.001,loose,6,28,mech_b,2022-09-01,2022-09-08
P-1660,bracket,aluminum_6061,0.641,standard,6,30,elec_a,2023-09-18,2024-06-27
P-1665,fastener,abs_plastic,0.024,loose,6,20,elec_a,2024-02-24,2025-03-17
P-1650,pcb_mount,steel_304,0.224,standard,6,24,mech_b,2023-05-01,2024-03-06
P-2724,gear,copper_c110,1.361,standard,6,28,elec_a,2025-03-13,2026-04-03
P-1210,gear,aluminum_6061,1.291,standard,6,34,mech_a,2025-02-04,2026-02-03
P-0132,seal,copper_c110,0.064,standard,6,28,elec_a,2022-02-27,2023-02-18
P-3000,bracket,nylon_66,1.28,standard,6,30,hw_integration,2022-04-11,2022-11-04
P-0135,connector,abs_plastic,0.315,standard,6,25,mech_b,2022-11-26,2023-01-05
P-1620,bracket,steel_304,1.055,tight,6,25,hw_integration,2024-10-18,2025-05-14
P-0046,pcb_mount,titanium_6al4v,0.52,standard,6,18,hw_integration,2024-06-28,2025-01-31
P-0603,fastener,steel_304,0.058,loose,6,27,hw_integration,2022-11-07,2023-09-09
P-2874,housing,aluminum_6061,4.154,standard,6,18,mech_a,2022-02-17,2023-02-15
P-0700,housing,steel_304,2.33,standard,6,17,mech_a,2024-03-18,2025-01-20
P-2681,pcb_mount,copper_c110,0.386,loose,6,23,mech_b,2024-04-22,2025-03-15
P-1618,shaft,steel_304,1.761,standard,6,27,mech_b,2023-06-15,2024-03-30
P-1603,connector,unknown,0.167,standard,6,26,elec_a,2023-02-23,2024-03-07
P-2905,gear,steel_304,0.542,tight,6,25,mech_b,2025-05-29,2025-12-31
P-0843,shaft,abs_plastic,1.88,standard,6,26,mech_b,2024-10-16,2024-12-23
P-0933,gear,steel_304,0.666,unknown,6,31,hw_integration,2022-03-26,2022-12-09
P-1611,housing,copper_c110,2.822,standard,6,28,mech_a,2023-05-30,2023-11-06
P-0507,housing,steel_304,4.498,tight,6,26,hw_integration,2022-09-27,2023-10-31
P-1523,fastener,nylon_66,0.057,standard,6,32,mech_b,2025-04-17,2026-04-04
P-0008,pcb_mount,aluminum_6061,1.065,tight,6,28,mech_a,2022-01-17,2022-03-30
P-2189,housing,copper_c110,3.055,standard,6,29,mech_a,2025-04-21,2026-01-23
P-2877,housing,abs_plastic,3.525,tight,6,30,elec_a,2025-06-21,2026-07-21
P-2880,bracket,aluminum_6061,1.168,standard,6,24,mech_b,2022-01-15,2022-05-08
P-1689,connector,copper_c110,0.162,standard,6,22,elec_a,2022-01-12,2022-10-02
P-1731,seal,steel_304,0.172,standard,6,21,hw_integration,2025-04-01,2025-05-13
P-2868,shaft,abs_plastic,2.127,standard,6,23,mech_b,2025-04-27,2025-09-25
P-0857,pcb_mount,nylon_66,0.172,loose,6,22,mech_a,2023-06-19,2023-08-27
P-1730,gear,steel_304,1.065,loose,6,31,mech_a,2025-04-27,2025-10-04
P-0531,connector,aluminum_6061,0.164,unknown,6,26,mech_a,2022-12-09,2023-05-01
P-1533,shaft,abs_plastic,1.11,standard,6,30,hw_integration,2023-01-25,2024-01-22
P-2835,connector,steel_304,0.09,standard,6,23,elec_a,2022-10-23,2023-08-09
P-0102,connector,aluminum_6061,0.127,loose,6,32,mech_a,2022-10-27,2022-12-29
P-0888,bracket,nylon_66,1.044,loose,6,19,mech_b,2022-06-09,2023-03-01
P-2810,bracket,nylon_66,1.494,tight,6,26,mech_a,2025-04-20,2026-05-23
P-2847,housing,titanium_6al4v,4.017,tight,6,27,elec_a,2023-11-23,2023-11-26
P-0827,connector,aluminum_6061,0.064,loose,6,32,elec_a,2023-02-08,2023-12-07
P-2812,fastener,aluminum_6061,0.06,tight,6,22,mech_a,2022-06-19,2023-05-03
P-2773,fastener,aluminum_6061,0.091,standard,6,30,mech_a,2024-01-23,2024-12-06
P-1267,bracket,steel_304,1.491,standard,6,33,elec_a,2025-02-07,2025-06-04
P-2828,housing,aluminum_6061,0.919,tight,6,28,elec_a,2024-07-03,2024-10-14
P-2826,pcb_mount,aluminum_6061,0.639,tight,6,27,mech_a,2022-07-09,2022-11-26
P-0581,shaft,nylon_66,2.372,tight,6,24,hw_integration,2023-07-15,2023-12-12
P-1672,connector,steel_304,0.113,unknown,6,34,mech_a,2024-12-25,2025-08-10
P-1275,bracket,aluminum_6061,0.362,standard,6,24,elec_a,2024-02-27,2025-03-18
P-1707,bracket,aluminum_6061,0.65,loose,6,21,hw_integration,2024-01-14,2024-02-12
P-2781,bracket,titanium_6al4v,2.07,standard,6,28,elec_a,2023-05-06,2023-11-16
P-0341,bracket,unknown,0.635,tight,6,29,mech_b,2025-02-14,2025-11-12
P-2263,gear,aluminum_6061,1.188,tight,6,33,hw_integration,2025-03-08,2025-10-11
P-0338,pcb_mount,copper_c110,0.19,standard,6,22,mech_a,2023-06-07,2023-12-18
P-1260,seal,aluminum_6061,0.061,loose,6,29,elec_a,2023-01-15,2023-05-19
P-0510,bracket,aluminum_6061,0.803,standard,6,38,hw_integration,2023-03-20,2024-03-21
P-1684,housing,nylon_66,2.142,tight,6,30,mech_a,2024-09-06,2025-06-12
P-0525,bracket,steel_304,0.372,standard,6,15,elec_a,2025-04-17,2026-02-11
P-1637,gear,steel_304,0.582,standard,6,22,elec_a,2022-03-08,2022-03-20
P-0564,connector,aluminum_6061,0.283,tight,6,30,hw_integration,2024-06-10,2025-06-26
P-0707,pcb_mount,steel_304,0.507,loose,6,32,elec_a,2024-03-07,2024-07-29
P-2777,connector,abs_plastic,0.23,standard,6,27,elec_a,2022-10-09,2022-12-29
P-0371,pcb_mount,unknown,0.285,tight,6,25,mech_a,2023-11-17,2024-06-04
P-0596,housing,titanium_6al4v,4.347,standard,6,25,hw_integration,2022-04-05,2022-09-17
P-0380,pcb_mount,titanium_6al4v,0.101,standard,6,25,elec_a,2023-01-23,2023-12-02
P-2859,pcb_mount,abs_plastic,0.341,loose,6,26,hw_integration,2025-05-08,2025-06-16
P-0809,shaft,titanium_6al4v,1.815,standard,6,21,hw_integration,2025-05-03,2026-05-27
P-2267,pcb_mount,steel_304,0.797,tight,6,23,elec_a,2023-10-28,2023-09-28
P-2808,pcb_mount,nylon_66,0.442,standard,6,36,elec_a,2022-01-03,2022-05-05
P-0910,housing,nylon_66,2.444,standard,6,27,elec_a,2022-11-26,2022-12-03
P-0899,housing,aluminum_6061,3.607,standard,6,26,mech_b,2022-04-19,2023-02-26
P-2844,housing,abs_plastic,2.305,standard,6,30,mech_a,2024-11-18,2025-04-04
P-2790,gear,steel_304,0.832,tight,6,23,elec_a,2024-04-16,2024-12-09
P-0737,housing,aluminum_6061,1.839,loose,6,34,hw_integration,2025-04-12,2025-11-11
P-0356,shaft,steel_304,1.394,standard,6,29,mech_b,2023-12-04,2024-06-23
P-2185,shaft,aluminum_6061,1.823,standard,6,22,mech_a,2022-01-30,2022-06-10
P-1950,seal,abs_plastic,0.091,tight,6,20,elec_a,2025-02-07,2025-10-15
P-1106,pcb_mount,aluminum_6061,0.258,loose,6,31,elec_a,2022-09-17,2023-02-21
P-0462,bracket,nylon_66,0.841,standard,6,30,mech_a,2024-08-23,2025-04-11
P-1038,gear,nylon_66,2.619,standard,6,29,mech_b,2023-01-17,2024-01-24
P-2111,shaft,aluminum_6061,2.634,loose,6,24,mech_b,2023-01-28,2023-08-13
P-1396,bracket,steel_304,0.844,tight,6,21,mech_b,2025-03-05,2025-05-03
P-1831,shaft,abs_plastic,0.67,tight,6,30,mech_b,2024-08-12,2024-09-16
P-0678,shaft,abs_plastic,0.752,tight,6,41,elec_a,2023-11-05,2024-08-02
P-1010,shaft,abs_plastic,5.077,standard,6,36,elec_a,2022-08-16,2023-01-31
P-0217,bracket,steel_304,0.682,standard,6,22,mech_b,2022-01-23,2022-02-06
P-1429,pcb_mount,aluminum_6061,0.591,standard,6,20,elec_a,2024-09-05,2024-12-28
P-2605,bracket,steel_304,1.177,standard,6,28,mech_b,2025-03-22,2025-07-24
P-2101,pcb_mount,abs_plastic,0.104,loose,6,27,mech_b,2024-02-14,2024-06-02
P-0757,housing,aluminum_6061,1.739,standard,6,27,mech_a,2025-03-16,2025-04-28
P-2092,fastener,nylon_66,0.101,loose,6,31,mech_b,2023-04-29,2023-07-05
P-0969,shaft,steel_304,2.392,standard,6,25,elec_a,2023-08-27,2024-05-22
P-0796,gear,abs_plastic,0.779,standard,6,27,hw_integration,2023-11-19,2024-09-30
P-1389,fastener,abs_plastic,0.022,loose,6,27,hw_integration,2025-03-26,2025-08-27
P-2447,bracket,nylon_66,0.855,standard,6,31,hw_integration,2024-06-21,2024-11-10
P-0973,bracket,steel_304,1.379,loose,6,26,hw_integration,2022-10-27,2023-01-10
P-1327,gear,aluminum_6061,1.781,tight,6,27,mech_b,2022-11-06,2023-11-09
P-0634,gear,steel_304,1.668,standard,6,25,hw_integration,2024-10-02,2025-06-03
P-2452,pcb_mount,abs_plastic,0.156,unknown,6,18,elec_a,2023-07-20,2023-08-15
P-2449,connector,steel_304,0.194,loose,6,24,elec_a,2025-02-25,2026-01-31
P-2648,pcb_mount,aluminum_6061,0.539,loose,6,31,elec_a,2022-01-01,2022-12-11
P-2513,bracket,steel_304,0.983,standard,6,29,mech_a,2022-06-02,2023-03-17
P-1051,connector,titanium_6al4v,0.397,tight,6,22,hw_integration,2023-06-24,2024-01-05
P-1050,housing,abs_plastic,2.526,loose,6,24,mech_a,2025-05-15,2026-01-07
P-2108,seal,aluminum_6061,0.13,tight,6,31,mech_b,2025-03-11,2025-08-22
P-2618,fastener,nylon_66,0.05,standard,6,22,elec_a,2025-01-07,2025-12-22
P-1134,pcb_mount,steel_304,0.202,standard,6,23,mech_a,2024-09-21,2025-02-16
P-1470,bracket,aluminum_6061,0.636,standard,6,20,mech_a,2022-04-16,2022-04-24
P-1472,housing,aluminum_6061,2.99,tight,6,30,elec_a,2023-04-26,2023-05-04
P-1311,gear,steel_304,0.49,standard,6,21,mech_b,2022-01-05,2022-05-13
P-2646,fastener,aluminum_6061,0.047,standard,6,23,mech_a,2022-03-11,2023-01-25
P-2647,pcb_mount,abs_plastic,0.232,standard,6,36,hw_integration,2023-02-16,2023-12-23
P-1117,bracket,abs_plastic,0.973,standard,6,26,mech_a,2022-06-17,2023-01-11
P-2068,seal,steel_304,0.089,standard,6,27,mech_a,2024-08-05,2025-05-04
P-2110,bracket,nylon_66,1.832,standard,6,25,hw_integration,2022-10-04,2023-03-07
P-1394,bracket,abs_plastic,0.895,standard,6,26,mech_b,2023-07-16,2023-12-29
P-1977,shaft,steel_304,2.089,tight,6,25,elec_a,2024-07-07,2025-01-07
P-0179,fastener,aluminum_6061,0.041,standard,6,29,elec_a,2022-04-04,2022-06-30
P-1956,seal,aluminum_6061,0.048,standard,6,31,hw_integration,2022-12-07,2023-05-04
P-1908,bracket,aluminum_6061,1.012,tight,6,26,mech_b,2023-08-12,2023-12-26
P-0626,gear,abs_plastic,0.61,tight,6,27,mech_b,2024-02-23,2024-09-27
P-1416,pcb_mount,nylon_66,0.293,tight,6,29,hw_integration,2023-12-08,2023-12-21
P-2626,gear,abs_plastic,0.757,loose,6,30,elec_a,2024-03-17,2025-03-31
P-1284,connector,aluminum_6061,0.179,loose,6,22,mech_a,2023-11-04,2024-06-30
P-0422,bracket,steel_304,1.369,standard,6,21,hw_integration,2023-01-03,2023-06-06
P-0666,pcb_mount,steel_304,0.197,standard,6,23,mech_b,2023-01-06,2023-04-11
P-2138,pcb_mount,aluminum_6061,0.222,loose,6,32,mech_a,2024-01-01,2024-04-29
P-0229,connector,abs_plastic,0.269,standard,6,19,mech_a,2024-04-29,2024-10-30
P-2471,gear,abs_plastic,1.037,standard,6,22,elec_a,2025-01-03,2025-08-04
P-2578,fastener,abs_plastic,0.064,loose,6,26,mech_b,2023-06-24,2024-04-15
P-1011,connector,aluminum_6061,0.102,unknown,6,33,hw_integration,2023-01-27,2023-04-26
P-2006,fastener,steel_304,0.1,standard,6,25,mech_a,2023-10-19,2024-06-09
P-1820,connector,abs_plastic,0.077,standard,6,27,hw_integration,2025-04-09,2025-06-16
P-2003,seal,nylon_66,0.279,loose,6,28,mech_a,2023-03-23,2023-11-13
P-0278,shaft,steel_304,1.252,standard,6,20,mech_b,2023-04-06,2023-08-04
P-1164,bracket,steel_304,1.51,standard,6,30,mech_a,2024-07-17,2024-12-01
P-1170,bracket,steel_304,0.551,loose,6,22,hw_integration,2022-02-14,2022-07-22
P-0392,bracket,abs_plastic,0.98,standard,6,32,mech_a,2022-05-20,2022-08-15
P-2040,pcb_mount,nylon_66,0.181,tight,6,40,elec_a,2022-07-17,2023-06-25
P-2036,pcb_mount,aluminum_6061,0.33,tight,6,25,hw_integration,2022-05-07,2022-05-08
P-2053,gear,abs_plastic,3.195,tight,6,26,mech_a,2025-04-21,2026-03-17
P-2653,pcb_mount,abs_plastic,0.405,tight,6,28,elec_a,2022-09-21,2023-01-04
P-1989,seal,copper_c110,0.139,standard,6,25,mech_b,2022-04-29,2022-12-12
P-1454,seal,abs_plastic,0.159,standard,6,31,mech_a,2023-03-29,2023-12-23
P-0436,housing,abs_plastic,6.727,standard,6,21,hw_integration,2022-11-08,2023-11-03
P-1495,gear,aluminum_6061,1.035,tight,6,23,hw_integration,2023-02-14,2023-07-08
P-1809,gear,steel_304,0.879,tight,6,29,elec_a,2022-02-14,2023-03-08
P-1320,fastener,steel_304,0.047,standard,6,21,mech_b,2023-09-09,2024-10-01
P-1824,connector,abs_plastic,0.093,loose,6,29,elec_a,2024-04-10,2024-09-16
P-0529,pcb_mount,nylon_66,0.271,standard,6,26,mech_b,2022-12-06,2023-10-20
P-1847,housing,aluminum_6061,2.335,standard,6,24,elec_a,2024-02-03,2024-08-12
P-2125,gear,abs_plastic,3.137,tight,6,27,hw_integration,2023-10-19,2024-07-06
P-2455,connector,titanium_6al4v,0.204,loose,6,28,elec_a,2024-02-22,2025-03-08
P-1479,shaft,nylon_66,1.842,standard,6,30,mech_b,2024-01-12,2024-08-30
P-1478,seal,aluminum_6061,0.1,loose,6,23,elec_a,2023-04-15,2024-04-19
P-2397,housing,steel_304,2.419,unknown,6,36,hw_integration,2022-02-25,2022-07-19
P-2709,bracket,aluminum_6061,0.928,loose,6,26,mech_a,2022-07-04,2022-08-26
P-2683,bracket,aluminum_6061,1.035,standard,6,28,mech_b,2022-02-02,2023-01-29
P-1084,fastener,steel_304,0.076,loose,6,28,hw_integration,2024-02-01,2024-04-13
P-2353,housing,abs_plastic,1.199,tight,6,33,mech_b,2024-11-22,2025-11-15
P-1461,pcb_mount,steel_304,0.283,standard,6,27,elec_a,2022-05-18,2022-10-05
P-0492,connector,aluminum_6061,0.17,standard,6,33,elec_a,2023-02-21,2023-04-02
P-1072,connector,abs_plastic,0.166,loose,6,23,mech_b,2025-02-11,2025-08-17
P-2510,connector,abs_plastic,0.162,tight,6,26,elec_a,2025-06-04,2025-09-03
P-1197,housing,aluminum_6061,3.215,loose,7,28,elec_a,2023-09-14,2024-01-23
P-1883,gear,abs_plastic,0.696,standard,7,29,hw_integration,2023-04-18,2023-08-01
P-0012,seal,copper_c110,0.112,standard,7,26,elec_a,2022-01-22,2022-09-05
P-1035,gear,aluminum_6061,2.514,loose,7,22,mech_b,2024-09-07,2025-08-03
P-0347,seal,nylon_66,0.089,tight,7,27,mech_b,2022-08-10,2023-02-15
P-0031,pcb_mount,nylon_66,0.227,standard,7,23,mech_a,2023-03-12,2023-07-17
P-0048,housing,abs_plastic,5.299,loose,7,28,mech_b,2023-01-18,2023-01-19
P-1337,housing,aluminum_6061,4.929,standard,7,21,mech_b,2023-12-13,2024-05-25
P-0047,gear,steel_304,1.108,standard,7,22,mech_b,2023-06-23,2023-09-11
P-1295,gear,nylon_66,1.052,standard,7,25,mech_a,2024-11-09,2025-07-28
P-0219,seal,aluminum_6061,0.102,loose,7,21,hw_integration,2025-01-04,2025-11-26
P-0052,bracket,aluminum_6061,1.088,standard,7,28,elec_a,2025-06-02,2025-07-12
P-0996,gear,aluminum_6061,1.072,tight,7,27,mech_a,2024-03-05,2024-03-19
P-0220,gear,unknown,0.878,standard,7,29,mech_b,2025-03-04,2025-04-25
P-2567,bracket,abs_plastic,0.435,tight,7,26,elec_a,2022-09-05,2022-10-08
P-2543,housing,abs_plastic,5.076,standard,7,26,mech_a,2024-04-30,2024-07-13
P-0036,housing,abs_plastic,3.07,tight,7,23,mech_b,2022-08-26,2022-11-25
P-1605,housing,abs_plastic,0.744,tight,7,23,mech_a,2022-04-16,2022-06-22
P-0250,gear,steel_304,0.96,standard,7,28,hw_integration,2024-12-08,2025-07-04
P-2473,pcb_mount,titanium_6al4v,0.712,standard,7,22,elec_a,2023-08-03,2024-07-27
P-0065,connector,steel_304,0.142,standard,7,39,mech_b,2025-03-08,2025-12-11
P-1041,bracket,steel_304,0.679,standard,7,26,hw_integration,2024-09-18,2024-12-03
P-2951,bracket,steel_304,0.33,loose,7,27,hw_integration,2024-06-07,2024-06-15
P-2520,housing,abs_plastic,2.14,loose,7,30,hw_integration,2024-09-21,2025-10-16
P-2347,fastener,unknown,0.108,standard,7,32,hw_integration,2022-11-26,2023-06-19
P-2460,shaft,aluminum_6061,1.449,standard,7,27,mech_b,2023-10-31,2024-06-01
P-0352,bracket,aluminum_6061,0.425,tight,7,25,hw_integration,2024-03-31,2024-10-20
P-2914,connector,aluminum_6061,0.172,standard,7,30,elec_a,2025-01-14,2025-08-10
P-2920,pcb_mount,aluminum_6061,0.397,standard,7,29,elec_a,2022-07-18,2022-11-17
P-2555,housing,abs_plastic,2.008,standard,7,35,mech_a,2025-05-15,2025-10-27
P-2070,shaft,steel_304,1.326,tight,7,33,hw_integration,2024-05-18,2025-02-09
P-0465,shaft,nylon_66,3.182,standard,7,24,hw_integration,2023-01-30,2023-08-30
P-1136,housing,aluminum_6061,1.617,standard,7,25,hw_integration,2023-04-23,2024-04-25
P-2871,connector,abs_plastic,0.098,standard,7,23,elec_a,2022-06-25,2023-03-03
P-1942,gear,aluminum_6061,0.673,standard,7,31,elec_a,2022-08-10,2023-01-14
P-0656,gear,aluminum_6061,2.927,standard,7,23,mech_a,2023-10-29,2024-02-26
P-2961,pcb_mount,aluminum_6061,0.163,loose,7,24,mech_a,2023-08-15,2023-09-13
P-1109,seal,copper_c110,0.172,standard,7,24,elec_a,2024-02-18,2024-04-30
P-2949,seal,steel_304,0.126,standard,7,32,mech_b,2025-06-15,2025-12-21
P-2426,pcb_mount,abs_plastic,0.355,standard,7,25,mech_a,2022-02-06,2022-03-29
P-2965,housing,abs_plastic,2.007,standard,7,19,mech_b,2022-10-22,2023-10-18
P-0027,shaft,aluminum_6061,3.651,loose,7,28,mech_a,2024-09-28,2025-02-25
P-2885,shaft,steel_304,5.622,standard,7,21,mech_a,2025-05-03,2025-12-01
P-2022,bracket,nylon_66,1.68,loose,7,22,elec_a,2024-10-26,2025-03-16
P-2661,fastener,steel_304,0.091,loose,7,25,hw_integration,2025-05-10,2025-10-24
P-2752,pcb_mount,steel_304,0.679,standard,7,24,hw_integration,2022-02-23,2022-10-15
P-0118,pcb_mount,abs_plastic,0.226,loose,7,34,mech_a,2022-10-06,2023-03-18
P-2739,pcb_mount,copper_c110,0.311,standard,7,31,mech_a,2024-07-08,2025-08-05
P-1568,bracket,aluminum_6061,1.318,standard,7,28,mech_a,2022-03-15,2022-09-11
P-2649,connector,steel_304,0.157,standard,7,32,mech_b,2023-04-19,2023-06-26
P-1519,bracket,nylon_66,1.351,standard,7,20,elec_a,2023-10-17,2024-06-20
P-1514,pcb_mount,aluminum_6061,0.258,standard,7,27,elec_a,2022-03-29,2022-09-21
P-0166,gear,abs_plastic,0.8,standard,7,30,mech_a,2023-07-09,2024-03-03
P-1867,seal,aluminum_6061,0.118,loose,7,25,mech_a,2022-09-04,2023-09-30
P-0334,fastener,aluminum_6061,0.088,standard,7,22,elec_a,2022-02-02,2022-03-02
P-1817,pcb_mount,aluminum_6061,0.13,standard,7,28,elec_a,2023-01-25,2023-01-28
P-2098,shaft,abs_plastic,2.594,unknown,7,27,hw_integration,2024-06-01,2025-04-17
P-2113,bracket,nylon_66,1.507,tight,7,26,elec_a,2022-05-05,2022-06-07
P-1569,shaft,abs_plastic,1.541,unknown,7,29,mech_a,2023-04-21,2023-08-05
P-0117,pcb_mount,aluminum_6061,0.34,standard,7,31,mech_a,2023-01-08,2023-01-08
P-0911,pcb_mount,steel_304,0.542,standard,7,30,mech_a,2025-05-25,2026-04-13
P-2275,fastener,steel_304,0.043,loose,7,29,mech_b,2023-03-08,2023-07-12
P-0831,connector,steel_304,0.12,standard,7,23,hw_integration,2023-06-05,2023-10-18
P-2389,pcb_mount,steel_304,0.135,standard,7,24,hw_integration,2023-12-21,2024-10-14
P-2758,connector,steel_304,0.247,loose,7,30,elec_a,2024-11-16,2025-11-11
P-0485,bracket,abs_plastic,0.826,tight,7,30,elec_a,2022-01-04,2022-09-10
P-2087,gear,nylon_66,2.914,tight,7,28,mech_b,2022-04-19,2022-05-14
P-0625,seal,abs_plastic,0.293,loose,7,18,mech_a,2024-07-22,2024-10-31
P-2159,gear,steel_304,1.009,loose,7,37,elec_a,2023-10-09,2024-01-18
P-2148,seal,steel_304,0.069,loose,7,31,hw_integration,2023-04-15,2023-11-24
P-2303,shaft,abs_plastic,1.352,loose,7,29,hw_integration,2025-05-13,2025-11-19
P-0798,bracket,nylon_66,1.193,loose,7,27,hw_integration,2025-06-27,2025-08-06
P-0494,housing,abs_plastic,3.075,loose,7,25,mech_b,2023-08-15,2024-04-26
P-2586,gear,titanium_6al4v,2.145,standard,7,30,hw_integration,2024-08-11,2025-01-08
P-1285,seal,copper_c110,0.04,tight,7,31,hw_integration,2023-10-21,2023-11-05
P-1265,shaft,abs_plastic,2.451,standard,7,28,elec_a,2022-10-20,2023-09-25
P-1822,shaft,aluminum_6061,1.674,standard,7,21,mech_a,2022-03-02,2022-03-25
P-1017,connector,aluminum_6061,0.301,standard,7,24,mech_b,2023-11-24,2024-04-10
P-1157,bracket,copper_c110,0.965,tight,7,33,mech_b,2022-01-12,2022-11-26
P-2729,gear,copper_c110,0.751,loose,7,32,elec_a,2022-05-09,2022-11-06
P-0734,gear,abs_plastic,1.187,standard,7,24,elec_a,2024-10-16,2025-01-14
P-2409,housing,aluminum_6061,1.867,tight,7,30,elec_a,2024-07-19,2025-07-09
P-0199,housing,aluminum_6061,2.473,standard,7,27,mech_b,2025-03-26,2025-06-02
P-0725,bracket,nylon_66,0.388,standard,7,28,mech_a,2023-06-26,2023-08-28
P-2744,pcb_mount,copper_c110,0.154,standard,7,30,mech_a,2024-11-11,2025-10-31
P-2672,gear,copper_c110,1.101,standard,7,22,hw_integration,2022-05-05,2022-08-15
P-2652,gear,steel_304,1.933,tight,7,25,mech_a,2022-02-27,2022-08-18
P-2505,housing,copper_c110,1.434,unknown,7,22,elec_a,2022-07-28,2022-11-22
P-1800,connector,nylon_66,0.224,loose,7,31,hw_integration,2022-12-04,2022-12-31
P-2024,housing,abs_plastic,2.285,standard,7,27,elec_a,2024-07-07,2025-06-01
P-0138,shaft,aluminum_6061,1.95,loose,7,25,elec_a,2022-12-18,2023-11-09
P-0152,fastener,abs_plastic,0.077,standard,7,25,mech_a,2024-01-27,2024-04-06
P-0543,fastener,copper_c110,0.04,tight,7,21,elec_a,2022-10-03,2023-05-21
P-1122,bracket,nylon_66,0.713,loose,7,29,elec_a,2023-07-30,2024-07-07
P-2120,housing,steel_304,5.941,standard,7,36,hw_integration,2024-06-27,2024-11-23
P-1277,housing,steel_304,2.603,standard,7,29,elec_a,2023-11-05,2023-11-24
P-2245,gear,steel_304,1.096,tight,7,28,mech_b,2024-10-09,2024-11-07
P-1141,gear,steel_304,2.037,standard,7,30,elec_a,2023-12-30,2024-01-04
P-2547,seal,titanium_6al4v,0.071,standard,7,21,mech_b,2025-02-22,2026-02-21
P-1722,housing,steel_304,3.0,tight,7,31,mech_a,2023-06-11,2023-08-20
P-1499,gear,copper_c110,1.928,unknown,8,28,elec_a,2025-04-05,2025-12-03
P-2379,bracket,aluminum_6061,0.655,standard,8,23,elec_a,2025-02-12,2025-07-21
P-2044,seal,steel_304,0.089,standard,8,32,mech_b,2023-10-03,2024-04-22
P-2296,bracket,abs_plastic,0.896,standard,8,31,mech_a,2023-03-18,2024-04-09
P-2495,fastener,copper_c110,0.023,standard,8,27,hw_integration,2022-07-02,2023-06-05
P-1374,pcb_mount,aluminum_6061,0.194,tight,8,26,hw_integration,2022-06-14,2023-01-16
P-0386,seal,unknown,0.099,tight,8,32,elec_a,2024-08-21,2025-03-24
P-1071,fastener,steel_304,0.028,standard,8,28,hw_integration,2025-06-09,2025-11-03
P-0327,pcb_mount,steel_304,0.272,tight,8,25,hw_integration,2025-02-18,2025-07-10
P-2912,bracket,aluminum_6061,1.343,standard,8,34,hw_integration,2025-05-02,2026-03-13
P-1181,pcb_mount,abs_plastic,0.129,loose,8,26,hw_integration,2024-11-18,2025-09-05
P-0401,housing,aluminum_6061,4.193,loose,8,26,mech_b,2024-11-18,2025-10-13
P-2466,pcb_mount,nylon_66,0.354,standard,8,23,mech_b,2023-08-27,2023-11-21
P-1150,fastener,steel_304,0.049,standard,8,22,mech_a,2022-07-23,2023-07-29
P-0402,fastener,nylon_66,0.106,loose,8,32,mech_a,2022-07-01,2023-07-18
P-1268,seal,nylon_66,0.11,standard,8,24,mech_b,2022-08-08,2022-12-27
P-1644,housing,aluminum_6061,0.745,standard,8,33,hw_integration,2022-11-21,2023-08-28
P-2252,pcb_mount,aluminum_6061,0.27,loose,8,26,mech_b,2024-03-15,2025-03-13
P-1898,housing,steel_304,1.307,loose,8,33,elec_a,2023-09-15,2023-11-04
P-0886,gear,aluminum_6061,1.341,tight,8,25,elec_a,2022-07-05,2022-09-24
P-1432,connector,copper_c110,0.161,standard,8,27,mech_b,2022-12-29,2023-02-26
P-0545,bracket,steel_304,0.91,loose,8,21,hw_integration,2022-12-17,2023-07-24
P-2823,bracket,abs_plastic,1.939,standard,8,25,hw_integration,2024-08-23,2025-08-08
P-1137,shaft,steel_304,1.275,loose,8,32,mech_b,2022-05-22,2022-11-02
P-0119,gear,aluminum_6061,0.94,tight,8,29,mech_b,2022-06-07,2022-12-18
P-2990,connector,steel_304,0.205,standard,8,27,hw_integration,2023-01-08,2023-05-04
P-1144,fastener,steel_304,0.137,loose,8,28,elec_a,2024-08-31,2025-08-06
P-0405,seal,copper_c110,0.109,unknown,8,26,elec_a,2022-03-06,2022-06-13
P-1925,housing,steel_304,1.681,tight,8,28,elec_a,2022-04-13,2022-06-26
P-0372,housing,aluminum_6061,1.809,loose,8,24,hw_integration,2024-11-22,2025-11-10
P-2417,housing,aluminum_6061,1.022,tight,8,36,hw_integration,2023-01-08,2023-07-23
P-1784,bracket,abs_plastic,0.724,loose,8,23,elec_a,2022-07-22,2022-07-30
P-0819,connector,abs_plastic,0.29,loose,8,24,hw_integration,2023-09-18,2024-02-19
P-2755,fastener,aluminum_6061,0.066,loose,8,25,mech_b,2022-06-19,2022-12-03
P-1948,seal,nylon_66,0.042,standard,8,24,mech_b,2024-10-31,2025-03-30
P-2754,bracket,nylon_66,1.207,tight,8,23,elec_a,2023-07-13,2023-11-12
P-0802,housing,aluminum_6061,2.601,standard,8,35,elec_a,2022-03-01,2022-09-17
P-0990,pcb_mount,titanium_6al4v,0.247,loose,9,18,mech_a,2025-01-20,2025-11-01
P-1099,fastener,abs_plastic,0.032,loose,9,29,elec_a,2025-06-13,2025-07-30
P-1159,gear,steel_304,1.63,loose,9,23,elec_a,2023-11-24,2024-04-01
P-2162,housing,titanium_6al4v,4.739,standard,9,26,elec_a,2024-03-06,2024-08-11
P-2164,gear,steel_304,0.608,loose,9,29,mech_a,2024-09-20,2025-07-09
P-2820,seal,steel_304,0.121,tight,9,28,mech_b,2024-12-02,2025-03-27
P-0111,gear,steel_304,0.678,loose,9,25,mech_b,2022-05-11,2023-02-01
P-0255,housing,aluminum_6061,1.485,tight,9,27,mech_b,2025-06-09,2026-04-01
P-1765,bracket,steel_304,1.432,standard,10,20,hw_integration,2023-07-31,2023-12-18
P-1004,bracket,aluminum_6061,0.871,standard,11,33,elec_a,2022-04-18,2022-07-13
P-1562,connector,aluminum_6061,0.201,loose,11,29,mech_a,2025-02-01,2025-03-02
