change_id,part_id,revision_number,change_type,reason_code,changed_by_team,change_date
CHG-00001,P-0001,1,feature_remove,design_review,elec_a,2024-05-12
CHG-00002,P-0001,2,feature_add,test_failure,elec_a,2024-01-18
CHG-00003,P-0001,3,material_change,design_review,elec_a,2024-05-12
CHG-00004,P-0002,1,tolerance_tightening,test_failure,hw_integration,2022-12-21
CHG-00005,P-0002,2,tolerance_tightening,test_failure,hw_integration,2022-09-23
CHG-00006,P-0002,3,dimension_update,test_failure,hw_integration,2022-10-25
CHG-00007,P-0002,4,feature_remove,test_failure,hw_integration,2022-04-30
CHG-00008,P-0002,5,tolerance_tightening,cost_reduction,hw_integration,2022-04-14
CHG-00009,P-0003,1,feature_add,cost_reduction,mech_a,2025-09-29
CHG-00010,P-0003,2,tolerance_tightening,design_review,mech_a,2025-11-10
CHG-00011,P-0003,3,material_change,design_review,mech_a,2025-06-07
CHG-00012,P-0003,4,tolerance_tightening,cost_reduction,mech_a,2025-04-18
CHG-00013,P-0004,1,material_change,design_review,mech_a,2022-08-25
CHG-00014,P-0005,1,tolerance_tightening,supplier_issue,mech_a,2024-07-07
CHG-00015,P-0005,2,dimension_update,design_review,mech_a,2025-02-04
CHG-00016,P-0005,3,feature_remove,test_failure,mech_a,2025-03-21
CHG-00017,P-0005,4,tolerance_tightening,supplier_issue,mech_a,2025-10-01
CHG-00018,P-0006,1,tolerance_tightening,cost_reduction,mech_b,2026-02-01
CHG-00019,P-0006,2,tolerance_tightening,test_failure,mech_b,2025-06-11
CHG-00020,P-0006,3,tolerance_tightening,cost_reduction,mech_b,2025-06-15
CHG-00021,P-0007,1,dimension_update,supplier_issue,mech_b,2024-10-23
CHG-00022,P-0007,2,material_change,cost_reduction,mech_b,2025-10-21
CHG-00023,P-0007,3,drawing_note,design_review,mech_b,2025-11-28
CHG-00024,P-0008,1,feature_add,supplier_issue,mech_a,2022-10-17
CHG-00025,P-0008,2,feature_remove,supplier_issue,mech_a,2022-04-05
CHG-00026,P-0008,3,feature_add,customer_request,mech_a,2023-01-13
CHG-00027,P-0008,4,dimension_update,supplier_issue,mech_a,2023-01-14
CHG-00028,P-0008,5,dimension_update,design_review,mech_a,2022-05-13
CHG-00029,P-0008,6,material_change,supplier_issue,mech_a,2022-11-30
CHG-00030,P-0008,7,tolerance_tightening,test_failure,mech_a,2023-03-12
CHG-00031,P-0009,1,material_change,design_review,elec_a,2025-09-30
CHG-00032,P-0009,2,tolerance_tightening,test_failure,elec_a,2026-01-13
CHG-00033,P-0009,3,material_change,design_review,elec_a,2025-10-15
CHG-00034,P-0009,4,tolerance_tightening,test_failure,elec_a,2025-12-04
CHG-00035,P-0009,5,drawing_note,customer_request,elec_a,2025-10-29
CHG-00036,P-0009,6,material_change,cost_reduction,elec_a,2025-04-15
CHG-00037,P-0009,7,tolerance_tightening,customer_request,elec_a,2026-06-20
CHG-00038,P-0009,8,feature_add,design_review,elec_a,2025-12-13
CHG-00039,P-0010,1,feature_remove,customer_request,mech_a,2023-08-19
CHG-00040,P-0010,2,dimension_update,supplier_issue,mech_a,2022-12-20
CHG-00041,P-0010,3,tolerance_tightening,cost_reduction,mech_a,2023-01-21
CHG-00042,P-0011,1,tolerance_tightening,design_review,hw_integration,2025-12-23
CHG-00043,P-0011,2,material_change,supplier_issue,hw_integration,2025-01-13
CHG-00044,P-0011,3,tolerance_tightening,cost_reduction,hw_integration,2025-02-14
CHG-00045,P-0011,4,drawing_note,design_review,hw_integration,2025-03-03
CHG-00046,P-0011,5,drawing_note,cost_reduction,hw_integration,2025-12-01
CHG-00047,P-0012,1,material_change,test_failure,elec_a,2022-03-28
CHG-00048,P-0012,2,tolerance_tightening,supplier_issue,elec_a,2023-06-03
CHG-00049,P-0012,3,dimension_update,design_review,elec_a,2022-11-13
CHG-00050,P-0012,4,tolerance_tightening,test_failure,elec_a,2022-07-01
CHG-00051,P-0012,5,tolerance_tightening,customer_request,elec_a,2022-12-08
CHG-00052,P-0012,6,drawing_note,design_review,elec_a,2022-09-08
CHG-00053,P-0012,7,material_change,design_review,elec_a,2022-06-11
CHG-00054,P-0012,8,material_change,test_failure,elec_a,2022-04-04
CHG-00055,P-0013,1,feature_remove,test_failure,hw_integration,2024-06-10
CHG-00056,P-0013,2,drawing_note,customer_request,hw_integration,2025-01-21
CHG-00057,P-0013,3,dimension_update,cost_reduction,hw_integration,2023-11-07
CHG-00058,P-0013,4,dimension_update,design_review,hw_integration,2024-08-16
CHG-00059,P-0013,5,material_change,design_review,hw_integration,2024-05-04
CHG-00060,P-0014,1,tolerance_tightening,supplier_issue,mech_a,2026-01-21
CHG-00061,P-0014,2,feature_add,cost_reduction,mech_a,2025-11-11
CHG-00062,P-0014,3,dimension_update,customer_request,mech_a,2026-02-18
CHG-00063,P-0014,4,material_change,test_failure,mech_a,2026-01-09
CHG-00064,P-0014,5,drawing_note,test_failure,mech_a,2025-10-17
CHG-00065,P-0014,6,material_change,cost_reduction,mech_a,2025-03-22
CHG-00066,P-0015,1,drawing_note,customer_request,hw_integration,2024-04-07
CHG-00067,P-0015,2,material_change,design_review,hw_integration,2023-11-18
CHG-00068,P-0015,3,dimension_update,cost_reduction,hw_integration,2023-06-25
CHG-00069,P-0015,4,feature_add,cost_reduction,hw_integration,2023-07-10
CHG-00070,P-0015,5,drawing_note,design_review,hw_integration,2023-05-14
CHG-00071,P-0015,6,tolerance_tightening,cost_reduction,hw_integration,2022-12-28
CHG-00072,P-0016,1,feature_remove,test_failure,elec_a,2022-11-07
CHG-00073,P-0016,2,feature_add,customer_request,elec_a,2022-12-21
CHG-00074,P-0016,3,feature_remove,test_failure,elec_a,2022-04-19
CHG-00075,P-0016,4,feature_add,test_failure,elec_a,2023-06-21
CHG-00076,P-0017,1,feature_remove,customer_request,hw_integration,2022-09-22
CHG-00077,P-0017,2,material_change,design_review,hw_integration,2023-06-30
CHG-00078,P-0017,3,dimension_update,design_review,hw_integration,2022-08-17
CHG-00079,P-0017,4,tolerance_tightening,design_review,hw_integration,2023-08-31
CHG-00080,P-0017,5,tolerance_tightening,cost_reduction,hw_integration,2023-07-24
CHG-00081,P-0017,6,material_change,test_failure,hw_integration,2022-09-01
CHG-00082,P-0017,7,dimension_update,supplier_issue,hw_integration,2023-03-29
CHG-00083,P-0017,8,material_change,design_review,hw_integration,2022-06-22
CHG-00084,P-0018,1,material_change,supplier_issue,elec_a,2024-05-09
CHG-00085,P-0018,2,feature_add,test_failure,elec_a,2024-04-16
CHG-00086,P-0018,3,drawing_note,test_failure,elec_a,2023-09-17
CHG-00087,P-0018,4,drawing_note,customer_request,elec_a,2024-06-06
CHG-00088,P-0018,5,feature_remove,test_failure,elec_a,2024-02-17
CHG-00089,P-0019,1,feature_remove,supplier_issue,elec_a,2024-02-13
CHG-00090,P-0019,2,material_change,test_failure,elec_a,2024-03-19
CHG-00091,P-0019,3,dimension_update,test_failure,elec_a,2024-07-11
CHG-00092,P-0019,4,feature_remove,test_failure,elec_a,2024-02-29
CHG-00093,P-0019,5,feature_add,test_failure,elec_a,2024-03-07
CHG-00094,P-0020,1,tolerance_tightening,supplier_issue,mech_a,2023-10-09
CHG-00095,P-0020,2,feature_remove,supplier_issue,mech_a,2023-11-20
CHG-00096,P-0020,3,feature_remove,design_review,mech_a,2023-11-16
CHG-00097,P-0020,4,dimension_update,test_failure,mech_a,2023-08-07
CHG-00098,P-0020,5,tolerance_tightening,supplier_issue,mech_a,2023-10-12
CHG-00099,P-0021,1,dimension_update,test_failure,elec_a,2023-11-25
CHG-00100,P-0021,2,feature_remove,design_review,elec_a,2023-12-04
CHG-00101,P-0021,3,feature_add,cost_reduction,elec_a,2023-10-15
CHG-00102,P-0021,4,dimension_update,supplier_issue,elec_a,2024-02-02
CHG-00103,P-0022,1,material_change,design_review,mech_b,2023-05-14
CHG-00104,P-0022,2,material_change,supplier_issue,mech_b,2024-01-18
CHG-00105,P-0022,3,feature_add,supplier_issue,mech_b,2024-04-11
CHG-00106,P-0022,4,material_change,test_failure,mech_b,2023-12-24
CHG-00107,P-0022,5,tolerance_tightening,supplier_issue,mech_b,2023-04-20
CHG-00108,P-0022,6,dimension_update,customer_request,mech_b,2023-05-29
CHG-00109,P-0023,1,dimension_update,design_review,hw_integration,2025-04-16
CHG-00110,P-0023,2,feature_remove,design_review,hw_integration,2024-10-20
CHG-00111,P-0023,3,tolerance_tightening,customer_request,hw_integration,2024-07-09
CHG-00112,P-0023,4,feature_remove,design_review,hw_integration,2025-05-23
CHG-00113,P-0023,5,material_change,supplier_issue,hw_integration,2024-11-16
CHG-00114,P-0024,1,dimension_update,design_review,elec_a,2023-03-05
CHG-00115,P-0024,2,material_change,test_failure,elec_a,2024-02-11
CHG-00116,P-0024,3,drawing_note,design_review,elec_a,2024-02-09
CHG-00117,P-0025,1,feature_add,test_failure,mech_a,2024-02-12
CHG-00118,P-0025,2,material_change,supplier_issue,mech_a,2023-11-16
CHG-00119,P-0025,3,dimension_update,customer_request,mech_a,2023-10-30
CHG-00120,P-0025,4,feature_remove,design_review,mech_a,2023-06-03
CHG-00121,P-0025,5,feature_add,customer_request,mech_a,2023-05-08
CHG-00122,P-0026,1,dimension_update,cost_reduction,hw_integration,2025-08-06
CHG-00123,P-0026,2,drawing_note,supplier_issue,hw_integration,2025-02-06
CHG-00124,P-0026,3,material_change,supplier_issue,hw_integration,2025-05-24
CHG-00125,P-0026,4,material_change,design_review,hw_integration,2025-09-12
CHG-00126,P-0027,1,drawing_note,test_failure,mech_a,2025-07-04
CHG-00127,P-0027,2,material_change,cost_reduction,mech_a,2025-02-16
CHG-00128,P-0027,3,tolerance_tightening,design_review,mech_a,2025-01-12
CHG-00129,P-0027,4,feature_add,customer_request,mech_a,2025-11-27
CHG-00130,P-0027,5,material_change,customer_request,mech_a,2025-04-26
CHG-00131,P-0027,6,feature_add,design_review,mech_a,2025-01-24
CHG-00132,P-0027,7,feature_remove,test_failure,mech_a,2025-05-26
CHG-00133,P-0027,8,feature_remove,supplier_issue,mech_a,2025-06-05
CHG-00134,P-0028,1,tolerance_tightening,test_failure,mech_b,2024-11-09
CHG-00135,P-0028,2,material_change,customer_request,mech_b,2025-05-05
CHG-00136,P-0028,3,material_change,cost_reduction,mech_b,2025-10-22
CHG-00137,P-0028,4,feature_add,design_review,mech_b,2025-06-03
CHG-00138,P-0028,5,feature_remove,design_review,mech_b,2025-09-14
CHG-00139,P-0029,1,dimension_update,design_review,mech_a,2024-04-23
CHG-00140,P-0029,2,drawing_note,cost_reduction,mech_a,2024-03-16
CHG-00141,P-0029,3,dimension_update,customer_request,mech_a,2023-05-31
CHG-00142,P-0029,4,feature_remove,supplier_issue,mech_a,2023-09-01
CHG-00143,P-0029,5,dimension_update,test_failure,mech_a,2023-10-21
CHG-00144,P-0030,1,tolerance_tightening,supplier_issue,hw_integration,2025-12-20
CHG-00145,P-0030,2,tolerance_tightening,test_failure,hw_integration,2025-06-21
CHG-00146,P-0030,3,material_change,cost_reduction,hw_integration,2025-10-20
CHG-00147,P-0031,1,dimension_update,cost_reduction,mech_a,2023-08-17
CHG-00148,P-0031,2,drawing_note,cost_reduction,mech_a,2023-09-03
CHG-00149,P-0031,3,tolerance_tightening,cost_reduction,mech_a,2024-04-22
CHG-00150,P-0031,4,drawing_note,cost_reduction,mech_a,2024-02-16
CHG-00151,P-0031,5,dimension_update,design_review,mech_a,2023-05-15
CHG-00152,P-0031,6,dimension_update,design_review,mech_a,2023-11-19
CHG-00153,P-0031,7,feature_remove,design_review,mech_a,2023-08-25
CHG-00154,P-0032,1,tolerance_tightening,test_failure,hw_integration,2025-06-05
CHG-00155,P-0032,2,tolerance_tightening,test_failure,hw_integration,2024-08-05
CHG-00156,P-0032,3,tolerance_tightening,customer_request,hw_integration,2024-07-20
CHG-00157,P-0032,4,drawing_note,design_review,hw_integration,2024-12-08
CHG-00158,P-0032,5,tolerance_tightening,supplier_issue,hw_integration,2024-07-08
CHG-00159,P-0033,1,feature_add,customer_request,mech_a,2025-12-14
CHG-00160,P-0034,1,feature_add,cost_reduction,elec_a,2023-03-21
CHG-00161,P-0034,2,material_change,test_failure,elec_a,2023-07-28
CHG-00162,P-0034,3,feature_remove,supplier_issue,elec_a,2024-05-24
CHG-00163,P-0034,4,feature_remove,customer_request,elec_a,2023-09-14
CHG-00164,P-0035,1,material_change,design_review,mech_a,2025-03-15
CHG-00165,P-0035,2,material_change,design_review,mech_a,2025-03-28
CHG-00166,P-0035,3,tolerance_tightening,cost_reduction,mech_a,2024-12-06
CHG-00167,P-0035,4,drawing_note,cost_reduction,mech_a,2024-10-28
CHG-00168,P-0035,5,drawing_note,test_failure,mech_a,2024-08-05
CHG-00169,P-0036,1,drawing_note,test_failure,mech_b,2022-11-11
CHG-00170,P-0036,2,drawing_note,design_review,mech_b,2023-02-05
CHG-00171,P-0036,3,feature_remove,design_review,mech_b,2023-12-04
CHG-00172,P-0036,4,dimension_update,design_review,mech_b,2023-08-30
CHG-00173,P-0036,5,drawing_note,supplier_issue,mech_b,2023-05-16
CHG-00174,P-0036,6,tolerance_tightening,design_review,mech_b,2022-12-21
CHG-00175,P-0036,7,material_change,supplier_issue,mech_b,2023-06-18
CHG-00176,P-0037,1,material_change,test_failure,elec_a,2024-04-15
CHG-00177,P-0037,2,dimension_update,design_review,elec_a,2024-04-13
CHG-00178,P-0037,3,drawing_note,design_review,elec_a,2023-09-10
CHG-00179,P-0037,4,tolerance_tightening,supplier_issue,elec_a,2024-03-09
CHG-00180,P-0037,5,feature_remove,design_review,elec_a,2024-02-21
CHG-00181,P-0037,6,feature_add,supplier_issue,elec_a,2023-07-21
CHG-00182,P-0037,7,material_change,design_review,elec_a,2024-02-08
CHG-00183,P-0038,1,feature_remove,design_review,elec_a,2024-06-14
CHG-00184,P-0038,2,dimension_update,test_failure,elec_a,2024-08-22
CHG-00185,P-0038,3,material_change,design_review,elec_a,2023-12-17
CHG-00186,P-0038,4,drawing_note,supplier_issue,elec_a,2024-04-18
CHG-00187,P-0039,1,tolerance_tightening,design_review,hw_integration,2025-08-03
CHG-00188,P-0039,2,feature_add,cost_reduction,hw_integration,2025-08-24
CHG-00189,P-0039,3,feature_add,design_review,hw_integration,2024-07-29
CHG-00190,P-0039,4,dimension_update,customer_request,hw_integration,2025-03-05
CHG-00191,P-0040,1,drawing_note,supplier_issue,hw_integration,2023-09-01
CHG-00192,P-0040,2,tolerance_tightening,customer_request,hw_integration,2024-04-30
CHG-00193,P-0040,3,feature_add,customer_request,hw_integration,2023-10-15
CHG-00194,P-0041,1,dimension_update,cost_reduction,elec_a,2025-06-11
CHG-00195,P-0041,2,material_change,customer_request,elec_a,2024-12-29
CHG-00196,P-0041,3,drawing_note,cost_reduction,elec_a,2024-10-26
CHG-00197,P-0041,4,feature_add,design_review,elec_a,2025-06-02
CHG-00198,P-0041,5,tolerance_tightening,design_review,elec_a,2024-08-27
CHG-00199,P-0041,6,feature_remove,design_review,elec_a,2024-07-09
CHG-00200,P-0042,1,dimension_update,cost_reduction,mech_b,2024-07-31
CHG-00201,P-0042,2,feature_add,test_failure,mech_b,2024-10-17
CHG-00202,P-0042,3,drawing_note,test_failure,mech_b,2024-07-13
CHG-00203,P-0042,4,tolerance_tightening,design_review,mech_b,2024-12-11
CHG-00204,P-0042,5,dimension_update,test_failure,mech_b,2025-03-10
CHG-00205,P-0043,1,drawing_note,design_review,mech_b,2026-01-29
CHG-00206,P-0043,2,tolerance_tightening,customer_request,mech_b,2025-01-27
CHG-00207,P-0043,3,drawing_note,test_failure,mech_b,2026-01-16
CHG-00208,P-0044,1,dimension_update,supplier_issue,hw_integration,2022-09-11
CHG-00209,P-0044,2,drawing_note,design_review,hw_integration,2022-06-26
CHG-00210,P-0045,1,feature_add,design_review,elec_a,2024-01-21
CHG-00211,P-0045,2,drawing_note,design_review,elec_a,2024-02-11
CHG-00212,P-0045,3,drawing_note,test_failure,elec_a,2024-03-10
CHG-00213,P-0045,4,drawing_note,cost_reduction,elec_a,2023-11-19
CHG-00214,P-0046,1,feature_remove,design_review,hw_integration,2024-10-19
CHG-00215,P-0046,2,dimension_update,design_review,hw_integration,2025-06-27
CHG-00216,P-0046,3,drawing_note,customer_request,hw_integration,2025-06-20
CHG-00217,P-0046,4,drawing_note,supplier_issue,hw_integration,2025-01-19
CHG-00218,P-0046,5,dimension_update,cost_reduction,hw_integration,2025-09-18
CHG-00219,P-0046,6,feature_add,design_review,hw_integration,2024-09-01
CHG-00220,P-0047,1,feature_add,design_review,mech_b,2023-09-02
CHG-00221,P-0047,2,feature_add,customer_request,mech_b,2024-05-12
CHG-00222,P-0047,3,tolerance_tightening,design_review,mech_b,2024-05-11
CHG-00223,P-0047,4,dimension_update,customer_request,mech_b,2023-07-09
CHG-00224,P-0047,5,material_change,design_review,mech_b,2024-05-23
CHG-00225,P-0047,6,feature_add,test_failure,mech_b,2024-08-11
CHG-00226,P-0047,7,tolerance_tightening,supplier_issue,mech_b,2024-02-08
CHG-00227,P-0047,8,feature_add,design_review,mech_b,2024-01-27
CHG-00228,P-0047,9,tolerance_tightening,cost_reduction,mech_b,2024-04-04
CHG-00229,P-0048,1,feature_add,design_review,mech_b,2024-05-30
CHG-00230,P-0048,2,material_change,supplier_issue,mech_b,2023-09-23
CHG-00231,P-0048,3,feature_remove,design_review,mech_b,2023-10-18
CHG-00232,P-0048,4,material_change,customer_request,mech_b,2023-10-01
CHG-00233,P-0048,5,feature_add,design_review,mech_b,2023-08-09
CHG-00234,P-0048,6,tolerance_tightening,test_failure,mech_b,2023-01-28
CHG-00235,P-0048,7,dimension_update,cost_reduction,mech_b,2023-04-20
CHG-00236,P-0048,8,feature_add,customer_request,mech_b,2024-05-08
CHG-00237,P-0049,1,tolerance_tightening,test_failure,hw_integration,2024-11-08
CHG-00238,P-0049,2,material_change,design_review,hw_integration,2024-04-29
CHG-00239,P-0049,3,feature_add,design_review,hw_integration,2024-10-28
CHG-00240,P-0049,4,dimension_update,cost_reduction,hw_integration,2024-06-30
CHG-00241,P-0050,1,tolerance_tightening,test_failure,elec_a,2024-11-18
CHG-00242,P-0050,2,material_change,test_failure,elec_a,2024-10-21
CHG-00243,P-0050,3,feature_add,test_failure,elec_a,2023-09-18
CHG-00244,P-0050,4,material_change,test_failure,elec_a,2024-05-15
CHG-00245,P-0050,5,feature_remove,test_failure,elec_a,2024-09-08
CHG-00246,P-0050,6,feature_add,design_review,elec_a,2024-11-15
CHG-00247,P-0050,7,feature_add,customer_request,elec_a,2024-08-07
CHG-00248,P-0050,8,feature_remove,customer_request,elec_a,2024-05-15
CHG-00249,P-0051,1,feature_remove,design_review,mech_a,2024-01-05
CHG-00250,P-0051,2,feature_remove,supplier_issue,mech_a,2024-04-09
CHG-00251,P-0051,3,dimension_update,test_failure,mech_a,2024-01-11
CHG-00252,P-0051,4,dimension_update,design_review,mech_a,2024-08-31
CHG-00253,P-0052,1,drawing_note,supplier_issue,elec_a,2026-09-15
CHG-00254,P-0052,2,dimension_update,test_failure,elec_a,2025-12-02
CHG-00255,P-0052,3,material_change,test_failure,elec_a,2025-06-21
CHG-00256,P-0052,4,feature_remove,test_failure,elec_a,2026-06-29
CHG-00257,P-0052,5,drawing_note,design_review,elec_a,2026-01-26
CHG-00258,P-0052,6,material_change,design_review,elec_a,2026-09-04
CHG-00259,P-0052,7,drawing_note,test_failure,elec_a,2025-12-10
CHG-00260,P-0052,8,tolerance_tightening,supplier_issue,elec_a,2025-11-13
CHG-00261,P-0052,9,feature_remove,supplier_issue,elec_a,2026-04-11
CHG-00262,P-0053,1,dimension_update,customer_request,mech_a,2023-12-15
CHG-00263,P-0053,2,feature_remove,customer_request,mech_a,2024-08-03
CHG-00264,P-0053,3,dimension_update,customer_request,mech_a,2024-09-18
CHG-00265,P-0053,4,feature_remove,test_failure,mech_a,2023-09-06
CHG-00266,P-0054,1,material_change,cost_reduction,hw_integration,2023-02-06
CHG-00267,P-0054,2,material_change,supplier_issue,hw_integration,2023-04-10
CHG-00268,P-0054,3,drawing_note,cost_reduction,hw_integration,2023-10-03
CHG-00269,P-0054,4,drawing_note,customer_request,hw_integration,2023-04-12
CHG-00270,P-0055,1,material_change,cost_reduction,mech_a,2023-04-25
CHG-00271,P-0055,2,tolerance_tightening,design_review,mech_a,2022-11-07
CHG-00272,P-0055,3,tolerance_tightening,cost_reduction,mech_a,2022-08-28
CHG-00273,P-0056,1,dimension_update,design_review,hw_integration,2022-08-07
CHG-00274,P-0056,2,dimension_update,design_review,hw_integration,2023-05-09
CHG-00275,P-0057,1,material_change,cost_reduction,hw_integration,2023-11-28
CHG-00276,P-0057,2,material_change,design_review,hw_integration,2024-10-08
CHG-00277,P-0057,3,tolerance_tightening,supplier_issue,hw_integration,2023-12-06
CHG-00278,P-0057,4,feature_add,design_review,hw_integration,2024-12-13
CHG-00279,P-0057,5,tolerance_tightening,test_failure,hw_integration,2024-11-23
CHG-00280,P-0057,6,tolerance_tightening,design_review,hw_integration,2023-12-19
CHG-00281,P-0057,7,material_change,supplier_issue,hw_integration,2024-07-09
CHG-00282,P-0058,1,feature_add,customer_request,mech_a,2024-01-17
CHG-00283,P-0058,2,tolerance_tightening,supplier_issue,mech_a,2023-03-24
CHG-00284,P-0058,3,tolerance_tightening,design_review,mech_a,2023-08-08
CHG-00285,P-0058,4,feature_remove,customer_request,mech_a,2023-04-07
CHG-00286,P-0059,1,dimension_update,supplier_issue,elec_a,2022-12-05
CHG-00287,P-0059,2,feature_add,design_review,elec_a,2023-06-19
CHG-00288,P-0059,3,feature_add,customer_request,elec_a,2022-08-07
CHG-00289,P-0059,4,dimension_update,design_review,elec_a,2022-11-09
CHG-00290,P-0059,5,material_change,cost_reduction,elec_a,2022-11-11
CHG-00291,P-0060,1,material_change,cost_reduction,mech_a,2023-12-01
CHG-00292,P-0060,2,material_change,design_review,mech_a,2024-07-26
CHG-00293,P-0060,3,feature_add,test_failure,mech_a,2024-05-04
CHG-00294,P-0060,4,feature_add,design_review,mech_a,2023-06-05
CHG-00295,P-0060,5,material_change,customer_request,mech_a,2023-10-10
CHG-00296,P-0060,6,feature_add,supplier_issue,mech_a,2023-11-19
CHG-00297,P-0061,1,dimension_update,design_review,mech_b,2023-09-04
CHG-00298,P-0061,2,drawing_note,cost_reduction,mech_b,2023-06-21
CHG-00299,P-0062,1,feature_add,design_review,mech_b,2024-02-24
CHG-00300,P-0062,2,drawing_note,design_review,mech_b,2025-03-17
CHG-00301,P-0062,3,drawing_note,supplier_issue,mech_b,2024-03-13
CHG-00302,P-0062,4,tolerance_tightening,design_review,mech_b,2025-02-26
CHG-00303,P-0062,5,material_change,test_failure,mech_b,2024-12-06
CHG-00304,P-0062,6,material_change,design_review,mech_b,2024-10-20
CHG-00305,P-0062,7,feature_add,cost_reduction,mech_b,2025-01-21
CHG-00306,P-0063,1,drawing_note,test_failure,elec_a,2022-07-04
CHG-00307,P-0063,2,drawing_note,test_failure,elec_a,2022-07-24
CHG-00308,P-0063,3,feature_add,design_review,elec_a,2022-04-08
CHG-00309,P-0064,1,feature_remove,supplier_issue,hw_integration,2025-12-27
CHG-00310,P-0064,2,material_change,cost_reduction,hw_integration,2026-04-25
CHG-00311,P-0064,3,feature_add,supplier_issue,hw_integration,2026-03-18
CHG-00312,P-0064,4,feature_remove,supplier_issue,hw_integration,2026-02-19
CHG-00313,P-0064,5,material_change,cost_reduction,hw_integration,2026-01-12
CHG-00314,P-0065,1,feature_remove,test_failure,mech_b,2025-11-15
CHG-00315,P-0065,2,dimension_update,test_failure,mech_b,2026-04-03
CHG-00316,P-0065,3,drawing_note,customer_request,mech_b,2026-03-23
CHG-00317,P-0065,4,material_change,customer_request,mech_b,2026-07-02
CHG-00318,P-0065,5,material_change,customer_request,mech_b,2026-05-05
CHG-00319,P-0065,6,drawing_note,test_failure,mech_b,2026-01-01
CHG-00320,P-0065,7,drawing_note,test_failure,mech_b,2026-05-08
CHG-00321,P-0066,1,feature_add,design_review,mech_b,2026-02-23
CHG-00322,P-0066,2,dimension_update,design_review,mech_b,2025-05-02
CHG-00323,P-0066,3,drawing_note,cost_reduction,mech_b,2025-11-21
CHG-00324,P-0066,4,drawing_note,customer_request,mech_b,2026-03-08
CHG-00325,P-0066,5,feature_remove,supplier_issue,mech_b,2026-03-27
CHG-00326,P-0067,1,drawing_note,design_review,mech_a,2023-08-03
CHG-00327,P-0067,2,feature_remove,design_review,mech_a,2023-09-04
CHG-00328,P-0068,1,feature_add,design_review,hw_integration,2024-10-22
CHG-00329,P-0068,2,dimension_update,test_failure,hw_integration,2025-10-26
CHG-00330,P-0068,3,tolerance_tightening,test_failure,hw_integration,2025-09-27
CHG-00331,P-0068,4,dimension_update,test_failure,hw_integration,2025-06-15
CHG-00332,P-0069,1,drawing_note,design_review,mech_b,2022-08-18
CHG-00333,P-0069,2,feature_remove,customer_request,mech_b,2022-05-01
CHG-00334,P-0069,3,feature_remove,cost_reduction,mech_b,2023-04-14
CHG-00335,P-0069,4,material_change,test_failure,mech_b,2022-07-11
CHG-00336,P-0070,1,material_change,design_review,mech_b,2025-01-12
CHG-00337,P-0070,2,feature_remove,customer_request,mech_b,2025-08-01
CHG-00338,P-0071,1,feature_remove,cost_reduction,mech_a,2025-05-03
CHG-00339,P-0071,2,feature_add,design_review,mech_a,2024-11-13
CHG-00340,P-0071,3,feature_remove,design_review,mech_a,2024-12-04
CHG-00341,P-0071,4,tolerance_tightening,customer_request,mech_a,2025-06-16
CHG-00342,P-0071,5,tolerance_tightening,design_review,mech_a,2024-10-19
CHG-00343,P-0071,6,dimension_update,cost_reduction,mech_a,2025-01-12
CHG-00344,P-0071,7,material_change,supplier_issue,mech_a,2025-06-12
CHG-00345,P-0072,1,tolerance_tightening,customer_request,mech_b,2024-01-26
CHG-00346,P-0072,2,material_change,cost_reduction,mech_b,2023-04-25
CHG-00347,P-0072,3,dimension_update,design_review,mech_b,2023-03-15
CHG-00348,P-0072,4,tolerance_tightening,test_failure,mech_b,2023-07-31
CHG-00349,P-0073,1,drawing_note,cost_reduction,elec_a,2023-12-29
CHG-00350,P-0073,2,drawing_note,design_review,elec_a,2024-11-10
CHG-00351,P-0073,3,feature_remove,supplier_issue,elec_a,2024-11-30
CHG-00352,P-0073,4,dimension_update,cost_reduction,elec_a,2024-01-06
CHG-00353,P-0073,5,drawing_note,customer_request,elec_a,2024-08-28
CHG-00354,P-0073,6,drawing_note,design_review,elec_a,2023-11-27
CHG-00355,P-0074,1,material_change,supplier_issue,hw_integration,2026-07-15
CHG-00356,P-0074,2,dimension_update,test_failure,hw_integration,2025-06-29
CHG-00357,P-0074,3,tolerance_tightening,design_review,hw_integration,2025-05-14
CHG-00358,P-0074,4,dimension_update,customer_request,hw_integration,2026-07-03
CHG-00359,P-0074,5,drawing_note,design_review,hw_integration,2026-07-02
CHG-00360,P-0074,6,feature_remove,test_failure,hw_integration,2026-02-03
CHG-00361,P-0075,1,tolerance_tightening,test_failure,mech_b,2023-05-26
CHG-00362,P-0075,2,drawing_note,cost_reduction,mech_b,2022-09-12
CHG-00363,P-0075,3,drawing_note,design_review,mech_b,2023-03-05
CHG-00364,P-0076,1,dimension_update,supplier_issue,elec_a,2024-09-13
CHG-00365,P-0076,2,drawing_note,design_review,elec_a,2025-02-09
CHG-00366,P-0076,3,feature_add,customer_request,elec_a,2024-01-04
CHG-00367,P-0077,1,feature_add,test_failure,hw_integration,2023-09-05
CHG-00368,P-0077,2,drawing_note,cost_reduction,hw_integration,2023-12-17
CHG-00369,P-0077,3,feature_remove,design_review,hw_integration,2023-01-29
CHG-00370,P-0077,4,feature_add,test_failure,hw_integration,2023-10-10
CHG-00371,P-0078,1,dimension_update,design_review,mech_b,2023-05-10
CHG-00372,P-0078,2,tolerance_tightening,test_failure,mech_b,2023-01-14
CHG-00373,P-0078,3,dimension_update,design_review,mech_b,2023-04-03
CHG-00374,P-0079,1,drawing_note,test_failure,mech_b,2024-11-07
CHG-00375,P-0079,2,tolerance_tightening,supplier_issue,mech_b,2024-07-24
CHG-00376,P-0079,3,feature_remove,test_failure,mech_b,2024-12-25
CHG-00377,P-0079,4,dimension_update,design_review,mech_b,2025-07-16
CHG-00378,P-0079,5,dimension_update,design_review,mech_b,2024-12-17
CHG-00379,P-0080,1,tolerance_tightening,design_review,mech_a,2026-01-19
CHG-00380,P-0080,2,dimension_update,design_review,mech_a,2026-04-02
CHG-00381,P-0080,3,drawing_note,supplier_issue,mech_a,2026-07-25
CHG-00382,P-0080,4,tolerance_tightening,design_review,mech_a,2026-02-16
CHG-00383,P-0080,5,tolerance_tightening,test_failure,mech_a,2026-01-07
CHG-00384,P-0081,1,drawing_note,design_review,hw_integration,2024-10-12
CHG-00385,P-0081,2,tolerance_tightening,cost_reduction,hw_integration,2024-06-03
CHG-00386,P-0081,3,feature_add,supplier_issue,hw_integration,2024-09-25
CHG-00387,P-0081,4,drawing_note,test_failure,hw_integration,2024-08-25
CHG-00388,P-0081,5,dimension_update,customer_request,hw_integration,2025-01-20
CHG-00389,P-0082,1,drawing_note,design_review,mech_a,2024-11-10
CHG-00390,P-0083,1,dimension_update,test_failure,mech_a,2024-12-24
CHG-00391,P-0083,2,drawing_note,design_review,mech_a,2025-01-23
CHG-00392,P-0083,3,material_change,design_review,mech_a,2024-08-21
CHG-00393,P-0083,4,dimension_update,design_review,mech_a,2025-03-04
CHG-00394,P-0083,5,drawing_note,supplier_issue,mech_a,2024-05-02
CHG-00395,P-0083,6,material_change,design_review,mech_a,2025-03-07
CHG-00396,P-0084,1,tolerance_tightening,test_failure,mech_a,2023-01-13
CHG-00397,P-0084,2,feature_add,design_review,mech_a,2023-10-19
CHG-00398,P-0084,3,drawing_note,supplier_issue,mech_a,2023-02-05
CHG-00399,P-0085,1,material_change,cost_reduction,elec_a,2023-05-10
CHG-00400,P-0085,2,feature_remove,design_review,elec_a,2023-03-13
CHG-00401,P-0085,3,drawing_note,test_failure,elec_a,2023-08-26
CHG-00402,P-0085,4,dimension_update,supplier_issue,elec_a,2022-10-04
CHG-00403,P-0085,5,feature_remove,design_review,elec_a,2023-07-02
CHG-00404,P-0086,1,feature_add,supplier_issue,mech_b,2025-10-17
CHG-00405,P-0086,2,material_change,test_failure,mech_b,2025-04-19
CHG-00406,P-0086,3,feature_remove,supplier_issue,mech_b,2025-05-27
CHG-00407,P-0086,4,feature_add,test_failure,mech_b,2024-08-30
CHG-00408,P-0086,5,dimension_update,cost_reduction,mech_b,2025-04-16
CHG-00409,P-0086,6,tolerance_tightening,supplier_issue,mech_b,2025-08-02
CHG-00410,P-0087,1,feature_add,test_failure,elec_a,2024-12-20
CHG-00411,P-0087,2,drawing_note,customer_request,elec_a,2024-06-19
CHG-00412,P-0087,3,drawing_note,customer_request,elec_a,2024-01-20
CHG-00413,P-0088,1,material_change,test_failure,elec_a,2023-02-04
CHG-00414,P-0088,2,dimension_update,test_failure,elec_a,2023-07-20
CHG-00415,P-0088,3,feature_add,test_failure,elec_a,2023-12-24
CHG-00416,P-0088,4,drawing_note,design_review,elec_a,2023-01-14
CHG-00417,P-0088,5,feature_remove,test_failure,elec_a,2023-01-05
CHG-00418,P-0089,1,dimension_update,design_review,mech_a,2023-05-29
CHG-00419,P-0090,1,dimension_update,supplier_issue,mech_b,2023-06-24
CHG-00420,P-0090,2,feature_add,customer_request,mech_b,2022-10-13
CHG-00421,P-0090,3,tolerance_tightening,supplier_issue,mech_b,2022-10-27
CHG-00422,P-0090,4,feature_add,customer_request,mech_b,2023-11-15
CHG-00423,P-0091,1,feature_add,design_review,mech_a,2024-04-08
CHG-00424,P-0091,2,feature_remove,supplier_issue,mech_a,2024-08-13
CHG-00425,P-0091,3,feature_remove,test_failure,mech_a,2024-04-01
CHG-00426,P-0091,4,drawing_note,customer_request,mech_a,2024-12-20
CHG-00427,P-0091,5,feature_remove,customer_request,mech_a,2024-02-20
CHG-00428,P-0092,1,feature_add,supplier_issue,mech_a,2023-03-15
CHG-00429,P-0092,2,feature_add,test_failure,mech_a,2023-10-30
CHG-00430,P-0092,3,drawing_note,supplier_issue,mech_a,2023-04-17
CHG-00431,P-0092,4,feature_add,cost_reduction,mech_a,2023-03-08
CHG-00432,P-0092,5,feature_add,design_review,mech_a,2024-03-05
CHG-00433,P-0093,1,feature_remove,design_review,mech_b,2024-10-07
CHG-00434,P-0093,2,feature_add,customer_request,mech_b,2025-11-15
CHG-00435,P-0093,3,dimension_update,design_review,mech_b,2025-07-15
CHG-00436,P-0093,4,drawing_note,design_review,mech_b,2024-08-22
CHG-00437,P-0093,5,tolerance_tightening,test_failure,mech_b,2025-02-14
CHG-00438,P-0094,1,feature_add,cost_reduction,mech_b,2024-04-11
CHG-00439,P-0094,2,feature_remove,test_failure,mech_b,2024-09-23
CHG-00440,P-0094,3,feature_remove,test_failure,mech_b,2024-12-13
CHG-00441,P-0094,4,feature_remove,customer_request,mech_b,2024-08-14
CHG-00442,P-0094,5,drawing_note,supplier_issue,mech_b,2025-01-29
CHG-00443,P-0095,1,feature_add,cost_reduction,mech_a,2023-08-14
CHG-00444,P-0095,2,feature_add,test_failure,mech_a,2023-08-17
CHG-00445,P-0095,3,tolerance_tightening,design_review,mech_a,2023-05-11
CHG-00446,P-0095,4,drawing_note,supplier_issue,mech_a,2022-12-09
CHG-00447,P-0095,5,tolerance_tightening,test_failure,mech_a,2023-09-04
CHG-00448,P-0095,6,drawing_note,test_failure,mech_a,2022-07-17
CHG-00449,P-0095,7,feature_remove,cost_reduction,mech_a,2023-04-13
CHG-00450,P-0096,1,dimension_update,cost_reduction,mech_b,2023-07-14
CHG-00451,P-0096,2,material_change,customer_request,mech_b,2023-06-21
CHG-00452,P-0096,3,tolerance_tightening,supplier_issue,mech_b,2023-01-14
CHG-00453,P-0096,4,tolerance_tightening,customer_request,mech_b,2023-09-20
CHG-00454,P-0097,1,material_change,design_review,mech_b,2022-04-19
CHG-00455,P-0097,2,drawing_note,test_failure,mech_b,2023-06-26
CHG-00456,P-0097,3,material_change,design_review,mech_b,2023-04-27
CHG-00457,P-0097,4,drawing_note,supplier_issue,mech_b,2023-06-16
CHG-00458,P-0097,5,feature_remove,customer_request,mech_b,2022-07-01
CHG-00459,P-0098,1,drawing_note,design_review,hw_integration,2022-10-05
CHG-00460,P-0098,2,feature_add,supplier_issue,hw_integration,2023-01-24
CHG-00461,P-0098,3,dimension_update,customer_request,hw_integration,2022-03-17
CHG-00462,P-0099,1,tolerance_tightening,test_failure,elec_a,2024-10-27
CHG-00463,P-0099,2,feature_add,customer_request,elec_a,2025-02-17
CHG-00464,P-0099,3,material_change,test_failure,elec_a,2024-11-03
CHG-00465,P-0099,4,feature_add,customer_request,elec_a,2025-09-10
CHG-00466,P-0099,5,tolerance_tightening,test_failure,elec_a,2025-04-08
CHG-00467,P-0100,1,feature_remove,design_review,mech_b,2024-04-04
CHG-00468,P-0100,2,drawing_note,supplier_issue,mech_b,2023-08-05
CHG-00469,P-0100,3,dimension_update,design_review,mech_b,2023-12-29
CHG-00470,P-0100,4,material_change,customer_request,mech_b,2023-12-20
CHG-00471,P-0100,5,tolerance_tightening,supplier_issue,mech_b,2024-05-17
CHG-00472,P-0100,6,dimension_update,test_failure,mech_b,2023-08-15
CHG-00473,P-0100,7,drawing_note,supplier_issue,mech_b,2024-09-19
CHG-00474,P-0101,1,material_change,cost_reduction,mech_b,2025-07-11
CHG-00475,P-0101,2,dimension_update,test_failure,mech_b,2025-10-20
CHG-00476,P-0101,3,material_change,customer_request,mech_b,2026-03-27
CHG-00477,P-0101,4,feature_remove,test_failure,mech_b,2025-06-25
CHG-00478,P-0101,5,tolerance_tightening,customer_request,mech_b,2026-03-03
CHG-00479,P-0101,6,material_change,design_review,mech_b,2025-02-22
CHG-00480,P-0102,1,material_change,design_review,mech_a,2023-12-29
CHG-00481,P-0102,2,feature_remove,cost_reduction,mech_a,2023-02-01
CHG-00482,P-0102,3,tolerance_tightening,supplier_issue,mech_a,2023-01-06
CHG-00483,P-0102,4,drawing_note,supplier_issue,mech_a,2023-10-12
CHG-00484,P-0102,5,feature_remove,cost_reduction,mech_a,2023-05-28
CHG-00485,P-0102,6,material_change,cost_reduction,mech_a,2024-02-03
CHG-00486,P-0102,7,drawing_note,customer_request,mech_a,2023-05-24
CHG-00487,P-0102,8,feature_remove,design_review,mech_a,2023-06-08
CHG-00488,P-0103,1,material_change,test_failure,mech_b,2023-11-29
CHG-00489,P-0103,2,material_change,cost_reduction,mech_b,2023-04-29
CHG-00490,P-0103,3,dimension_update,test_failure,mech_b,2023-05-21
CHG-00491,P-0103,4,drawing_note,design_review,mech_b,2023-07-19
CHG-00492,P-0104,1,material_change,design_review,elec_a,2025-01-23
CHG-00493,P-0104,2,tolerance_tightening,design_review,elec_a,2024-04-06
CHG-00494,P-0104,3,dimension_update,test_failure,elec_a,2024-09-20
CHG-00495,P-0105,1,drawing_note,supplier_issue,mech_a,2023-06-08
CHG-00496,P-0105,2,feature_add,customer_request,mech_a,2023-10-23
CHG-00497,P-0105,3,dimension_update,cost_reduction,mech_a,2023-12-23
CHG-00498,P-0105,4,feature_remove,supplier_issue,mech_a,2023-05-09
CHG-00499,P-0105,5,feature_add,design_review,mech_a,2024-02-14
CHG-00500,P-0106,1,feature_remove,cost_reduction,hw_integration,2024-06-22
CHG-00501,P-0106,2,feature_add,test_failure,hw_integration,2024-10-21
CHG-00502,P-0106,3,feature_add,design_review,hw_integration,2024-11-30
CHG-00503,P-0106,4,drawing_note,test_failure,hw_integration,2023-08-12
CHG-00504,P-0107,1,material_change,supplier_issue,elec_a,2023-08-20
CHG-00505,P-0107,2,material_change,supplier_issue,elec_a,2023-05-09
CHG-00506,P-0108,1,feature_add,test_failure,hw_integration,2023-04-29
CHG-00507,P-0108,2,drawing_note,cost_reduction,hw_integration,2023-08-15
CHG-00508,P-0108,3,feature_add,design_review,hw_integration,2023-05-20
CHG-00509,P-0108,4,tolerance_tightening,design_review,hw_integration,2023-03-19
CHG-00510,P-0108,5,material_change,design_review,hw_integration,2022-08-05
CHG-00511,P-0109,1,feature_remove,design_review,mech_b,2025-05-20
CHG-00512,P-0109,2,tolerance_tightening,supplier_issue,mech_b,2025-07-30
CHG-00513,P-0109,3,material_change,test_failure,mech_b,2025-12-13
CHG-00514,P-0109,4,drawing_note,customer_request,mech_b,2025-06-01
CHG-00515,P-0110,1,dimension_update,design_review,hw_integration,2023-11-19
CHG-00516,P-0110,2,feature_remove,test_failure,hw_integration,2022-12-17
CHG-00517,P-0110,3,tolerance_tightening,design_review,hw_integration,2024-02-15
CHG-00518,P-0110,4,drawing_note,cost_reduction,hw_integration,2023-02-22
CHG-00519,P-0111,1,feature_add,test_failure,mech_b,2023-01-23
CHG-00520,P-0111,2,drawing_note,supplier_issue,mech_b,2023-04-29
CHG-00521,P-0111,3,drawing_note,test_failure,mech_b,2023-07-16
CHG-00522,P-0111,4,tolerance_tightening,design_review,mech_b,2022-08-21
CHG-00523,P-0111,5,tolerance_tightening,design_review,mech_b,2022-08-08
CHG-00524,P-0111,6,dimension_update,design_review,mech_b,2023-03-31
CHG-00525,P-0111,7,tolerance_tightening,design_review,mech_b,2022-06-12
CHG-00526,P-0111,8,dimension_update,test_failure,mech_b,2023-09-06
CHG-00527,P-0111,9,dimension_update,design_review,mech_b,2023-05-12
CHG-00528,P-0111,10,drawing_note,test_failure,mech_b,2023-08-14
CHG-00529,P-0112,1,material_change,test_failure,hw_integration,2023-03-21
CHG-00530,P-0112,2,material_change,test_failure,hw_integration,2023-02-08
CHG-00531,P-0112,3,material_change,customer_request,hw_integration,2024-02-12
CHG-00532,P-0112,4,dimension_update,design_review,hw_integration,2023-09-11
CHG-00533,P-0112,5,feature_add,supplier_issue,hw_integration,2023-12-27
CHG-00534,P-0113,1,tolerance_tightening,test_failure,elec_a,2023-09-02
CHG-00535,P-0113,2,tolerance_tightening,test_failure,elec_a,2023-10-20
CHG-00536,P-0113,3,feature_add,design_review,elec_a,2023-10-02
CHG-00537,P-0113,4,feature_add,test_failure,elec_a,2023-09-01
CHG-00538,P-0113,5,tolerance_tightening,test_failure,elec_a,2023-07-14
CHG-00539,P-0113,6,feature_add,test_failure,elec_a,2024-06-08
CHG-00540,P-0114,1,feature_remove,design_review,elec_a,2024-03-16
CHG-00541,P-0114,2,tolerance_tightening,test_failure,elec_a,2024-03-18
CHG-00543,P-0114,4,feature_remove,test_failure,elec_a,2024-01-29
CHG-00544,P-0114,5,feature_add,customer_request,elec_a,2023-10-15
CHG-00545,P-0115,1,feature_add,supplier_issue,mech_a,2024-09-05
CHG-00546,P-0115,2,material_change,customer_request,mech_a,2025-02-25
CHG-00547,P-0115,3,feature_add,test_failure,mech_a,2025-10-23
CHG-00548,P-0115,4,feature_remove,test_failure,mech_a,2025-01-20
CHG-00549,P-0116,1,dimension_update,cost_reduction,hw_integration,2025-02-07
CHG-00550,P-0116,2,feature_remove,test_failure,hw_integration,2026-03-13
CHG-00551,P-0116,3,dimension_update,design_review,hw_integration,2026-01-27
CHG-00552,P-0116,4,drawing_note,test_failure,hw_integration,2025-09-21
CHG-00553,P-0117,1,tolerance_tightening,test_failure,mech_a,2023-02-08
CHG-00554,P-0117,2,feature_add,supplier_issue,mech_a,2023-07-13
CHG-00555,P-0117,3,material_change,test_failure,mech_a,2023-02-11
CHG-00556,P-0117,4,material_change,supplier_issue,mech_a,2023-08-25
CHG-00557,P-0117,5,dimension_update,test_failure,mech_a,2023-11-17
CHG-00558,P-0117,6,drawing_note,customer_request,mech_a,2024-04-27
CHG-00559,P-0117,7,feature_add,design_review,mech_a,2023-04-30
CHG-00560,P-0118,1,feature_remove,design_review,mech_a,2023-06-07
CHG-00561,P-0118,2,drawing_note,test_failure,mech_a,2024-02-12
CHG-00562,P-0118,3,drawing_note,test_failure,mech_a,2023-04-23
CHG-00563,P-0118,4,feature_add,cost_reduction,mech_a,2023-12-20
CHG-00564,P-0118,5,tolerance_tightening,cost_reduction,mech_a,2023-01-16
CHG-00565,P-0118,6,feature_add,cost_reduction,mech_a,2023-12-17
CHG-00566,P-0118,7,dimension_update,test_failure,mech_a,2022-12-14
CHG-00567,P-0118,8,feature_add,design_review,mech_a,2023-11-29
CHG-00568,P-0119,1,feature_add,supplier_issue,mech_b,2022-08-19
CHG-00569,P-0119,2,feature_add,design_review,mech_b,2023-05-29
CHG-00570,P-0119,3,material_change,supplier_issue,mech_b,2023-01-16
CHG-00571,P-0119,4,material_change,test_failure,mech_b,2023-05-19
CHG-00572,P-0119,5,tolerance_tightening,design_review,mech_b,2022-10-22
CHG-00573,P-0119,6,feature_add,customer_request,mech_b,2022-09-30
CHG-00574,P-0119,7,tolerance_tightening,design_review,mech_b,2023-08-22
CHG-00575,P-0119,8,material_change,test_failure,mech_b,2023-04-20
CHG-00576,P-0120,1,tolerance_tightening,supplier_issue,hw_integration,2023-09-24
CHG-00577,P-0120,2,drawing_note,test_failure,hw_integration,2023-02-05
CHG-00578,P-0120,3,feature_add,design_review,hw_integration,2023-04-20
CHG-00579,P-0120,4,dimension_update,design_review,hw_integration,2023-02-17
CHG-00580,P-0120,5,drawing_note,test_failure,hw_integration,2023-04-04
CHG-00581,P-0121,1,drawing_note,design_review,hw_integration,2023-02-23
CHG-00582,P-0121,2,drawing_note,test_failure,hw_integration,2022-10-07
CHG-00583,P-0121,3,feature_remove,supplier_issue,hw_integration,2023-01-06
CHG-00584,P-0121,4,feature_remove,supplier_issue,hw_integration,2022-05-07
CHG-00585,P-0121,5,dimension_update,test_failure,hw_integration,2023-01-30
CHG-00586,P-0122,1,dimension_update,cost_reduction,hw_integration,2022-08-15
CHG-00587,P-0122,2,drawing_note,test_failure,hw_integration,2023-03-12
CHG-00588,P-0122,3,material_change,test_failure,hw_integration,2023-03-06
CHG-00589,P-0122,4,material_change,supplier_issue,hw_integration,2022-01-14
CHG-00590,P-0122,5,material_change,test_failure,hw_integration,2023-02-16
CHG-00591,P-0122,6,material_change,supplier_issue,hw_integration,2022-03-29
CHG-00592,P-0122,7,feature_remove,supplier_issue,hw_integration,2023-01-06
CHG-00593,P-0123,1,tolerance_tightening,test_failure,elec_a,2024-08-30
CHG-00594,P-0123,2,feature_add,design_review,elec_a,2023-07-02
CHG-00595,P-0123,3,drawing_note,design_review,elec_a,2023-11-09
CHG-00596,P-0123,4,tolerance_tightening,customer_request,elec_a,2023-09-11
CHG-00597,P-0123,5,feature_add,cost_reduction,elec_a,2024-02-07
CHG-00598,P-0123,6,material_change,test_failure,elec_a,2023-10-14
CHG-00599,P-0124,1,drawing_note,supplier_issue,hw_integration,2025-05-02
CHG-00600,P-0124,2,feature_remove,design_review,hw_integration,2024-06-13
CHG-00601,P-0124,3,dimension_update,supplier_issue,hw_integration,2025-04-08
CHG-00602,P-0124,4,dimension_update,test_failure,hw_integration,2024-05-14
CHG-00603,P-0124,5,feature_add,design_review,hw_integration,2024-04-16
CHG-00604,P-0125,1,drawing_note,test_failure,mech_b,2025-11-11
CHG-00605,P-0125,2,material_change,customer_request,mech_b,2025-10-24
CHG-00606,P-0125,3,drawing_note,customer_request,mech_b,2024-11-27
CHG-00607,P-0125,4,feature_remove,customer_request,mech_b,2025-08-21
CHG-00608,P-0125,5,material_change,customer_request,mech_b,2025-12-18
CHG-00609,P-0126,1,material_change,design_review,mech_b,2023-03-08
CHG-00610,P-0126,2,material_change,cost_reduction,mech_b,2023-05-24
CHG-00611,P-0126,3,drawing_note,design_review,mech_b,2024-05-13
CHG-00612,P-0127,1,drawing_note,cost_reduction,mech_a,2023-03-08
CHG-00613,P-0127,2,dimension_update,cost_reduction,mech_a,2023-02-15
CHG-00614,P-0127,3,dimension_update,design_review,mech_a,2024-05-02
CHG-00615,P-0128,1,drawing_note,design_review,hw_integration,2025-08-02
CHG-00616,P-0128,2,drawing_note,supplier_issue,hw_integration,2024-10-26
CHG-00617,P-0128,3,tolerance_tightening,customer_request,hw_integration,2025-05-10
CHG-00618,P-0128,4,dimension_update,cost_reduction,hw_integration,2024-12-25
CHG-00619,P-0128,5,feature_remove,design_review,hw_integration,2025-03-09
CHG-00620,P-0128,6,material_change,test_failure,hw_integration,2025-02-18
CHG-00621,P-0128,7,feature_remove,design_review,hw_integration,2025-04-21
CHG-00622,P-0129,1,material_change,customer_request,mech_b,2024-08-31
CHG-00623,P-0129,2,drawing_note,test_failure,mech_b,2024-08-03
CHG-00624,P-0129,3,feature_remove,customer_request,mech_b,2025-05-07
CHG-00625,P-0129,4,dimension_update,supplier_issue,mech_b,2024-12-04
CHG-00626,P-0130,1,feature_add,design_review,mech_a,2025-07-04
CHG-00627,P-0130,2,feature_remove,design_review,mech_a,2025-06-28
CHG-00628,P-0130,3,material_change,cost_reduction,mech_a,2025-01-13
CHG-00629,P-0130,4,dimension_update,customer_request,mech_a,2024-07-02
CHG-00630,P-0130,5,drawing_note,test_failure,mech_a,2024-09-15
CHG-00631,P-0131,1,feature_remove,design_review,mech_b,2022-12-11
CHG-00632,P-0131,2,feature_add,test_failure,mech_b,2023-03-12
CHG-00633,P-0131,3,feature_add,supplier_issue,mech_b,2023-09-11
CHG-00634,P-0131,4,tolerance_tightening,design_review,mech_b,2023-11-16
CHG-00635,P-0132,1,dimension_update,test_failure,elec_a,2023-06-11
CHG-00636,P-0132,2,feature_remove,design_review,elec_a,2022-07-18
CHG-00637,P-0132,3,feature_add,test_failure,elec_a,2023-03-09
CHG-00638,P-0132,4,dimension_update,customer_request,elec_a,2022-06-02
CHG-00639,P-0132,5,feature_add,customer_request,elec_a,2023-06-08
CHG-00640,P-0132,6,material_change,test_failure,elec_a,2022-12-04
CHG-00641,P-0133,1,dimension_update,test_failure,mech_b,2024-01-01
CHG-00642,P-0133,2,feature_add,design_review,mech_b,2024-01-21
CHG-00643,P-0133,3,tolerance_tightening,supplier_issue,mech_b,2025-04-03
CHG-00644,P-0133,4,feature_remove,design_review,mech_b,2025-02-06
CHG-00645,P-0133,5,drawing_note,test_failure,mech_b,2024-06-02
CHG-00646,P-0134,1,material_change,design_review,mech_b,2024-09-30
CHG-00647,P-0134,2,material_change,cost_reduction,mech_b,2024-09-02
CHG-00648,P-0134,3,feature_remove,test_failure,mech_b,2024-10-27
CHG-00649,P-0135,1,dimension_update,design_review,mech_b,2023-01-06
CHG-00650,P-0135,2,feature_remove,design_review,mech_b,2023-11-12
CHG-00651,P-0135,3,material_change,customer_request,mech_b,2023-09-14
CHG-00652,P-0135,4,tolerance_tightening,design_review,mech_b,2023-09-16
CHG-00653,P-0135,5,feature_remove,design_review,mech_b,2023-01-12
CHG-00654,P-0135,6,feature_add,design_review,mech_b,2023-02-05
CHG-00655,P-0135,7,tolerance_tightening,design_review,mech_b,2023-11-01
CHG-00656,P-0135,8,feature_remove,test_failure,mech_b,2023-02-14
CHG-00657,P-0136,1,feature_add,cost_reduction,elec_a,2026-09-28
CHG-00658,P-0136,2,feature_add,customer_request,elec_a,2026-02-20
CHG-00659,P-0137,1,material_change,supplier_issue,elec_a,2023-02-19
CHG-00660,P-0137,2,drawing_note,supplier_issue,elec_a,2023-03-22
CHG-00661,P-0137,3,material_change,cost_reduction,elec_a,2022-10-31
CHG-00662,P-0137,4,dimension_update,design_review,elec_a,2023-06-07
CHG-00663,P-0137,5,feature_remove,design_review,elec_a,2022-09-09
CHG-00664,P-0138,1,tolerance_tightening,test_failure,elec_a,2023-06-25
CHG-00665,P-0138,2,feature_add,cost_reduction,elec_a,2023-08-09
CHG-00666,P-0138,3,feature_add,cost_reduction,elec_a,2023-09-28
CHG-00667,P-0138,4,material_change,test_failure,elec_a,2023-01-11
CHG-00668,P-0138,5,drawing_note,test_failure,elec_a,2024-04-14
CHG-00669,P-0138,6,tolerance_tightening,customer_request,elec_a,2023-04-08
CHG-00670,P-0138,7,feature_add,test_failure,elec_a,2023-07-11
CHG-00671,P-0139,1,material_change,supplier_issue,mech_a,2025-01-15
CHG-00672,P-0139,2,material_change,supplier_issue,mech_a,2025-10-15
CHG-00673,P-0139,3,feature_remove,supplier_issue,mech_a,2025-02-20
CHG-00674,P-0139,4,dimension_update,design_review,mech_a,2025-11-16
CHG-00675,P-0139,5,drawing_note,customer_request,mech_a,2025-08-17
CHG-00676,P-0140,1,material_change,supplier_issue,mech_b,2024-05-12
CHG-00677,P-0140,2,tolerance_tightening,customer_request,mech_b,2024-12-28
CHG-00678,P-0140,3,feature_remove,design_review,mech_b,2024-10-21
CHG-00679,P-0140,4,drawing_note,customer_request,mech_b,2024-11-25
CHG-00680,P-0140,5,material_change,test_failure,mech_b,2024-04-30
CHG-00681,P-0141,1,dimension_update,test_failure,elec_a,2024-02-19
CHG-00682,P-0141,2,drawing_note,design_review,elec_a,2023-08-05
CHG-00683,P-0141,3,feature_remove,design_review,elec_a,2023-10-30
CHG-00684,P-0141,4,material_change,supplier_issue,elec_a,2023-12-30
CHG-00685,P-0142,1,feature_add,test_failure,mech_a,2024-10-20
CHG-00686,P-0142,2,material_change,customer_request,mech_a,2024-11-26
CHG-00687,P-0142,3,material_change,design_review,mech_a,2024-06-13
CHG-00688,P-0142,4,tolerance_tightening,design_review,mech_a,2025-01-15
CHG-00689,P-0143,1,dimension_update,customer_request,mech_a,2024-03-18
CHG-00690,P-0143,2,material_change,supplier_issue,mech_a,2023-11-23
CHG-00691,P-0143,3,material_change,cost_reduction,mech_a,2024-06-11
CHG-00692,P-0144,1,tolerance_tightening,supplier_issue,mech_b,2023-08-10
CHG-00693,P-0144,2,feature_add,design_review,mech_b,2023-03-22
CHG-00694,P-0144,3,tolerance_tightening,customer_request,mech_b,2024-01-03
CHG-00695,P-0145,1,feature_remove,cost_reduction,elec_a,2025-06-09
CHG-00696,P-0145,2,tolerance_tightening,supplier_issue,elec_a,2024-11-14
CHG-00697,P-0145,3,feature_remove,design_review,elec_a,2025-03-12
CHG-00698,P-0145,4,tolerance_tightening,design_review,elec_a,2025-06-22
CHG-00699,P-0146,1,dimension_update,test_failure,elec_a,2025-09-30
CHG-00700,P-0146,2,material_change,customer_request,elec_a,2025-09-25
CHG-00701,P-0146,3,dimension_update,cost_reduction,elec_a,2025-12-26
CHG-00702,P-0147,1,drawing_note,test_failure,mech_a,2023-06-19
CHG-00703,P-0147,2,feature_remove,supplier_issue,mech_a,2022-09-22
CHG-00704,P-0147,3,drawing_note,supplier_issue,mech_a,2022-04-20
CHG-00705,P-0147,4,tolerance_tightening,cost_reduction,mech_a,2023-07-11
CHG-00706,P-0148,1,drawing_note,supplier_issue,elec_a,2022-03-08
CHG-00707,P-0148,2,dimension_update,supplier_issue,elec_a,2022-10-28
CHG-00708,P-0148,3,material_change,supplier_issue,elec_a,2023-04-20
CHG-00709,P-0148,4,feature_add,test_failure,elec_a,2023-03-16
CHG-00710,P-0148,5,feature_remove,test_failure,elec_a,2022-02-02
CHG-00711,P-0149,1,feature_add,cost_reduction,mech_a,2025-05-10
CHG-00712,P-0149,2,feature_add,test_failure,mech_a,2025-06-05
CHG-00713,P-0149,3,tolerance_tightening,customer_request,mech_a,2025-04-11
CHG-00714,P-0149,4,dimension_update,design_review,mech_a,2025-05-28
CHG-00715,P-0149,5,feature_add,cost_reduction,mech_a,2025-09-17
CHG-00716,P-0149,6,tolerance_tightening,design_review,mech_a,2025-11-03
CHG-00717,P-0149,7,feature_add,design_review,mech_a,2025-03-23
CHG-00718,P-0150,1,drawing_note,design_review,elec_a,2023-04-07
CHG-00719,P-0150,2,material_change,cost_reduction,elec_a,2023-05-24
CHG-00720,P-0150,3,drawing_note,test_failure,elec_a,2022-11-09
CHG-00721,P-0150,4,material_change,design_review,elec_a,2023-06-22
CHG-00722,P-0151,1,feature_remove,design_review,elec_a,2022-05-21
CHG-00723,P-0151,2,drawing_note,supplier_issue,elec_a,2022-07-30
CHG-00724,P-0151,3,material_change,customer_request,elec_a,2023-03-22
CHG-00725,P-0151,4,tolerance_tightening,design_review,elec_a,2022-06-24
CHG-00726,P-0151,5,tolerance_tightening,supplier_issue,elec_a,2023-03-31
CHG-00727,P-0151,6,feature_remove,supplier_issue,elec_a,2022-05-13
CHG-00728,P-0152,1,tolerance_tightening,design_review,mech_a,2025-05-19
CHG-00729,P-0152,2,dimension_update,design_review,mech_a,2025-04-27
CHG-00730,P-0152,3,feature_add,design_review,mech_a,2025-05-19
CHG-00731,P-0152,4,tolerance_tightening,test_failure,mech_a,2024-06-07
CHG-00732,P-0152,5,tolerance_tightening,cost_reduction,mech_a,2024-04-26
CHG-00733,P-0152,6,feature_remove,test_failure,mech_a,2024-03-29
CHG-00734,P-0152,7,feature_add,supplier_issue,mech_a,2025-04-24
CHG-00735,P-0152,8,feature_remove,customer_request,mech_a,2024-11-25
CHG-00736,P-0152,9,tolerance_tightening,test_failure,mech_a,2024-02-07
CHG-00737,P-0153,1,dimension_update,design_review,mech_b,2024-06-12
CHG-00738,P-0153,2,material_change,supplier_issue,mech_b,2023-05-29
CHG-00739,P-0153,3,material_change,supplier_issue,mech_b,2023-06-06
CHG-00740,P-0154,1,material_change,test_failure,hw_integration,2025-10-02
CHG-00741,P-0154,2,feature_remove,cost_reduction,hw_integration,2025-05-21
CHG-00742,P-0154,3,drawing_note,cost_reduction,hw_integration,2025-10-11
CHG-00743,P-0154,4,feature_add,supplier_issue,hw_integration,2025-12-04
CHG-00744,P-0155,1,tolerance_tightening,test_failure,mech_b,2026-08-26
CHG-00745,P-0155,2,tolerance_tightening,supplier_issue,mech_b,2026-04-24
CHG-00746,P-0155,3,feature_add,cost_reduction,mech_b,2026-05-03
CHG-00747,P-0156,1,feature_add,customer_request,elec_a,2023-04-08
CHG-00748,P-0156,2,tolerance_tightening,design_review,elec_a,2022-05-15
CHG-00749,P-0157,1,feature_add,design_review,elec_a,2023-04-17
CHG-00750,P-0157,2,material_change,test_failure,elec_a,2023-02-12
CHG-00751,P-0157,3,feature_add,design_review,elec_a,2023-08-20
CHG-00752,P-0157,4,drawing_note,design_review,elec_a,2023-06-07
CHG-00753,P-0158,1,dimension_update,customer_request,mech_a,2024-04-27
CHG-00754,P-0158,2,feature_add,design_review,mech_a,2025-04-20
CHG-00755,P-0158,3,drawing_note,design_review,mech_a,2025-02-03
CHG-00756,P-0158,4,drawing_note,design_review,mech_a,2024-03-14
CHG-00757,P-0159,1,feature_remove,test_failure,hw_integration,2023-11-24
CHG-00758,P-0159,2,feature_add,design_review,hw_integration,2023-03-20
CHG-00759,P-0159,3,drawing_note,customer_request,hw_integration,2024-05-08
CHG-00760,P-0159,4,material_change,supplier_issue,hw_integration,2023-06-25
CHG-00761,P-0159,5,feature_remove,customer_request,hw_integration,2023-07-08
CHG-00762,P-0160,1,feature_remove,test_failure,mech_b,2022-05-03
CHG-00763,P-0160,2,feature_add,test_failure,mech_b,2022-11-20
CHG-00764,P-0160,3,material_change,cost_reduction,mech_b,2022-02-13
CHG-00765,P-0160,4,tolerance_tightening,test_failure,mech_b,2023-03-13
CHG-00766,P-0160,5,dimension_update,test_failure,mech_b,2022-09-23
CHG-00767,P-0161,1,feature_add,design_review,hw_integration,2024-05-05
CHG-00768,P-0161,2,tolerance_tightening,test_failure,hw_integration,2024-07-18
CHG-00769,P-0161,3,drawing_note,design_review,hw_integration,2024-02-04
CHG-00770,P-0161,4,material_change,test_failure,hw_integration,2024-04-29
CHG-00771,P-0161,5,drawing_note,test_failure,hw_integration,2024-07-07
CHG-00772,P-0161,6,material_change,test_failure,hw_integration,2024-04-18
CHG-00773,P-0162,1,drawing_note,supplier_issue,mech_b,2024-12-04
CHG-00774,P-0162,2,material_change,supplier_issue,mech_b,2024-11-25
CHG-00775,P-0163,1,dimension_update,supplier_issue,elec_a,2026-09-08
CHG-00776,P-0163,2,drawing_note,test_failure,elec_a,2026-09-26
CHG-00777,P-0163,3,feature_remove,test_failure,elec_a,2025-12-08
CHG-00778,P-0163,4,feature_remove,test_failure,elec_a,2026-01-11
CHG-00779,P-0163,5,drawing_note,design_review,elec_a,2025-08-12
CHG-00780,P-0163,6,dimension_update,design_review,elec_a,2026-03-10
CHG-00781,P-0164,1,feature_remove,supplier_issue,mech_b,2024-04-14
CHG-00782,P-0164,2,tolerance_tightening,supplier_issue,mech_b,2023-09-04
CHG-00783,P-0164,3,tolerance_tightening,cost_reduction,mech_b,2023-08-31
CHG-00784,P-0165,1,material_change,test_failure,hw_integration,2025-11-18
CHG-00785,P-0165,2,tolerance_tightening,test_failure,hw_integration,2024-11-14
CHG-00786,P-0166,1,feature_add,test_failure,mech_a,2024-11-18
CHG-00787,P-0166,2,feature_remove,design_review,mech_a,2024-01-25
CHG-00788,P-0166,3,dimension_update,test_failure,mech_a,2024-05-16
CHG-00789,P-0166,4,dimension_update,supplier_issue,mech_a,2024-07-29
CHG-00790,P-0166,5,dimension_update,customer_request,mech_a,2024-01-30
CHG-00791,P-0166,6,tolerance_tightening,supplier_issue,mech_a,2023-07-14
CHG-00792,P-0166,7,material_change,design_review,mech_a,2024-01-30
CHG-00793,P-0166,8,material_change,supplier_issue,mech_a,2023-08-24
CHG-00794,P-0166,9,tolerance_tightening,customer_request,mech_a,2023-09-20
CHG-00795,P-0167,1,material_change,test_failure,hw_integration,2024-05-13
CHG-00796,P-0167,2,feature_add,design_review,hw_integration,2024-11-10
CHG-00797,P-0167,3,dimension_update,test_failure,hw_integration,2024-09-12
CHG-00798,P-0168,1,feature_remove,test_failure,mech_a,2025-12-27
CHG-00799,P-0168,2,tolerance_tightening,cost_reduction,mech_a,2026-04-16
CHG-00800,P-0168,3,feature_add,cost_reduction,mech_a,2025-11-17
CHG-00801,P-0168,4,dimension_update,test_failure,mech_a,2025-06-19
CHG-00802,P-0169,1,tolerance_tightening,test_failure,hw_integration,2025-07-24
CHG-00803,P-0169,2,dimension_update,design_review,hw_integration,2025-02-26
CHG-00804,P-0169,3,material_change,design_review,hw_integration,2025-12-14
CHG-00805,P-0170,1,dimension_update,design_review,mech_a,2025-01-03
CHG-00806,P-0170,2,feature_add,test_failure,mech_a,2025-03-25
CHG-00807,P-0171,1,dimension_update,design_review,mech_a,2024-12-11
CHG-00808,P-0171,2,feature_add,supplier_issue,mech_a,2026-01-22
CHG-00809,P-0171,3,feature_remove,design_review,mech_a,2025-10-13
CHG-00810,P-0171,4,feature_add,test_failure,mech_a,2025-01-30
CHG-00811,P-0172,1,drawing_note,design_review,mech_a,2023-09-07
CHG-00812,P-0172,2,feature_add,test_failure,mech_a,2023-12-31
CHG-00813,P-0172,3,drawing_note,design_review,mech_a,2023-12-29
CHG-00814,P-0172,4,material_change,supplier_issue,mech_a,2023-04-30
CHG-00815,P-0173,1,dimension_update,cost_reduction,elec_a,2026-01-16
CHG-00816,P-0173,2,dimension_update,design_review,elec_a,2024-11-05
CHG-00817,P-0173,3,material_change,customer_request,elec_a,2024-12-07
CHG-00818,P-0174,1,drawing_note,test_failure,mech_b,2026-02-25
CHG-00819,P-0174,2,drawing_note,test_failure,mech_b,2025-10-09
CHG-00820,P-0174,3,drawing_note,cost_reduction,mech_b,2026-10-31
CHG-00821,P-0175,1,feature_remove,design_review,elec_a,2026-05-31
CHG-00822,P-0175,2,feature_remove,customer_request,elec_a,2026-05-02
CHG-00823,P-0175,3,drawing_note,supplier_issue,elec_a,2026-04-17
CHG-00824,P-0175,4,dimension_update,customer_request,elec_a,2026-04-27
CHG-00825,P-0175,5,feature_add,design_review,elec_a,2026-02-28
CHG-00826,P-0176,1,dimension_update,cost_reduction,hw_integration,2023-09-08
CHG-00827,P-0176,2,tolerance_tightening,customer_request,hw_integration,2024-03-08
CHG-00828,P-0176,3,material_change,customer_request,hw_integration,2023-09-09
CHG-00829,P-0177,1,dimension_update,design_review,mech_a,2024-01-07
CHG-00830,P-0177,2,dimension_update,cost_reduction,mech_a,2023-08-15
CHG-00831,P-0177,3,drawing_note,cost_reduction,mech_a,2024-02-08
CHG-00832,P-0177,4,drawing_note,test_failure,mech_a,2024-01-05
CHG-00833,P-0177,5,feature_remove,test_failure,mech_a,2023-07-02
CHG-00834,P-0177,6,feature_remove,cost_reduction,mech_a,2024-04-07
CHG-00835,P-0178,1,feature_add,design_review,elec_a,2024-06-15
CHG-00836,P-0178,2,drawing_note,supplier_issue,elec_a,2025-08-10
CHG-00837,P-0178,3,drawing_note,customer_request,elec_a,2024-12-13
CHG-00838,P-0178,4,tolerance_tightening,test_failure,elec_a,2024-11-24
CHG-00839,P-0178,5,material_change,test_failure,elec_a,2025-06-14
CHG-00840,P-0179,1,tolerance_tightening,cost_reduction,elec_a,2022-08-12
CHG-00841,P-0179,2,tolerance_tightening,test_failure,elec_a,2022-11-04
CHG-00842,P-0179,3,dimension_update,customer_request,elec_a,2023-03-04
CHG-00843,P-0179,4,feature_add,customer_request,elec_a,2022-11-24
CHG-00844,P-0179,5,feature_add,design_review,elec_a,2023-04-28
CHG-00845,P-0179,6,tolerance_tightening,test_failure,elec_a,2022-12-19
CHG-00846,P-0179,7,feature_remove,test_failure,elec_a,2023-02-28
CHG-00847,P-0179,8,feature_add,cost_reduction,elec_a,2022-11-22
CHG-00848,P-0180,1,drawing_note,test_failure,mech_b,2025-08-01
CHG-00849,P-0180,2,feature_remove,design_review,mech_b,2025-04-13
CHG-00850,P-0180,3,drawing_note,cost_reduction,mech_b,2024-09-11
CHG-00851,P-0180,4,drawing_note,customer_request,mech_b,2024-11-09
CHG-00852,P-0180,5,dimension_update,supplier_issue,mech_b,2025-04-15
CHG-00853,P-0181,1,tolerance_tightening,customer_request,hw_integration,2023-12-08
CHG-00854,P-0181,2,drawing_note,design_review,hw_integration,2023-07-18
CHG-00855,P-0181,3,feature_add,customer_request,hw_integration,2024-03-10
CHG-00856,P-0182,1,feature_remove,customer_request,elec_a,2025-05-17
CHG-00857,P-0182,2,drawing_note,customer_request,elec_a,2025-08-19
CHG-00858,P-0182,3,drawing_note,test_failure,elec_a,2025-06-28
CHG-00859,P-0182,4,feature_remove,test_failure,elec_a,2025-08-04
CHG-00860,P-0183,1,drawing_note,supplier_issue,mech_a,2024-09-12
CHG-00861,P-0183,2,drawing_note,test_failure,mech_a,2025-04-21
CHG-00862,P-0183,3,drawing_note,cost_reduction,mech_a,2025-06-05
CHG-00863,P-0183,4,dimension_update,test_failure,mech_a,2024-12-18
CHG-00864,P-0184,1,tolerance_tightening,customer_request,elec_a,2023-09-18
CHG-00865,P-0184,2,dimension_update,design_review,elec_a,2024-09-14
CHG-00866,P-0184,3,feature_add,design_review,elec_a,2023-08-01
CHG-00867,P-0184,4,dimension_update,supplier_issue,elec_a,2024-07-20
CHG-00868,P-0184,5,feature_remove,supplier_issue,elec_a,2024-03-01
CHG-00870,P-0185,2,dimension_update,supplier_issue,mech_b,2022-08-25
CHG-00871,P-0186,1,dimension_update,customer_request,mech_a,2025-05-28
CHG-00872,P-0186,2,feature_remove,design_review,mech_a,2025-08-29
CHG-00873,P-0186,3,tolerance_tightening,customer_request,mech_a,2025-05-15
CHG-00874,P-0186,4,feature_add,supplier_issue,mech_a,2024-07-27
CHG-00875,P-0187,1,material_change,cost_reduction,hw_integration,2025-01-05
CHG-00876,P-0187,2,material_change,test_failure,hw_integration,2024-10-02
CHG-00877,P-0187,3,feature_remove,supplier_issue,hw_integration,2025-02-16
CHG-00878,P-0187,4,dimension_update,design_review,hw_integration,2024-08-11
CHG-00879,P-0188,1,drawing_note,supplier_issue,mech_a,2025-07-16
CHG-00880,P-0188,2,tolerance_tightening,cost_reduction,mech_a,2024-03-13
CHG-00881,P-0188,3,dimension_update,test_failure,mech_a,2025-01-24
CHG-00882,P-0188,4,feature_remove,design_review,mech_a,2024-07-01
CHG-00883,P-0189,1,dimension_update,supplier_issue,mech_a,2022-06-21
CHG-00884,P-0189,2,tolerance_tightening,test_failure,mech_a,2022-03-02
CHG-00885,P-0189,3,feature_add,supplier_issue,mech_a,2023-04-02
CHG-00886,P-0190,1,feature_remove,design_review,mech_a,2024-03-26
CHG-00887,P-0190,2,drawing_note,supplier_issue,mech_a,2023-07-24
CHG-00888,P-0190,3,tolerance_tightening,test_failure,mech_a,2024-02-07
CHG-00889,P-0190,4,dimension_update,design_review,mech_a,2024-02-11
CHG-00890,P-0191,1,material_change,supplier_issue,hw_integration,2025-05-01
CHG-00891,P-0191,2,feature_add,supplier_issue,hw_integration,2025-07-14
CHG-00892,P-0191,3,dimension_update,cost_reduction,hw_integration,2025-03-22
CHG-00893,P-0191,4,tolerance_tightening,supplier_issue,hw_integration,2025-09-27
CHG-00894,P-0191,5,tolerance_tightening,test_failure,hw_integration,2025-01-16
CHG-00895,P-0192,1,feature_remove,design_review,elec_a,2025-05-08
CHG-00896,P-0192,2,material_change,customer_request,elec_a,2025-05-03
CHG-00897,P-0192,3,feature_remove,cost_reduction,elec_a,2026-06-20
CHG-00898,P-0192,4,feature_remove,design_review,elec_a,2025-10-23
CHG-00899,P-0193,1,feature_remove,design_review,hw_integration,2023-03-29
CHG-00900,P-0193,2,material_change,cost_reduction,hw_integration,2024-01-26
CHG-00901,P-0193,3,material_change,cost_reduction,hw_integration,2024-01-09
CHG-00902,P-0193,4,feature_remove,cost_reduction,hw_integration,2023-11-14
CHG-00903,P-0193,5,feature_remove,test_failure,hw_integration,2024-04-20
CHG-00904,P-0193,6,feature_add,cost_reduction,hw_integration,2023-10-29
CHG-00905,P-0194,1,dimension_update,customer_request,mech_b,2024-01-23
CHG-00906,P-0194,2,drawing_note,customer_request,mech_b,2023-10-29
CHG-00907,P-0194,3,feature_remove,customer_request,mech_b,2023-04-02
CHG-00908,P-0194,4,dimension_update,design_review,mech_b,2024-02-16
CHG-00909,P-0195,1,feature_add,test_failure,mech_a,2025-01-19
CHG-00910,P-0195,2,feature_remove,design_review,mech_a,2025-01-03
CHG-00911,P-0195,3,feature_add,test_failure,mech_a,2025-10-25
CHG-00912,P-0195,4,tolerance_tightening,customer_request,mech_a,2025-08-08
CHG-00913,P-0196,1,drawing_note,customer_request,mech_b,2023-05-08
CHG-00914,P-0196,2,drawing_note,design_review,mech_b,2022-12-22
CHG-00915,P-0196,3,feature_remove,customer_request,mech_b,2023-03-02
CHG-00916,P-0197,1,drawing_note,supplier_issue,mech_a,2026-02-04
CHG-00917,P-0197,2,material_change,test_failure,mech_a,2026-03-14
CHG-00918,P-0197,3,feature_add,test_failure,mech_a,2025-05-04
CHG-00919,P-0197,4,material_change,design_review,mech_a,2026-01-14
CHG-00920,P-0197,5,drawing_note,supplier_issue,mech_a,2026-01-31
CHG-00921,P-0197,6,dimension_update,customer_request,mech_a,2025-09-08
CHG-00922,P-0198,1,dimension_update,design_review,elec_a,2025-03-16
CHG-00923,P-0198,2,material_change,design_review,elec_a,2025-06-24
CHG-00924,P-0198,3,dimension_update,cost_reduction,elec_a,2025-07-05
CHG-00925,P-0199,1,material_change,design_review,mech_b,2025-04-09
CHG-00926,P-0199,2,drawing_note,design_review,mech_b,2025-10-29
CHG-00927,P-0199,3,dimension_update,supplier_issue,mech_b,2025-09-11
CHG-00928,P-0199,4,dimension_update,test_failure,mech_b,2025-04-06
CHG-00929,P-0199,5,feature_add,design_review,mech_b,2026-04-23
CHG-00930,P-0199,6,tolerance_tightening,design_review,mech_b,2026-06-22
CHG-00931,P-0199,7,drawing_note,design_review,mech_b,2025-06-09
CHG-00932,P-0199,8,feature_remove,supplier_issue,mech_b,2025-11-27
CHG-00933,P-0200,1,feature_remove,design_review,hw_integration,2023-02-14
CHG-00934,P-0200,2,feature_remove,supplier_issue,hw_integration,2023-05-23
CHG-00935,P-0200,3,dimension_update,design_review,hw_integration,2023-09-12
CHG-00936,P-0200,4,material_change,design_review,hw_integration,2023-09-11
CHG-00937,P-0201,1,feature_add,supplier_issue,mech_b,2022-11-03
CHG-00938,P-0201,2,dimension_update,customer_request,mech_b,2023-08-06
CHG-00939,P-0201,3,feature_add,design_review,mech_b,2022-09-22
CHG-00940,P-0201,4,dimension_update,cost_reduction,mech_b,2022-11-18
CHG-00941,P-0201,5,drawing_note,design_review,mech_b,2023-03-28
CHG-00942,P-0201,6,material_change,supplier_issue,mech_b,2023-07-18
CHG-00943,P-0201,7,tolerance_tightening,test_failure,mech_b,2023-06-11
CHG-00944,P-0202,1,dimension_update,design_review,mech_b,2025-08-04
CHG-00945,P-0202,2,material_change,design_review,mech_b,2025-06-07
CHG-00946,P-0202,3,feature_add,customer_request,mech_b,2024-11-28
CHG-00947,P-0202,4,material_change,design_review,mech_b,2024-12-22
CHG-00948,P-0203,1,drawing_note,customer_request,hw_integration,2024-02-13
CHG-00949,P-0203,2,drawing_note,design_review,hw_integration,2024-01-23
CHG-00950,P-0203,3,feature_add,supplier_issue,hw_integration,2023-10-03
CHG-00951,P-0203,4,feature_remove,design_review,hw_integration,2023-11-05
CHG-00952,P-0204,1,dimension_update,supplier_issue,elec_a,2023-07-26
CHG-00953,P-0204,2,dimension_update,test_failure,elec_a,2023-08-28
CHG-00954,P-0204,3,feature_remove,customer_request,elec_a,2024-01-17
CHG-00955,P-0205,1,drawing_note,supplier_issue,mech_a,2022-12-23
CHG-00956,P-0205,2,dimension_update,customer_request,mech_a,2024-03-30
CHG-00957,P-0205,3,material_change,design_review,mech_a,2023-06-27
CHG-00958,P-0206,1,feature_remove,design_review,mech_b,2024-05-29
CHG-00959,P-0206,2,tolerance_tightening,design_review,mech_b,2023-11-18
CHG-00960,P-0206,3,tolerance_tightening,cost_reduction,mech_b,2024-04-26
CHG-00961,P-0206,4,material_change,test_failure,mech_b,2024-03-07
CHG-00962,P-0207,1,drawing_note,test_failure,mech_b,2026-05-16
CHG-00963,P-0207,2,tolerance_tightening,supplier_issue,mech_b,2025-03-02
CHG-00964,P-0207,3,feature_remove,cost_reduction,mech_b,2025-12-24
CHG-00965,P-0207,4,dimension_update,customer_request,mech_b,2025-10-15
CHG-00966,P-0207,5,tolerance_tightening,customer_request,mech_b,2025-09-26
CHG-00967,P-0207,6,feature_add,test_failure,mech_b,2026-01-14
CHG-00968,P-0208,1,tolerance_tightening,test_failure,elec_a,2025-01-09
CHG-00969,P-0208,2,tolerance_tightening,customer_request,elec_a,2025-08-10
CHG-00970,P-0209,1,tolerance_tightening,customer_request,elec_a,2023-03-01
CHG-00971,P-0209,2,drawing_note,customer_request,elec_a,2022-12-31
CHG-00972,P-0209,3,tolerance_tightening,design_review,elec_a,2022-09-11
CHG-00973,P-0210,1,feature_remove,test_failure,elec_a,2025-11-22
CHG-00974,P-0210,2,drawing_note,design_review,elec_a,2025-08-27
CHG-00975,P-0210,3,dimension_update,design_review,elec_a,2025-05-16
CHG-00976,P-0210,4,feature_remove,test_failure,elec_a,2025-11-05
CHG-00977,P-0211,1,feature_add,design_review,hw_integration,2024-09-03
CHG-00978,P-0211,2,dimension_update,test_failure,hw_integration,2024-09-03
CHG-00979,P-0211,3,material_change,customer_request,hw_integration,2023-08-25
CHG-00980,P-0212,1,dimension_update,test_failure,elec_a,2024-11-21
CHG-00981,P-0212,2,tolerance_tightening,design_review,elec_a,2025-04-09
CHG-00982,P-0213,1,feature_remove,design_review,mech_b,2024-02-04
CHG-00983,P-0213,2,tolerance_tightening,test_failure,mech_b,2023-10-25
CHG-00984,P-0213,3,feature_add,supplier_issue,mech_b,2024-03-10
CHG-00985,P-0214,1,feature_remove,design_review,mech_a,2023-01-19
CHG-00986,P-0214,2,feature_add,test_failure,mech_a,2023-04-13
CHG-00987,P-0214,3,tolerance_tightening,test_failure,mech_a,2023-02-19
CHG-00988,P-0214,4,feature_add,cost_reduction,mech_a,2022-11-25
CHG-00989,P-0215,1,feature_add,customer_request,elec_a,2024-07-26
CHG-00990,P-0215,2,feature_remove,test_failure,elec_a,2024-04-28
CHG-00991,P-0215,3,material_change,design_review,elec_a,2024-02-29
CHG-00992,P-0216,1,feature_add,design_review,mech_b,2023-07-26
CHG-00993,P-0216,2,feature_remove,test_failure,mech_b,2024-02-05
CHG-00994,P-0216,3,feature_remove,test_failure,mech_b,2023-03-23
CHG-00995,P-0217,1,feature_remove,test_failure,mech_b,2023-01-14
CHG-00996,P-0217,2,drawing_note,customer_request,mech_b,2022-09-01
CHG-00997,P-0217,3,drawing_note,supplier_issue,mech_b,2023-01-02
CHG-00998,P-0217,4,feature_remove,test_failure,mech_b,2023-01-30
CHG-00999,P-0217,5,feature_remove,design_review,mech_b,2022-09-12
CHG-01000,P-0217,6,material_change,customer_request,mech_b,2023-01-19
CHG-01001,P-0217,7,feature_add,design_review,mech_b,2022-07-17
CHG-01002,P-0217,8,material_change,test_failure,mech_b,2023-05-19
CHG-01003,P-0218,1,feature_add,design_review,hw_integration,2025-11-05
CHG-01004,P-0218,2,feature_add,design_review,hw_integration,2024-09-15
CHG-01005,P-0218,3,drawing_note,test_failure,hw_integration,2025-07-16
CHG-01006,P-0218,4,feature_add,supplier_issue,hw_integration,2025-08-18
CHG-01007,P-0218,5,tolerance_tightening,design_review,hw_integration,2024-10-01
CHG-01008,P-0219,1,material_change,cost_reduction,hw_integration,2026-02-15
CHG-01009,P-0219,2,feature_add,customer_request,hw_integration,2025-08-29
CHG-01010,P-0219,3,dimension_update,customer_request,hw_integration,2025-05-29
CHG-01011,P-0219,4,material_change,test_failure,hw_integration,2025-04-10
CHG-01012,P-0219,5,dimension_update,design_review,hw_integration,2025-04-08
CHG-01013,P-0219,6,material_change,design_review,hw_integration,2026-02-18
CHG-01014,P-0219,7,feature_add,cost_reduction,hw_integration,2025-01-12
CHG-01015,P-0220,1,tolerance_tightening,cost_reduction,mech_b,2026-04-22
CHG-01016,P-0220,2,dimension_update,design_review,mech_b,2026-07-05
CHG-01017,P-0220,3,material_change,test_failure,mech_b,2026-07-10
CHG-01018,P-0220,4,drawing_note,supplier_issue,mech_b,2025-10-28
CHG-01019,P-0220,5,feature_add,design_review,mech_b,2025-03-08
CHG-01020,P-0220,6,material_change,cost_reduction,mech_b,2025-10-12
CHG-01021,P-0220,7,feature_add,design_review,mech_b,2026-05-13
CHG-01022,P-0220,8,feature_remove,supplier_issue,mech_b,2025-07-13
CHG-01023,P-0220,9,tolerance_tightening,design_review,mech_b,2025-08-31
CHG-01024,P-0221,1,tolerance_tightening,cost_reduction,elec_a,2023-03-12
CHG-01025,P-0221,2,material_change,design_review,elec_a,2023-06-21
CHG-01026,P-0221,3,dimension_update,test_failure,elec_a,2023-03-17
CHG-01027,P-0221,4,material_change,supplier_issue,elec_a,2023-12-07
CHG-01028,P-0222,1,material_change,design_review,hw_integration,2024-08-12
CHG-01029,P-0222,2,feature_remove,customer_request,hw_integration,2024-03-19
CHG-01030,P-0222,3,feature_remove,cost_reduction,hw_integration,2024-12-02
CHG-01031,P-0222,4,tolerance_tightening,customer_request,hw_integration,2025-05-22
CHG-01032,P-0222,5,dimension_update,design_review,hw_integration,2025-05-22
CHG-01033,P-0223,1,feature_add,customer_request,mech_a,2024-08-22
CHG-01034,P-0223,2,feature_add,cost_reduction,mech_a,2024-09-25
CHG-01035,P-0223,3,drawing_note,supplier_issue,mech_a,2023-12-29
CHG-01036,P-0223,4,feature_remove,supplier_issue,mech_a,2024-05-16
CHG-01037,P-0223,5,tolerance_tightening,design_review,mech_a,2024-01-29
CHG-01038,P-0224,1,feature_add,customer_request,mech_b,2025-06-04
CHG-01039,P-0224,2,drawing_note,cost_reduction,mech_b,2024-05-14
CHG-01040,P-0224,3,dimension_update,supplier_issue,mech_b,2024-02-10
CHG-01041,P-0225,1,drawing_note,customer_request,elec_a,2025-12-15
CHG-01042,P-0225,2,feature_add,supplier_issue,elec_a,2025-07-24
CHG-01043,P-0225,3,tolerance_tightening,cost_reduction,elec_a,2025-03-16
CHG-01044,P-0226,1,tolerance_tightening,cost_reduction,mech_b,2023-05-15
CHG-01045,P-0226,2,feature_remove,supplier_issue,mech_b,2023-05-29
CHG-01046,P-0226,3,drawing_note,design_review,mech_b,2023-12-03
CHG-01047,P-0227,1,dimension_update,design_review,hw_integration,2024-04-24
CHG-01048,P-0227,2,material_change,supplier_issue,hw_integration,2023-01-11
CHG-01049,P-0227,3,feature_add,test_failure,hw_integration,2023-06-01
CHG-01050,P-0227,4,drawing_note,cost_reduction,hw_integration,2023-01-06
CHG-01051,P-0227,5,feature_remove,supplier_issue,hw_integration,2024-02-13
CHG-01052,P-0227,6,feature_remove,design_review,hw_integration,2024-03-04
CHG-01053,P-0228,1,dimension_update,cost_reduction,mech_b,2024-01-29
CHG-01054,P-0228,2,drawing_note,customer_request,mech_b,2024-04-05
CHG-01055,P-0228,3,drawing_note,test_failure,mech_b,2023-09-22
CHG-01056,P-0229,1,dimension_update,cost_reduction,mech_a,2024-08-03
CHG-01057,P-0229,2,tolerance_tightening,supplier_issue,mech_a,2025-05-04
CHG-01058,P-0229,3,feature_add,design_review,mech_a,2024-11-15
CHG-01059,P-0229,4,feature_remove,cost_reduction,mech_a,2025-07-29
CHG-01060,P-0229,5,feature_add,design_review,mech_a,2025-03-05
CHG-01061,P-0229,6,feature_remove,cost_reduction,mech_a,2024-08-04
CHG-01062,P-0230,1,feature_remove,customer_request,mech_b,2023-09-02
CHG-01063,P-0230,2,dimension_update,design_review,mech_b,2024-09-21
CHG-01064,P-0230,3,tolerance_tightening,design_review,mech_b,2024-06-28
CHG-01065,P-0230,4,feature_remove,supplier_issue,mech_b,2023-10-31
CHG-01066,P-0231,1,dimension_update,design_review,mech_b,2023-08-04
CHG-01067,P-0231,2,feature_add,customer_request,mech_b,2024-04-02
CHG-01068,P-0231,3,dimension_update,design_review,mech_b,2024-02-27
CHG-01069,P-0232,1,feature_remove,customer_request,hw_integration,2022-03-12
CHG-01070,P-0232,2,material_change,supplier_issue,hw_integration,2022-11-04
CHG-01071,P-0232,3,drawing_note,customer_request,hw_integration,2022-10-06
CHG-01072,P-0233,1,tolerance_tightening,customer_request,mech_a,2024-11-04
CHG-01073,P-0233,2,feature_add,customer_request,mech_a,2024-02-04
CHG-01074,P-0234,1,feature_remove,test_failure,mech_a,2023-04-12
CHG-01075,P-0234,2,dimension_update,supplier_issue,mech_a,2022-12-24
CHG-01076,P-0234,3,dimension_update,test_failure,mech_a,2022-09-28
CHG-01077,P-0234,4,material_change,customer_request,mech_a,2022-04-23
CHG-01078,P-0234,5,material_change,design_review,mech_a,2022-09-12
CHG-01079,P-0235,1,feature_remove,cost_reduction,mech_a,2023-10-07
CHG-01080,P-0235,2,dimension_update,test_failure,mech_a,2024-05-07
CHG-01081,P-0235,3,feature_add,cost_reduction,mech_a,2024-08-31
CHG-01082,P-0235,4,material_change,design_review,mech_a,2023-09-23
CHG-01083,P-0236,1,dimension_update,customer_request,elec_a,2024-06-15
CHG-01084,P-0236,2,feature_add,customer_request,elec_a,2025-03-28
CHG-01085,P-0236,3,feature_add,design_review,elec_a,2024-08-21
CHG-01086,P-0236,4,feature_add,design_review,elec_a,2024-12-15
CHG-01087,P-0237,1,material_change,test_failure,hw_integration,2024-12-05
CHG-01088,P-0237,2,tolerance_tightening,test_failure,hw_integration,2024-07-24
CHG-01089,P-0237,3,material_change,design_review,hw_integration,2023-09-21
CHG-01090,P-0237,4,feature_remove,test_failure,hw_integration,2024-01-23
CHG-01091,P-0238,1,drawing_note,cost_reduction,elec_a,2024-10-18
CHG-01092,P-0238,2,material_change,customer_request,elec_a,2025-01-12
CHG-01093,P-0238,3,material_change,test_failure,elec_a,2023-12-25
CHG-01094,P-0238,4,material_change,cost_reduction,elec_a,2024-11-09
CHG-01095,P-0239,1,dimension_update,customer_request,hw_integration,2023-10-09
CHG-01096,P-0239,2,drawing_note,customer_request,hw_integration,2023-08-07
CHG-01097,P-0239,3,material_change,test_failure,hw_integration,2023-05-30
CHG-01098,P-0240,1,feature_remove,design_review,hw_integration,2023-05-08
CHG-01099,P-0240,2,material_change,customer_request,hw_integration,2023-01-17
CHG-01100,P-0240,3,material_change,supplier_issue,hw_integration,2023-08-01
CHG-01101,P-0240,4,feature_add,customer_request,hw_integration,2023-03-19
CHG-01102,P-0240,5,drawing_note,supplier_issue,hw_integration,2024-02-20
CHG-01103,P-0240,6,material_change,design_review,hw_integration,2023-04-18
CHG-01104,P-0241,1,feature_add,cost_reduction,elec_a,2025-11-30
CHG-01105,P-0241,2,drawing_note,design_review,elec_a,2026-02-26
CHG-01106,P-0241,3,tolerance_tightening,test_failure,elec_a,2026-03-14
CHG-01107,P-0241,4,tolerance_tightening,supplier_issue,elec_a,2025-09-17
CHG-01108,P-0241,5,feature_add,customer_request,elec_a,2025-05-29
CHG-01109,P-0242,1,material_change,test_failure,elec_a,2025-08-31
CHG-01110,P-0242,2,drawing_note,cost_reduction,elec_a,2026-03-28
CHG-01111,P-0242,3,feature_remove,test_failure,elec_a,2026-04-18
CHG-01112,P-0243,1,material_change,cost_reduction,mech_a,2022-10-01
CHG-01113,P-0243,2,drawing_note,design_review,mech_a,2022-10-31
CHG-01114,P-0243,3,material_change,design_review,mech_a,2022-12-27
CHG-01115,P-0243,4,feature_add,test_failure,mech_a,2023-06-14
CHG-01116,P-0244,1,drawing_note,supplier_issue,hw_integration,2022-12-29
CHG-01117,P-0245,1,tolerance_tightening,design_review,hw_integration,2024-02-04
CHG-01118,P-0245,2,feature_add,design_review,hw_integration,2023-06-13
CHG-01119,P-0245,3,dimension_update,design_review,hw_integration,2024-01-25
CHG-01120,P-0245,4,material_change,design_review,hw_integration,2024-05-02
CHG-01121,P-0246,1,drawing_note,cost_reduction,hw_integration,2024-09-03
CHG-01122,P-0246,2,feature_remove,design_review,hw_integration,2025-07-20
CHG-01123,P-0246,3,feature_remove,design_review,hw_integration,2025-05-06
CHG-01124,P-0247,1,drawing_note,design_review,hw_integration,2022-07-21
CHG-01125,P-0247,2,dimension_update,test_failure,hw_integration,2022-08-20
CHG-01126,P-0247,3,dimension_update,design_review,hw_integration,2023-05-11
CHG-01127,P-0247,4,tolerance_tightening,supplier_issue,hw_integration,2023-03-04
CHG-01128,P-0247,5,dimension_update,design_review,hw_integration,2023-03-28
CHG-01129,P-0248,1,drawing_note,design_review,mech_b,2025-02-15
CHG-01130,P-0248,2,material_change,design_review,mech_b,2025-06-25
CHG-01131,P-0248,3,drawing_note,design_review,mech_b,2025-11-07
CHG-01132,P-0248,4,dimension_update,cost_reduction,mech_b,2024-12-07
CHG-01133,P-0248,5,feature_add,cost_reduction,mech_b,2025-11-27
CHG-01134,P-0249,1,material_change,test_failure,mech_a,2023-02-09
CHG-01135,P-0249,2,drawing_note,test_failure,mech_a,2023-05-19
CHG-01136,P-0249,3,drawing_note,supplier_issue,mech_a,2022-08-16
CHG-01137,P-0250,1,drawing_note,customer_request,hw_integration,2025-03-14
CHG-01138,P-0250,2,feature_remove,cost_reduction,hw_integration,2026-02-07
CHG-01139,P-0250,3,drawing_note,cost_reduction,hw_integration,2026-03-23
CHG-01140,P-0250,4,tolerance_tightening,supplier_issue,hw_integration,2025-09-22
CHG-01141,P-0250,5,material_change,cost_reduction,hw_integration,2026-01-22
CHG-01142,P-0250,6,feature_add,supplier_issue,hw_integration,2025-09-29
CHG-01143,P-0250,7,material_change,design_review,hw_integration,2026-02-21
CHG-01144,P-0250,8,feature_remove,supplier_issue,hw_integration,2025-12-01
CHG-01145,P-0250,9,dimension_update,design_review,hw_integration,2026-01-31
CHG-01146,P-0251,1,feature_add,design_review,mech_b,2022-04-19
CHG-01147,P-0251,2,feature_add,cost_reduction,mech_b,2022-07-29
CHG-01148,P-0251,3,feature_add,supplier_issue,mech_b,2023-02-06
CHG-01149,P-0251,4,tolerance_tightening,supplier_issue,mech_b,2022-06-02
CHG-01150,P-0252,1,tolerance_tightening,design_review,hw_integration,2025-12-02
CHG-01151,P-0252,2,feature_add,cost_reduction,hw_integration,2025-08-18
CHG-01152,P-0252,3,feature_remove,supplier_issue,hw_integration,2025-08-16
CHG-01153,P-0252,4,drawing_note,customer_request,hw_integration,2026-03-07
CHG-01154,P-0252,5,dimension_update,test_failure,hw_integration,2025-01-16
CHG-01155,P-0253,1,feature_add,customer_request,elec_a,2025-08-02
CHG-01156,P-0253,2,material_change,design_review,elec_a,2025-12-04
CHG-01157,P-0253,3,feature_add,test_failure,elec_a,2025-06-08
CHG-01158,P-0253,4,material_change,customer_request,elec_a,2026-02-03
CHG-01159,P-0254,1,material_change,design_review,mech_b,2024-11-06
CHG-01160,P-0254,2,feature_remove,design_review,mech_b,2025-01-18
CHG-01161,P-0255,1,tolerance_tightening,design_review,mech_b,2025-09-26
CHG-01162,P-0255,2,feature_add,test_failure,mech_b,2026-01-09
CHG-01163,P-0255,3,feature_add,customer_request,mech_b,2025-07-25
CHG-01164,P-0255,4,drawing_note,test_failure,mech_b,2025-07-12
CHG-01165,P-0255,5,tolerance_tightening,supplier_issue,mech_b,2026-04-16
CHG-01166,P-0255,6,tolerance_tightening,cost_reduction,mech_b,2025-10-13
CHG-01167,P-0255,7,feature_add,design_review,mech_b,2026-05-02
CHG-01168,P-0255,8,tolerance_tightening,customer_request,mech_b,2026-04-08
CHG-01169,P-0255,9,feature_add,cost_reduction,mech_b,2026-10-11
CHG-01170,P-0256,1,material_change,design_review,elec_a,2024-04-05
CHG-01171,P-0256,2,material_change,design_review,elec_a,2024-06-01
CHG-01172,P-0256,3,feature_add,design_review,elec_a,2024-06-01
CHG-01173,P-0256,4,tolerance_tightening,cost_reduction,elec_a,2024-10-31
CHG-01174,P-0257,1,material_change,cost_reduction,mech_b,2025-06-29
CHG-01175,P-0257,2,feature_remove,cost_reduction,mech_b,2024-04-14
CHG-01176,P-0257,3,tolerance_tightening,test_failure,mech_b,2025-03-09
CHG-01177,P-0258,1,material_change,supplier_issue,mech_b,2024-09-11
CHG-01178,P-0258,2,feature_remove,customer_request,mech_b,2024-07-07
CHG-01179,P-0258,3,dimension_update,test_failure,mech_b,2025-06-30
CHG-01180,P-0258,4,feature_remove,design_review,mech_b,2024-08-25
CHG-01181,P-0258,5,dimension_update,design_review,mech_b,2025-05-13
CHG-01182,P-0259,1,feature_remove,cost_reduction,mech_a,2023-01-13
CHG-01183,P-0259,2,material_change,cost_reduction,mech_a,2022-12-22
CHG-01184,P-0259,3,tolerance_tightening,test_failure,mech_a,2022-06-01
CHG-01185,P-0259,4,drawing_note,test_failure,mech_a,2022-12-02
CHG-01186,P-0259,5,dimension_update,supplier_issue,mech_a,2022-10-06
CHG-01187,P-0260,1,tolerance_tightening,test_failure,elec_a,2025-11-12
CHG-01188,P-0260,2,tolerance_tightening,design_review,elec_a,2025-12-04
CHG-01189,P-0260,3,dimension_update,design_review,elec_a,2025-08-19
CHG-01190,P-0260,4,tolerance_tightening,cost_reduction,elec_a,2025-11-01
CHG-01191,P-0260,5,feature_remove,design_review,elec_a,2025-02-16
CHG-01192,P-0260,6,material_change,test_failure,elec_a,2026-01-14
CHG-01193,P-0261,1,material_change,supplier_issue,mech_a,2024-08-22
CHG-01194,P-0261,2,tolerance_tightening,design_review,mech_a,2024-07-31
CHG-01195,P-0261,3,feature_remove,design_review,mech_a,2025-08-25
CHG-01196,P-0261,4,feature_remove,cost_reduction,mech_a,2024-06-29
CHG-01197,P-0262,1,tolerance_tightening,supplier_issue,mech_a,2024-07-04
CHG-01198,P-0262,2,dimension_update,cost_reduction,mech_a,2024-10-23
CHG-01199,P-0263,1,tolerance_tightening,supplier_issue,mech_a,2023-05-14
CHG-01200,P-0263,2,feature_add,cost_reduction,mech_a,2023-09-16
CHG-01201,P-0264,1,feature_add,design_review,elec_a,2025-06-23
CHG-01202,P-0264,2,material_change,test_failure,elec_a,2025-08-30
CHG-01203,P-0264,3,feature_remove,design_review,elec_a,2024-05-24
CHG-01204,P-0265,1,drawing_note,cost_reduction,mech_a,2025-12-24
CHG-01205,P-0265,2,tolerance_tightening,customer_request,mech_a,2026-02-11
CHG-01206,P-0265,3,material_change,design_review,mech_a,2025-08-24
CHG-01207,P-0265,4,dimension_update,test_failure,mech_a,2026-10-18
CHG-01208,P-0266,1,material_change,design_review,mech_b,2022-10-03
CHG-01209,P-0266,2,dimension_update,design_review,mech_b,2023-02-03
CHG-01210,P-0266,3,feature_add,test_failure,mech_b,2023-05-06
CHG-01211,P-0266,4,feature_remove,design_review,mech_b,2022-10-12
CHG-01212,P-0266,5,drawing_note,cost_reduction,mech_b,2023-06-10
CHG-01213,P-0267,1,tolerance_tightening,supplier_issue,mech_a,2026-01-11
CHG-01214,P-0267,2,drawing_note,cost_reduction,mech_a,2026-04-22
CHG-01215,P-0268,1,drawing_note,test_failure,elec_a,2025-02-19
CHG-01216,P-0268,2,material_change,supplier_issue,elec_a,2024-09-07
CHG-01217,P-0268,3,feature_remove,customer_request,elec_a,2024-07-23
CHG-01218,P-0269,1,material_change,test_failure,mech_a,2025-05-29
CHG-01219,P-0269,2,dimension_update,cost_reduction,mech_a,2025-07-13
CHG-01220,P-0270,1,tolerance_tightening,customer_request,mech_a,2023-01-27
CHG-01221,P-0270,2,tolerance_tightening,design_review,mech_a,2022-09-30
CHG-01222,P-0270,3,feature_add,test_failure,mech_a,2023-04-14
CHG-01223,P-0270,4,feature_add,design_review,mech_a,2022-07-26
CHG-01224,P-0271,1,material_change,design_review,mech_b,2023-08-06
CHG-01225,P-0271,2,feature_remove,test_failure,mech_b,2023-05-15
CHG-01226,P-0271,3,tolerance_tightening,design_review,mech_b,2023-02-07
CHG-01227,P-0271,4,drawing_note,cost_reduction,mech_b,2023-04-27
CHG-01228,P-0271,5,tolerance_tightening,cost_reduction,mech_b,2023-02-01
CHG-01229,P-0271,6,material_change,design_review,mech_b,2022-09-19
CHG-01230,P-0271,7,tolerance_tightening,supplier_issue,mech_b,2023-07-23
CHG-01231,P-0272,1,tolerance_tightening,cost_reduction,elec_a,2024-11-08
CHG-01232,P-0272,2,material_change,customer_request,elec_a,2025-07-13
CHG-01233,P-0272,3,drawing_note,supplier_issue,elec_a,2025-02-03
CHG-01234,P-0272,4,feature_add,test_failure,elec_a,2025-01-13
CHG-01235,P-0272,5,feature_remove,design_review,elec_a,2025-04-26
CHG-01236,P-0273,1,drawing_note,design_review,mech_a,2023-01-28
CHG-01237,P-0274,1,drawing_note,cost_reduction,mech_b,2023-09-09
CHG-01238,P-0275,1,material_change,supplier_issue,hw_integration,2025-03-23
CHG-01239,P-0275,2,tolerance_tightening,supplier_issue,hw_integration,2024-12-27
CHG-01240,P-0275,3,feature_add,customer_request,hw_integration,2025-05-12
CHG-01241,P-0276,1,drawing_note,design_review,elec_a,2023-04-10
CHG-01242,P-0276,2,feature_remove,cost_reduction,elec_a,2023-06-06
CHG-01243,P-0276,3,feature_add,customer_request,elec_a,2023-01-31
CHG-01244,P-0276,4,material_change,cost_reduction,elec_a,2022-10-24
CHG-01245,P-0276,5,dimension_update,customer_request,elec_a,2023-09-28
CHG-01246,P-0277,1,feature_add,supplier_issue,hw_integration,2023-04-16
CHG-01247,P-0277,2,dimension_update,test_failure,hw_integration,2023-06-03
CHG-01248,P-0277,3,feature_remove,design_review,hw_integration,2023-06-12
CHG-01249,P-0278,1,tolerance_tightening,test_failure,mech_b,2023-09-07
CHG-01250,P-0278,2,dimension_update,design_review,mech_b,2024-02-23
CHG-01251,P-0278,3,material_change,customer_request,mech_b,2024-02-12
CHG-01252,P-0278,4,feature_add,design_review,mech_b,2023-05-22
CHG-01253,P-0278,5,drawing_note,test_failure,mech_b,2023-04-12
CHG-01254,P-0278,6,material_change,customer_request,mech_b,2024-04-05
CHG-01255,P-0278,7,tolerance_tightening,design_review,mech_b,2023-10-07
CHG-01256,P-0278,8,tolerance_tightening,test_failure,mech_b,2023-04-20
CHG-01257,P-0279,1,feature_add,customer_request,hw_integration,2024-07-14
CHG-01258,P-0279,2,material_change,cost_reduction,hw_integration,2023-05-29
CHG-01259,P-0279,3,tolerance_tightening,customer_request,hw_integration,2023-05-10
CHG-01260,P-0279,4,drawing_note,customer_request,hw_integration,2024-02-17
CHG-01261,P-0280,1,dimension_update,design_review,mech_a,2024-12-04
CHG-01262,P-0280,2,feature_remove,supplier_issue,mech_a,2024-10-06
CHG-01263,P-0281,1,drawing_note,supplier_issue,elec_a,2023-06-18
CHG-01264,P-0281,2,tolerance_tightening,design_review,elec_a,2023-01-18
CHG-01265,P-0281,3,feature_add,design_review,elec_a,2023-10-08
CHG-01266,P-0282,1,feature_remove,customer_request,mech_b,2025-04-19
CHG-01267,P-0282,2,drawing_note,customer_request,mech_b,2025-09-11
CHG-01268,P-0282,3,drawing_note,supplier_issue,mech_b,2025-11-07
CHG-01269,P-0283,1,feature_remove,customer_request,mech_a,2025-03-14
CHG-01270,P-0283,2,dimension_update,design_review,mech_a,2025-05-12
CHG-01271,P-0283,3,dimension_update,test_failure,mech_a,2025-04-24
CHG-01272,P-0284,1,feature_remove,test_failure,hw_integration,2022-12-06
CHG-01273,P-0284,2,feature_add,cost_reduction,hw_integration,2023-05-12
CHG-01274,P-0284,3,feature_add,supplier_issue,hw_integration,2023-01-12
CHG-01275,P-0284,4,feature_remove,design_review,hw_integration,2022-02-03
CHG-01276,P-0284,5,drawing_note,customer_request,hw_integration,2022-08-19
CHG-01277,P-0285,1,dimension_update,test_failure,elec_a,2024-05-19
CHG-01278,P-0285,2,feature_remove,test_failure,elec_a,2024-07-08
CHG-01279,P-0285,3,drawing_note,customer_request,elec_a,2024-10-12
CHG-01280,P-0285,4,dimension_update,supplier_issue,elec_a,2024-02-29
CHG-01281,P-0285,5,dimension_update,test_failure,elec_a,2025-04-06
CHG-01282,P-0286,1,drawing_note,customer_request,mech_a,2022-09-08
CHG-01283,P-0286,2,feature_add,supplier_issue,mech_a,2023-12-13
CHG-01284,P-0286,3,tolerance_tightening,design_review,mech_a,2023-01-28
CHG-01285,P-0286,4,feature_add,design_review,mech_a,2023-03-07
CHG-01286,P-0287,1,dimension_update,design_review,mech_a,2022-12-28
CHG-01287,P-0287,2,feature_add,design_review,mech_a,2023-07-03
CHG-01288,P-0287,3,material_change,supplier_issue,mech_a,2022-08-01
CHG-01289,P-0287,4,material_change,test_failure,mech_a,2022-07-21
CHG-01290,P-0288,1,feature_add,design_review,elec_a,2024-08-14
CHG-01291,P-0288,2,drawing_note,test_failure,elec_a,2024-08-21
CHG-01292,P-0288,3,feature_remove,test_failure,elec_a,2024-08-21
CHG-01293,P-0289,1,feature_remove,supplier_issue,elec_a,2024-02-13
CHG-01294,P-0289,2,tolerance_tightening,customer_request,elec_a,2023-08-15
CHG-01295,P-0289,3,feature_remove,supplier_issue,elec_a,2022-12-25
CHG-01296,P-0289,4,tolerance_tightening,design_review,elec_a,2023-06-06
CHG-01297,P-0290,1,material_change,customer_request,mech_a,2024-09-24
CHG-01298,P-0290,2,drawing_note,design_review,mech_a,2025-04-15
CHG-01299,P-0290,3,material_change,cost_reduction,mech_a,2025-04-29
CHG-01300,P-0290,4,tolerance_tightening,customer_request,mech_a,2024-12-01
CHG-01301,P-0291,1,material_change,test_failure,hw_integration,2023-06-29
CHG-01302,P-0292,1,feature_remove,cost_reduction,elec_a,2023-04-04
CHG-01303,P-0292,2,feature_remove,customer_request,elec_a,2024-03-22
CHG-01304,P-0292,3,drawing_note,supplier_issue,elec_a,2023-06-01
CHG-01305,P-0292,4,drawing_note,customer_request,elec_a,2023-03-26
CHG-01306,P-0293,1,tolerance_tightening,supplier_issue,mech_b,2024-12-27
CHG-01307,P-0293,2,drawing_note,test_failure,mech_b,2025-01-19
CHG-01308,P-0293,3,feature_add,test_failure,mech_b,2025-07-19
CHG-01309,P-0294,1,dimension_update,cost_reduction,mech_a,2025-04-04
CHG-01310,P-0294,2,dimension_update,test_failure,mech_a,2024-04-25
CHG-01311,P-0294,3,drawing_note,design_review,mech_a,2024-11-13
CHG-01312,P-0294,4,feature_remove,test_failure,mech_a,2025-04-21
CHG-01313,P-0294,5,feature_add,supplier_issue,mech_a,2024-04-11
CHG-01314,P-0294,6,feature_remove,cost_reduction,mech_a,2024-09-27
CHG-01315,P-0295,1,material_change,design_review,mech_b,2022-12-20
CHG-01316,P-0295,2,dimension_update,test_failure,mech_b,2022-07-10
CHG-01317,P-0295,3,feature_remove,supplier_issue,mech_b,2023-01-29
CHG-01318,P-0296,1,feature_remove,test_failure,mech_b,2025-11-02
CHG-01319,P-0296,2,feature_add,design_review,mech_b,2026-02-13
CHG-01320,P-0297,1,feature_remove,supplier_issue,mech_a,2025-02-22
CHG-01321,P-0297,2,feature_add,test_failure,mech_a,2024-09-20
CHG-01322,P-0297,3,dimension_update,design_review,mech_a,2025-04-14
CHG-01323,P-0298,1,tolerance_tightening,supplier_issue,mech_b,2023-09-30
CHG-01324,P-0298,2,drawing_note,design_review,mech_b,2023-08-15
CHG-01325,P-0298,3,drawing_note,supplier_issue,mech_b,2023-05-18
CHG-01326,P-0298,4,feature_add,customer_request,mech_b,2023-01-27
CHG-01327,P-0298,5,material_change,supplier_issue,mech_b,2023-01-01
CHG-01328,P-0298,6,tolerance_tightening,customer_request,mech_b,2023-04-25
CHG-01329,P-0299,1,feature_remove,test_failure,mech_a,2022-11-14
CHG-01330,P-0299,2,tolerance_tightening,customer_request,mech_a,2022-06-05
CHG-01331,P-0299,3,feature_add,design_review,mech_a,2022-10-22
CHG-01332,P-0299,4,feature_remove,test_failure,mech_a,2023-08-18
CHG-01333,P-0299,5,material_change,cost_reduction,mech_a,2023-04-12
CHG-01334,P-0300,1,drawing_note,test_failure,mech_a,2023-10-13
CHG-01335,P-0300,2,feature_add,customer_request,mech_a,2024-01-29
CHG-01336,P-0300,3,dimension_update,customer_request,mech_a,2024-11-18
CHG-01337,P-0300,4,feature_remove,design_review,mech_a,2023-10-03
CHG-01338,P-0300,5,material_change,design_review,mech_a,2024-06-13
CHG-01339,P-0301,1,dimension_update,design_review,mech_a,2025-01-05
CHG-01340,P-0301,2,feature_remove,supplier_issue,mech_a,2024-06-19
CHG-01341,P-0301,3,feature_remove,design_review,mech_a,2025-09-22
CHG-01342,P-0301,4,feature_remove,test_failure,mech_a,2025-07-08
CHG-01343,P-0302,1,feature_remove,cost_reduction,mech_b,2022-11-28
CHG-01344,P-0302,2,material_change,cost_reduction,mech_b,2022-03-19
CHG-01345,P-0303,1,feature_add,supplier_issue,mech_b,2023-02-13
CHG-01346,P-0303,2,drawing_note,cost_reduction,mech_b,2023-11-06
CHG-01347,P-0303,3,feature_add,test_failure,mech_b,2023-11-23
CHG-01348,P-0303,4,feature_add,cost_reduction,mech_b,2023-12-25
CHG-01349,P-0304,1,tolerance_tightening,cost_reduction,mech_b,2026-05-05
CHG-01350,P-0304,2,material_change,cost_reduction,mech_b,2026-04-06
CHG-01351,P-0304,3,material_change,test_failure,mech_b,2025-08-21
CHG-01352,P-0304,4,dimension_update,test_failure,mech_b,2026-01-24
CHG-01353,P-0304,5,tolerance_tightening,customer_request,mech_b,2026-02-14
CHG-01354,P-0304,6,dimension_update,cost_reduction,mech_b,2026-06-23
CHG-01355,P-0304,7,feature_add,cost_reduction,mech_b,2026-06-11
CHG-01356,P-0305,1,feature_remove,design_review,elec_a,2023-07-06
CHG-01357,P-0305,2,drawing_note,design_review,elec_a,2022-11-27
CHG-01358,P-0305,3,feature_remove,design_review,elec_a,2022-11-25
CHG-01359,P-0306,1,drawing_note,cost_reduction,elec_a,2025-03-27
CHG-01360,P-0306,2,drawing_note,design_review,elec_a,2025-12-20
CHG-01361,P-0306,3,feature_add,customer_request,elec_a,2024-12-15
CHG-01362,P-0306,4,feature_add,cost_reduction,elec_a,2025-02-15
CHG-01363,P-0306,5,feature_remove,cost_reduction,elec_a,2025-11-29
CHG-01364,P-0306,6,drawing_note,cost_reduction,elec_a,2024-11-04
CHG-01365,P-0307,1,drawing_note,test_failure,mech_a,2023-09-08
CHG-01366,P-0307,2,feature_remove,design_review,mech_a,2024-02-02
CHG-01367,P-0307,3,drawing_note,design_review,mech_a,2023-05-12
CHG-01368,P-0307,4,material_change,design_review,mech_a,2023-10-21
CHG-01369,P-0307,5,drawing_note,supplier_issue,mech_a,2023-03-20
CHG-01370,P-0307,6,material_change,design_review,mech_a,2022-12-12
CHG-01371,P-0308,1,tolerance_tightening,supplier_issue,hw_integration,2023-11-07
CHG-01372,P-0308,2,feature_remove,cost_reduction,hw_integration,2024-08-07
CHG-01373,P-0308,3,tolerance_tightening,cost_reduction,hw_integration,2024-09-11
CHG-01374,P-0308,4,feature_add,test_failure,hw_integration,2023-10-26
CHG-01375,P-0309,1,dimension_update,test_failure,elec_a,2025-04-17
CHG-01376,P-0309,2,feature_add,supplier_issue,elec_a,2025-04-14
CHG-01377,P-0309,3,drawing_note,customer_request,elec_a,2025-12-25
CHG-01378,P-0309,4,material_change,supplier_issue,elec_a,2025-04-17
CHG-01379,P-0309,5,feature_remove,customer_request,elec_a,2025-08-15
CHG-01380,P-0309,6,dimension_update,supplier_issue,elec_a,2025-01-24
CHG-01381,P-0310,1,feature_add,supplier_issue,mech_b,2025-12-09
CHG-01382,P-0310,2,tolerance_tightening,design_review,mech_b,2025-11-05
CHG-01383,P-0310,3,dimension_update,design_review,mech_b,2026-07-12
CHG-01384,P-0310,4,feature_add,supplier_issue,mech_b,2025-11-30
CHG-01385,P-0310,5,feature_remove,supplier_issue,mech_b,2026-04-26
CHG-01386,P-0310,6,drawing_note,test_failure,mech_b,2026-10-29
CHG-01387,P-0311,1,dimension_update,design_review,mech_a,2024-06-19
CHG-01388,P-0311,2,feature_add,test_failure,mech_a,2024-12-29
CHG-01389,P-0311,3,drawing_note,test_failure,mech_a,2024-11-11
CHG-01390,P-0312,1,drawing_note,cost_reduction,hw_integration,2023-12-13
CHG-01391,P-0312,2,dimension_update,test_failure,hw_integration,2023-09-29
CHG-01392,P-0312,3,feature_remove,supplier_issue,hw_integration,2023-02-02
CHG-01393,P-0312,4,drawing_note,test_failure,hw_integration,2022-12-04
CHG-01394,P-0312,5,material_change,test_failure,hw_integration,2023-12-07
CHG-01395,P-0313,1,dimension_update,design_review,elec_a,2023-01-07
CHG-01396,P-0313,2,drawing_note,design_review,elec_a,2022-07-22
CHG-01397,P-0313,3,feature_add,cost_reduction,elec_a,2022-12-31
CHG-01398,P-0314,1,tolerance_tightening,design_review,mech_b,2025-08-10
CHG-01399,P-0314,2,feature_remove,design_review,mech_b,2025-08-16
CHG-01400,P-0314,3,material_change,design_review,mech_b,2024-12-23
CHG-01401,P-0315,1,drawing_note,test_failure,mech_a,2024-06-20
CHG-01402,P-0315,2,drawing_note,supplier_issue,mech_a,2024-07-24
CHG-01403,P-0315,3,feature_remove,supplier_issue,mech_a,2024-07-25
CHG-01404,P-0316,1,material_change,design_review,mech_a,2025-08-02
CHG-01405,P-0316,2,tolerance_tightening,customer_request,mech_a,2025-12-11
CHG-01406,P-0316,3,feature_add,customer_request,mech_a,2024-10-14
CHG-01407,P-0316,4,drawing_note,supplier_issue,mech_a,2024-12-07
CHG-01408,P-0317,1,feature_remove,design_review,mech_b,2025-11-25
CHG-01409,P-0317,2,dimension_update,cost_reduction,mech_b,2025-10-02
CHG-01410,P-0317,3,tolerance_tightening,test_failure,mech_b,2026-10-08
CHG-01411,P-0317,4,feature_remove,design_review,mech_b,2025-11-13
CHG-01412,P-0318,1,drawing_note,supplier_issue,mech_a,2026-03-19
CHG-01413,P-0319,1,feature_add,test_failure,mech_a,2024-04-16
CHG-01414,P-0320,1,tolerance_tightening,design_review,mech_b,2024-09-12
CHG-01415,P-0320,2,material_change,cost_reduction,mech_b,2024-10-30
CHG-01416,P-0320,3,tolerance_tightening,test_failure,mech_b,2024-09-19
CHG-01417,P-0320,4,feature_remove,supplier_issue,mech_b,2025-02-12
CHG-01418,P-0320,5,tolerance_tightening,supplier_issue,mech_b,2024-08-06
CHG-01419,P-0320,6,dimension_update,test_failure,mech_b,2024-11-30
CHG-01420,P-0321,1,dimension_update,customer_request,mech_a,2025-05-13
CHG-01421,P-0321,2,feature_remove,design_review,mech_a,2025-06-10
CHG-01422,P-0321,3,tolerance_tightening,design_review,mech_a,2024-04-06
CHG-01423,P-0321,4,feature_add,cost_reduction,mech_a,2025-04-29
CHG-01424,P-0322,1,drawing_note,test_failure,mech_b,2023-12-06
CHG-01425,P-0322,2,dimension_update,design_review,mech_b,2022-12-27
CHG-01426,P-0323,1,dimension_update,cost_reduction,hw_integration,2023-06-26
CHG-01427,P-0323,2,tolerance_tightening,cost_reduction,hw_integration,2023-02-24
CHG-01428,P-0323,3,material_change,test_failure,hw_integration,2024-01-01
CHG-01429,P-0323,4,tolerance_tightening,test_failure,hw_integration,2023-02-01
CHG-01430,P-0323,5,dimension_update,design_review,hw_integration,2024-03-16
CHG-01431,P-0324,1,tolerance_tightening,design_review,hw_integration,2023-03-26
CHG-01432,P-0324,2,feature_add,test_failure,hw_integration,2023-05-18
CHG-01433,P-0324,3,tolerance_tightening,customer_request,hw_integration,2023-05-30
CHG-01434,P-0324,4,material_change,customer_request,hw_integration,2022-05-10
CHG-01435,P-0324,5,tolerance_tightening,design_review,hw_integration,2022-07-18
CHG-01436,P-0324,6,feature_add,cost_reduction,hw_integration,2023-03-06
CHG-01437,P-0324,7,material_change,design_review,hw_integration,2022-07-21
CHG-01438,P-0325,1,material_change,test_failure,mech_a,2023-06-05
CHG-01439,P-0325,2,material_change,design_review,mech_a,2023-12-08
CHG-01440,P-0325,3,drawing_note,cost_reduction,mech_a,2024-01-01
CHG-01441,P-0325,4,drawing_note,design_review,mech_a,2023-11-07
CHG-01442,P-0325,5,dimension_update,test_failure,mech_a,2024-07-09
CHG-01443,P-0325,6,feature_add,supplier_issue,mech_a,2023-08-16
CHG-01444,P-0326,1,feature_remove,test_failure,elec_a,2023-10-14
CHG-01445,P-0326,2,tolerance_tightening,test_failure,elec_a,2023-02-19
CHG-01446,P-0327,1,dimension_update,design_review,hw_integration,2025-04-17
CHG-01447,P-0327,2,drawing_note,supplier_issue,hw_integration,2025-06-06
CHG-01448,P-0327,3,dimension_update,design_review,hw_integration,2025-08-12
CHG-01449,P-0327,4,material_change,customer_request,hw_integration,2025-08-06
CHG-01450,P-0327,5,feature_remove,test_failure,hw_integration,2026-03-25
CHG-01451,P-0327,6,drawing_note,test_failure,hw_integration,2025-10-10
CHG-01452,P-0327,7,drawing_note,test_failure,hw_integration,2026-03-12
CHG-01453,P-0327,8,drawing_note,customer_request,hw_integration,2026-04-25
CHG-01454,P-0327,9,tolerance_tightening,design_review,hw_integration,2025-04-19
CHG-01455,P-0327,10,material_change,design_review,hw_integration,2026-06-28
CHG-01456,P-0328,1,tolerance_tightening,test_failure,elec_a,2025-07-13
CHG-01457,P-0328,2,feature_add,customer_request,elec_a,2025-02-12
CHG-01458,P-0328,3,drawing_note,design_review,elec_a,2025-01-01
CHG-01459,P-0328,4,feature_add,customer_request,elec_a,2025-01-04
CHG-01460,P-0329,1,tolerance_tightening,design_review,mech_b,2025-08-17
CHG-01461,P-0329,2,dimension_update,test_failure,mech_b,2024-12-18
CHG-01462,P-0329,3,drawing_note,test_failure,mech_b,2024-09-06
CHG-01463,P-0330,1,material_change,design_review,mech_b,2023-11-26
CHG-01464,P-0330,2,feature_add,test_failure,mech_b,2024-02-10
CHG-01465,P-0330,3,feature_add,design_review,mech_b,2024-05-26
CHG-01466,P-0330,4,feature_remove,supplier_issue,mech_b,2023-08-04
CHG-01467,P-0330,5,feature_add,test_failure,mech_b,2024-06-02
CHG-01468,P-0330,6,dimension_update,cost_reduction,mech_b,2024-06-26
CHG-01469,P-0331,1,drawing_note,test_failure,mech_a,2022-07-25
CHG-01470,P-0331,2,drawing_note,cost_reduction,mech_a,2023-04-16
CHG-01471,P-0331,3,feature_add,supplier_issue,mech_a,2022-07-14
CHG-01472,P-0331,4,dimension_update,supplier_issue,mech_a,2023-01-10
CHG-01473,P-0332,1,material_change,test_failure,mech_b,2025-04-05
CHG-01474,P-0332,2,material_change,design_review,mech_b,2025-04-06
CHG-01475,P-0332,3,drawing_note,supplier_issue,mech_b,2025-03-21
CHG-01476,P-0332,4,drawing_note,supplier_issue,mech_b,2024-10-24
CHG-01477,P-0332,5,dimension_update,design_review,mech_b,2025-04-02
CHG-01478,P-0332,6,tolerance_tightening,customer_request,mech_b,2024-06-20
CHG-01479,P-0333,1,material_change,supplier_issue,hw_integration,2022-09-11
CHG-01480,P-0333,2,feature_add,cost_reduction,hw_integration,2022-10-17
CHG-01481,P-0333,3,drawing_note,design_review,hw_integration,2022-11-21
CHG-01482,P-0334,1,material_change,supplier_issue,elec_a,2022-11-02
CHG-01483,P-0334,2,feature_add,design_review,elec_a,2022-05-13
CHG-01484,P-0334,3,dimension_update,design_review,elec_a,2022-11-03
CHG-01485,P-0334,4,feature_remove,design_review,elec_a,2023-01-26
CHG-01486,P-0334,5,dimension_update,customer_request,elec_a,2023-05-13
CHG-01487,P-0334,6,feature_add,customer_request,elec_a,2022-12-10
CHG-01488,P-0334,7,material_change,cost_reduction,elec_a,2023-06-10
CHG-01489,P-0334,8,tolerance_tightening,test_failure,elec_a,2022-12-12
CHG-01490,P-0334,9,dimension_update,cost_reduction,elec_a,2023-03-15
CHG-01491,P-0335,1,tolerance_tightening,test_failure,mech_b,2022-10-18
CHG-01492,P-0335,2,material_change,cost_reduction,mech_b,2023-03-30
CHG-01493,P-0335,3,drawing_note,design_review,mech_b,2022-12-18
CHG-01494,P-0335,4,dimension_update,customer_request,mech_b,2023-03-18
CHG-01495,P-0335,5,material_change,cost_reduction,mech_b,2023-09-25
CHG-01496,P-0336,1,tolerance_tightening,design_review,mech_a,2024-06-06
CHG-01497,P-0336,2,feature_remove,supplier_issue,mech_a,2023-11-27
CHG-01498,P-0336,3,tolerance_tightening,cost_reduction,mech_a,2024-03-26
CHG-01499,P-0337,1,drawing_note,cost_reduction,hw_integration,2025-03-14
CHG-01500,P-0337,2,tolerance_tightening,test_failure,hw_integration,2024-10-15
CHG-01501,P-0337,3,dimension_update,supplier_issue,hw_integration,2025-02-25
CHG-01502,P-0337,4,tolerance_tightening,customer_request,hw_integration,2024-09-16
CHG-01503,P-0338,1,material_change,test_failure,mech_a,2023-08-31
CHG-01504,P-0338,2,dimension_update,customer_request,mech_a,2024-05-10
CHG-01505,P-0338,3,dimension_update,supplier_issue,mech_a,2023-11-29
CHG-01506,P-0338,4,material_change,customer_request,mech_a,2023-09-01
CHG-01507,P-0338,5,feature_remove,cost_reduction,mech_a,2024-03-20
CHG-01508,P-0338,6,feature_remove,customer_request,mech_a,2023-12-22
CHG-01509,P-0338,7,drawing_note,design_review,mech_a,2024-06-01
CHG-01510,P-0339,1,feature_add,design_review,elec_a,2025-10-11
CHG-01511,P-0339,2,drawing_note,cost_reduction,elec_a,2024-11-30
CHG-01512,P-0339,3,tolerance_tightening,test_failure,elec_a,2025-08-24
CHG-01513,P-0339,4,drawing_note,customer_request,elec_a,2025-07-31
CHG-01514,P-0339,5,feature_add,cost_reduction,elec_a,2025-02-18
CHG-01515,P-0340,1,drawing_note,customer_request,mech_b,2024-05-06
CHG-01516,P-0340,2,material_change,design_review,mech_b,2024-11-16
CHG-01517,P-0340,3,feature_add,test_failure,mech_b,2024-06-29
CHG-01518,P-0341,1,material_change,customer_request,mech_b,2025-09-27
CHG-01519,P-0341,2,dimension_update,test_failure,mech_b,2025-09-14
CHG-01520,P-0341,3,drawing_note,design_review,mech_b,2025-05-25
CHG-01521,P-0341,4,tolerance_tightening,supplier_issue,mech_b,2026-03-08
CHG-01522,P-0341,5,tolerance_tightening,test_failure,mech_b,2025-04-11
CHG-01523,P-0341,6,feature_add,customer_request,mech_b,2026-01-25
CHG-01524,P-0342,1,material_change,supplier_issue,mech_a,2023-06-18
CHG-01525,P-0342,2,feature_add,test_failure,mech_a,2024-03-15
CHG-01526,P-0342,3,material_change,supplier_issue,mech_a,2023-09-03
CHG-01527,P-0342,4,feature_remove,customer_request,mech_a,2023-11-17
CHG-01528,P-0342,5,tolerance_tightening,design_review,mech_a,2023-07-14
CHG-01529,P-0343,1,drawing_note,customer_request,mech_b,2023-06-18
CHG-01530,P-0343,2,tolerance_tightening,cost_reduction,mech_b,2023-04-21
CHG-01531,P-0343,3,drawing_note,design_review,mech_b,2023-10-12
CHG-01532,P-0344,1,feature_remove,test_failure,elec_a,2023-04-10
CHG-01533,P-0344,2,feature_remove,customer_request,elec_a,2023-07-23
CHG-01534,P-0344,3,feature_remove,design_review,elec_a,2022-12-06
CHG-01535,P-0344,4,drawing_note,test_failure,elec_a,2023-07-10
CHG-01536,P-0345,1,dimension_update,cost_reduction,mech_b,2022-10-23
CHG-01537,P-0345,2,feature_remove,design_review,mech_b,2023-08-01
CHG-01538,P-0345,3,material_change,customer_request,mech_b,2023-09-20
CHG-01539,P-0345,4,drawing_note,test_failure,mech_b,2023-09-15
CHG-01540,P-0345,5,dimension_update,test_failure,mech_b,2023-05-29
CHG-01541,P-0346,1,dimension_update,supplier_issue,mech_a,2022-07-26
CHG-01542,P-0346,2,feature_remove,cost_reduction,mech_a,2022-03-01
CHG-01543,P-0346,3,tolerance_tightening,cost_reduction,mech_a,2023-04-24
CHG-01544,P-0347,1,material_change,supplier_issue,mech_b,2023-05-22
CHG-01545,P-0347,2,tolerance_tightening,test_failure,mech_b,2023-10-29
CHG-01546,P-0347,3,feature_remove,cost_reduction,mech_b,2022-09-14
CHG-01547,P-0347,4,feature_remove,design_review,mech_b,2023-09-29
CHG-01548,P-0347,5,feature_add,design_review,mech_b,2023-03-23
CHG-01549,P-0347,6,feature_add,test_failure,mech_b,2023-09-18
CHG-01550,P-0347,7,feature_remove,customer_request,mech_b,2023-11-25
CHG-01551,P-0347,8,material_change,customer_request,mech_b,2023-05-06
CHG-01552,P-0348,1,feature_remove,test_failure,mech_a,2026-02-03
CHG-01553,P-0348,2,feature_remove,design_review,mech_a,2025-10-02
CHG-01554,P-0348,3,tolerance_tightening,cost_reduction,mech_a,2025-06-06
CHG-01555,P-0348,4,dimension_update,test_failure,mech_a,2025-08-15
CHG-01556,P-0348,5,dimension_update,supplier_issue,mech_a,2026-07-14
CHG-01557,P-0348,6,feature_remove,cost_reduction,mech_a,2025-07-19
CHG-01558,P-0349,1,material_change,cost_reduction,mech_b,2024-05-15
CHG-01559,P-0349,2,dimension_update,design_review,mech_b,2024-09-17
CHG-01560,P-0349,3,drawing_note,design_review,mech_b,2024-09-04
CHG-01561,P-0350,1,feature_add,test_failure,hw_integration,2024-05-27
CHG-01562,P-0350,2,drawing_note,design_review,hw_integration,2025-04-03
CHG-01563,P-0350,3,drawing_note,customer_request,hw_integration,2024-02-17
CHG-01564,P-0350,4,drawing_note,design_review,hw_integration,2024-07-08
CHG-01565,P-0351,1,dimension_update,customer_request,hw_integration,2024-03-07
CHG-01566,P-0351,2,feature_add,supplier_issue,hw_integration,2023-10-15
CHG-01567,P-0351,3,feature_add,test_failure,hw_integration,2024-01-09
CHG-01568,P-0351,4,feature_remove,customer_request,hw_integration,2023-10-23
CHG-01569,P-0351,5,feature_add,cost_reduction,hw_integration,2024-06-12
CHG-01570,P-0352,1,feature_remove,supplier_issue,hw_integration,2024-11-26
CHG-01571,P-0352,2,tolerance_tightening,design_review,hw_integration,2024-07-09
CHG-01572,P-0352,3,dimension_update,design_review,hw_integration,2024-06-07
CHG-01573,P-0352,4,feature_add,design_review,hw_integration,2025-05-16
CHG-01574,P-0352,5,tolerance_tightening,design_review,hw_integration,2025-01-26
CHG-01575,P-0352,6,drawing_note,design_review,hw_integration,2025-01-21
CHG-01576,P-0352,7,drawing_note,test_failure,hw_integration,2024-06-17
CHG-01577,P-0353,1,material_change,test_failure,mech_a,2024-12-09
CHG-01578,P-0353,2,feature_add,customer_request,mech_a,2024-08-05
CHG-01579,P-0353,3,feature_add,test_failure,mech_a,2024-11-02
CHG-01580,P-0353,4,feature_add,test_failure,mech_a,2025-01-28
CHG-01581,P-0353,5,feature_add,supplier_issue,mech_a,2024-10-09
CHG-01582,P-0354,1,tolerance_tightening,test_failure,mech_b,2026-04-12
CHG-01583,P-0354,2,feature_remove,supplier_issue,mech_b,2025-05-07
CHG-01584,P-0354,3,tolerance_tightening,cost_reduction,mech_b,2026-04-16
CHG-01585,P-0354,4,material_change,supplier_issue,mech_b,2025-07-18
CHG-01586,P-0355,1,drawing_note,design_review,mech_a,2026-02-03
CHG-01587,P-0355,2,feature_add,test_failure,mech_a,2025-12-27
CHG-01588,P-0355,3,feature_remove,test_failure,mech_a,2025-12-21
CHG-01589,P-0355,4,feature_remove,design_review,mech_a,2025-07-28
CHG-01590,P-0355,5,dimension_update,design_review,mech_a,2025-02-23
CHG-01591,P-0355,6,material_change,cost_reduction,mech_a,2025-04-15
CHG-01592,P-0356,1,drawing_note,customer_request,mech_b,2023-12-20
CHG-01593,P-0356,2,tolerance_tightening,supplier_issue,mech_b,2024-06-08
CHG-01594,P-0356,3,tolerance_tightening,customer_request,mech_b,2024-01-14
CHG-01595,P-0356,4,material_change,design_review,mech_b,2024-08-12
CHG-01596,P-0356,5,tolerance_tightening,test_failure,mech_b,2024-10-15
CHG-01597,P-0356,6,material_change,test_failure,mech_b,2024-05-28
CHG-01598,P-0357,1,feature_add,supplier_issue,elec_a,2025-11-06
CHG-01599,P-0357,2,dimension_update,cost_reduction,elec_a,2025-01-01
CHG-01600,P-0357,3,dimension_update,supplier_issue,elec_a,2025-04-23
CHG-01601,P-0357,4,material_change,test_failure,elec_a,2024-10-14
CHG-01602,P-0357,5,feature_add,supplier_issue,elec_a,2024-10-24
CHG-01603,P-0358,1,material_change,customer_request,hw_integration,2024-11-09
CHG-01604,P-0358,2,feature_remove,customer_request,hw_integration,2025-06-16
CHG-01605,P-0358,3,material_change,design_review,hw_integration,2024-08-02
CHG-01606,P-0358,4,material_change,design_review,hw_integration,2025-02-16
CHG-01607,P-0359,1,feature_remove,design_review,mech_b,2026-03-08
CHG-01608,P-0359,2,feature_remove,design_review,mech_b,2026-05-02
CHG-01609,P-0359,3,drawing_note,supplier_issue,mech_b,2026-07-17
CHG-01610,P-0360,1,material_change,test_failure,mech_a,2024-07-09
CHG-01611,P-0360,2,material_change,test_failure,mech_a,2025-01-11
CHG-01612,P-0360,3,feature_add,test_failure,mech_a,2024-07-31
CHG-01613,P-0361,1,feature_remove,design_review,mech_b,2025-01-13
CHG-01614,P-0361,2,drawing_note,supplier_issue,mech_b,2025-09-14
CHG-01615,P-0361,3,drawing_note,cost_reduction,mech_b,2026-04-26
CHG-01616,P-0362,1,tolerance_tightening,design_review,mech_b,2023-01-04
CHG-01617,P-0362,2,feature_remove,design_review,mech_b,2022-12-03
CHG-01618,P-0362,3,feature_remove,test_failure,mech_b,2023-09-30
CHG-01619,P-0363,1,feature_add,test_failure,elec_a,2023-04-20
CHG-01620,P-0363,2,dimension_update,test_failure,elec_a,2023-10-24
CHG-01621,P-0364,1,drawing_note,cost_reduction,mech_a,2024-04-23
CHG-01622,P-0365,1,dimension_update,cost_reduction,elec_a,2026-01-05
CHG-01623,P-0365,2,feature_add,design_review,elec_a,2025-01-09
CHG-01624,P-0365,3,dimension_update,design_review,elec_a,2024-12-06
CHG-01625,P-0365,4,feature_remove,cost_reduction,elec_a,2025-10-03
CHG-01626,P-0366,1,dimension_update,test_failure,mech_b,2025-02-09
CHG-01627,P-0366,2,drawing_note,design_review,mech_b,2025-08-21
CHG-01628,P-0366,3,tolerance_tightening,design_review,mech_b,2025-11-19
CHG-01629,P-0366,4,feature_remove,supplier_issue,mech_b,2025-02-11
CHG-01630,P-0366,5,dimension_update,supplier_issue,mech_b,2025-06-14
CHG-01631,P-0366,6,dimension_update,supplier_issue,mech_b,2026-02-25
CHG-01632,P-0367,1,drawing_note,supplier_issue,elec_a,2023-08-27
CHG-01633,P-0367,2,feature_remove,supplier_issue,elec_a,2024-04-16
CHG-01634,P-0367,3,feature_remove,test_failure,elec_a,2023-07-06
CHG-01635,P-0367,4,tolerance_tightening,test_failure,elec_a,2024-01-26
CHG-01636,P-0368,1,feature_add,customer_request,hw_integration,2024-01-24
CHG-01637,P-0368,2,feature_add,test_failure,hw_integration,2024-05-17
CHG-01638,P-0368,3,dimension_update,cost_reduction,hw_integration,2024-03-31
CHG-01639,P-0368,4,drawing_note,supplier_issue,hw_integration,2024-08-27
CHG-01640,P-0368,5,tolerance_tightening,customer_request,hw_integration,2023-07-22
CHG-01641,P-0369,1,drawing_note,customer_request,mech_a,2024-08-22
CHG-01642,P-0369,2,feature_remove,design_review,mech_a,2024-04-30
CHG-01643,P-0369,3,drawing_note,design_review,mech_a,2024-05-21
CHG-01644,P-0369,4,dimension_update,supplier_issue,mech_a,2023-10-20
CHG-01645,P-0369,5,tolerance_tightening,cost_reduction,mech_a,2023-10-20
CHG-01646,P-0369,6,feature_add,design_review,mech_a,2023-11-15
CHG-01647,P-0370,1,drawing_note,customer_request,hw_integration,2023-11-21
CHG-01648,P-0370,2,feature_add,test_failure,hw_integration,2022-12-05
CHG-01649,P-0370,3,material_change,cost_reduction,hw_integration,2022-11-16
CHG-01650,P-0370,4,material_change,test_failure,hw_integration,2023-07-28
CHG-01651,P-0370,5,tolerance_tightening,cost_reduction,hw_integration,2023-02-14
CHG-01652,P-0371,1,feature_remove,test_failure,mech_a,2024-12-22
CHG-01653,P-0371,2,dimension_update,test_failure,mech_a,2023-11-19
CHG-01654,P-0371,3,drawing_note,supplier_issue,mech_a,2024-10-29
CHG-01655,P-0371,4,feature_remove,design_review,mech_a,2024-06-12
CHG-01656,P-0371,5,tolerance_tightening,design_review,mech_a,2025-02-12
CHG-01657,P-0371,6,tolerance_tightening,design_review,mech_a,2025-01-11
CHG-01658,P-0371,7,feature_add,test_failure,mech_a,2025-03-28
CHG-01659,P-0372,1,dimension_update,design_review,hw_integration,2025-06-01
CHG-01660,P-0372,2,drawing_note,design_review,hw_integration,2025-01-03
CHG-01661,P-0372,3,tolerance_tightening,supplier_issue,hw_integration,2025-11-05
CHG-01662,P-0372,4,tolerance_tightening,customer_request,hw_integration,2025-09-27
CHG-01663,P-0372,5,feature_add,test_failure,hw_integration,2025-03-28
CHG-01664,P-0372,6,tolerance_tightening,design_review,hw_integration,2025-02-14
CHG-01665,P-0372,7,feature_remove,cost_reduction,hw_integration,2025-05-26
CHG-01666,P-0372,8,drawing_note,test_failure,hw_integration,2026-01-12
CHG-01667,P-0372,9,material_change,customer_request,hw_integration,2025-06-08
CHG-01668,P-0372,10,material_change,supplier_issue,hw_integration,2025-12-17
CHG-01669,P-0373,1,tolerance_tightening,test_failure,mech_b,2024-12-21
CHG-01670,P-0373,2,feature_remove,design_review,mech_b,2025-02-16
CHG-01671,P-0373,3,feature_add,design_review,mech_b,2025-05-17
CHG-01672,P-0373,4,feature_add,supplier_issue,mech_b,2025-02-09
CHG-01674,P-0374,2,dimension_update,customer_request,elec_a,2023-05-26
CHG-01675,P-0374,3,drawing_note,design_review,elec_a,2022-09-26
CHG-01676,P-0374,4,tolerance_tightening,cost_reduction,elec_a,2023-07-14
CHG-01677,P-0374,5,drawing_note,test_failure,elec_a,2023-05-25
CHG-01678,P-0375,1,dimension_update,customer_request,hw_integration,2023-06-09
CHG-01679,P-0375,2,tolerance_tightening,test_failure,hw_integration,2024-01-16
CHG-01680,P-0375,3,feature_remove,supplier_issue,hw_integration,2023-04-28
CHG-01681,P-0375,4,dimension_update,customer_request,hw_integration,2023-08-08
CHG-01682,P-0375,5,feature_add,design_review,hw_integration,2023-11-25
CHG-01683,P-0376,1,feature_add,supplier_issue,elec_a,2024-12-28
CHG-01684,P-0376,2,tolerance_tightening,test_failure,elec_a,2024-05-15
CHG-01685,P-0377,1,tolerance_tightening,test_failure,mech_b,2025-04-01
CHG-01686,P-0377,2,drawing_note,design_review,mech_b,2024-11-09
CHG-01687,P-0377,3,drawing_note,test_failure,mech_b,2025-02-18
CHG-01688,P-0377,4,material_change,design_review,mech_b,2025-04-27
CHG-01689,P-0378,1,drawing_note,design_review,hw_integration,2024-06-23
CHG-01690,P-0378,2,drawing_note,supplier_issue,hw_integration,2024-11-29
CHG-01691,P-0378,3,feature_remove,design_review,hw_integration,2024-12-16
CHG-01692,P-0378,4,drawing_note,customer_request,hw_integration,2025-02-25
CHG-01693,P-0378,5,dimension_update,customer_request,hw_integration,2025-08-29
CHG-01694,P-0379,1,tolerance_tightening,design_review,mech_b,2024-10-10
CHG-01695,P-0379,2,dimension_update,customer_request,mech_b,2025-09-14
CHG-01696,P-0379,3,feature_remove,supplier_issue,mech_b,2024-09-27
CHG-01697,P-0379,4,tolerance_tightening,test_failure,mech_b,2025-01-11
CHG-01698,P-0379,5,tolerance_tightening,test_failure,mech_b,2025-02-03
CHG-01699,P-0379,6,tolerance_tightening,design_review,mech_b,2024-12-28
CHG-01700,P-0379,7,dimension_update,design_review,mech_b,2025-12-13
CHG-01701,P-0380,1,feature_remove,cost_reduction,elec_a,2024-06-01
CHG-01702,P-0380,2,tolerance_tightening,design_review,elec_a,2024-03-16
CHG-01703,P-0380,3,feature_add,design_review,elec_a,2023-03-25
CHG-01704,P-0380,4,drawing_note,cost_reduction,elec_a,2023-02-23
CHG-01705,P-0380,5,feature_remove,customer_request,elec_a,2023-02-20
CHG-01706,P-0380,6,drawing_note,design_review,elec_a,2023-12-16
CHG-01707,P-0380,7,dimension_update,cost_reduction,elec_a,2024-03-06
CHG-01708,P-0380,8,feature_add,design_review,elec_a,2023-10-31
CHG-01709,P-0381,1,tolerance_tightening,test_failure,elec_a,2024-09-16
CHG-01710,P-0381,2,feature_remove,design_review,elec_a,2024-12-02
CHG-01711,P-0381,3,drawing_note,design_review,elec_a,2024-11-08
CHG-01712,P-0382,1,tolerance_tightening,cost_reduction,mech_b,2022-09-27
CHG-01713,P-0382,2,tolerance_tightening,cost_reduction,mech_b,2022-10-06
CHG-01714,P-0382,3,drawing_note,test_failure,mech_b,2023-10-06
CHG-01715,P-0383,1,dimension_update,customer_request,mech_a,2025-05-20
CHG-01716,P-0383,2,drawing_note,cost_reduction,mech_a,2025-01-17
CHG-01717,P-0384,1,feature_add,test_failure,mech_b,2023-10-02
CHG-01718,P-0384,2,tolerance_tightening,design_review,mech_b,2024-07-21
CHG-01719,P-0384,3,feature_add,customer_request,mech_b,2023-08-04
CHG-01720,P-0384,4,tolerance_tightening,supplier_issue,mech_b,2024-07-10
CHG-01721,P-0385,1,drawing_note,test_failure,hw_integration,2024-06-01
CHG-01722,P-0385,2,material_change,customer_request,hw_integration,2024-03-03
CHG-01723,P-0386,1,material_change,test_failure,elec_a,2024-08-31
CHG-01724,P-0386,2,feature_add,design_review,elec_a,2025-02-18
CHG-01725,P-0386,3,drawing_note,design_review,elec_a,2024-12-09
CHG-01726,P-0386,4,feature_remove,design_review,elec_a,2025-08-04
CHG-01727,P-0386,5,tolerance_tightening,supplier_issue,elec_a,2025-11-07
CHG-01728,P-0386,6,material_change,cost_reduction,elec_a,2025-02-15
CHG-01729,P-0386,7,dimension_update,cost_reduction,elec_a,2025-07-12
CHG-01730,P-0386,8,drawing_note,cost_reduction,elec_a,2025-11-02
CHG-01731,P-0386,9,drawing_note,cost_reduction,elec_a,2025-09-14
CHG-01732,P-0386,10,dimension_update,supplier_issue,elec_a,2025-02-25
CHG-01733,P-0387,1,feature_add,customer_request,elec_a,2026-01-11
CHG-01734,P-0387,2,feature_add,design_review,elec_a,2025-09-22
CHG-01735,P-0387,3,tolerance_tightening,test_failure,elec_a,2025-12-21
CHG-01736,P-0387,4,tolerance_tightening,supplier_issue,elec_a,2025-08-12
CHG-01737,P-0388,1,feature_remove,customer_request,mech_b,2025-06-25
CHG-01738,P-0388,2,feature_remove,design_review,mech_b,2026-03-01
CHG-01739,P-0388,3,feature_add,customer_request,mech_b,2025-06-25
CHG-01740,P-0388,4,tolerance_tightening,design_review,mech_b,2026-03-12
CHG-01741,P-0389,1,feature_add,design_review,elec_a,2022-09-06
CHG-01742,P-0389,2,feature_add,design_review,elec_a,2022-12-28
CHG-01743,P-0389,3,tolerance_tightening,test_failure,elec_a,2023-03-31
CHG-01744,P-0390,1,dimension_update,cost_reduction,mech_b,2025-03-05
CHG-01745,P-0390,2,dimension_update,supplier_issue,mech_b,2025-12-15
CHG-01746,P-0390,3,material_change,cost_reduction,mech_b,2026-01-31
CHG-01747,P-0390,4,feature_remove,design_review,mech_b,2024-11-28
CHG-01748,P-0390,5,feature_add,cost_reduction,mech_b,2025-10-01
CHG-01749,P-0391,1,drawing_note,design_review,mech_a,2024-03-29
CHG-01750,P-0391,2,material_change,cost_reduction,mech_a,2024-07-08
CHG-01751,P-0391,3,drawing_note,test_failure,mech_a,2025-01-24
CHG-01752,P-0392,1,dimension_update,test_failure,mech_a,2023-07-20
CHG-01753,P-0392,2,dimension_update,customer_request,mech_a,2023-06-17
CHG-01754,P-0392,3,drawing_note,design_review,mech_a,2022-09-27
CHG-01755,P-0392,4,dimension_update,test_failure,mech_a,2023-09-01
CHG-01756,P-0392,5,material_change,test_failure,mech_a,2022-05-27
CHG-01757,P-0392,6,drawing_note,design_review,mech_a,2023-03-24
CHG-01758,P-0392,7,feature_add,design_review,mech_a,2023-05-18
CHG-01759,P-0393,1,dimension_update,design_review,mech_b,2023-10-27
CHG-01760,P-0393,2,feature_add,customer_request,mech_b,2023-11-16
CHG-01761,P-0393,3,feature_add,cost_reduction,mech_b,2023-09-04
CHG-01762,P-0393,4,dimension_update,test_failure,mech_b,2023-12-01
CHG-01763,P-0394,1,feature_add,supplier_issue,elec_a,2023-11-16
CHG-01764,P-0394,2,feature_remove,test_failure,elec_a,2023-11-08
CHG-01765,P-0394,3,tolerance_tightening,cost_reduction,elec_a,2024-01-22
CHG-01766,P-0395,1,drawing_note,design_review,mech_b,2023-06-19
CHG-01767,P-0395,2,dimension_update,supplier_issue,mech_b,2023-02-16
CHG-01768,P-0395,3,tolerance_tightening,cost_reduction,mech_b,2023-12-18
CHG-01769,P-0395,4,dimension_update,supplier_issue,mech_b,2023-01-17
CHG-01770,P-0396,1,drawing_note,design_review,mech_a,2024-11-10
CHG-01771,P-0396,2,feature_add,design_review,mech_a,2025-05-28
CHG-01772,P-0396,3,material_change,design_review,mech_a,2024-12-10
CHG-01773,P-0397,1,dimension_update,test_failure,mech_b,2024-05-21
CHG-01774,P-0397,2,dimension_update,test_failure,mech_b,2023-12-25
CHG-01775,P-0398,1,material_change,customer_request,mech_b,2025-06-22
CHG-01776,P-0398,2,dimension_update,design_review,mech_b,2025-07-08
CHG-01777,P-0398,3,feature_remove,design_review,mech_b,2025-02-27
CHG-01778,P-0398,4,dimension_update,cost_reduction,mech_b,2025-01-14
CHG-01779,P-0399,1,dimension_update,design_review,elec_a,2025-08-24
CHG-01780,P-0399,2,feature_remove,test_failure,elec_a,2024-10-28
CHG-01781,P-0399,3,material_change,customer_request,elec_a,2024-11-11
CHG-01782,P-0399,4,dimension_update,cost_reduction,elec_a,2026-02-12
CHG-01783,P-0400,1,feature_add,cost_reduction,mech_b,2023-05-08
CHG-01784,P-0400,2,feature_remove,customer_request,mech_b,2022-05-30
CHG-01785,P-0400,3,feature_add,customer_request,mech_b,2022-03-10
CHG-01786,P-0400,4,dimension_update,design_review,mech_b,2022-12-27
CHG-01787,P-0400,5,dimension_update,design_review,mech_b,2022-10-12
CHG-01788,P-0401,1,feature_add,supplier_issue,mech_b,2025-01-20
CHG-01789,P-0401,2,tolerance_tightening,cost_reduction,mech_b,2025-05-12
CHG-01790,P-0401,3,drawing_note,test_failure,mech_b,2025-12-09
CHG-01791,P-0401,4,feature_remove,design_review,mech_b,2025-11-24
CHG-01792,P-0401,5,drawing_note,customer_request,mech_b,2026-02-16
CHG-01793,P-0401,6,drawing_note,cost_reduction,mech_b,2025-12-17
CHG-01794,P-0401,7,material_change,design_review,mech_b,2025-08-10
CHG-01795,P-0401,8,feature_add,design_review,mech_b,2026-03-08
CHG-01796,P-0401,9,feature_add,test_failure,mech_b,2026-02-06
CHG-01797,P-0401,10,feature_remove,supplier_issue,mech_b,2025-11-03
CHG-01798,P-0402,1,drawing_note,test_failure,mech_a,2023-07-02
CHG-01799,P-0402,2,feature_remove,test_failure,mech_a,2022-11-02
CHG-01800,P-0402,3,material_change,test_failure,mech_a,2022-09-17
CHG-01801,P-0402,4,feature_add,design_review,mech_a,2022-11-07
CHG-01802,P-0402,5,drawing_note,test_failure,mech_a,2022-11-28
CHG-01803,P-0402,6,tolerance_tightening,design_review,mech_a,2023-08-19
CHG-01804,P-0402,7,dimension_update,design_review,mech_a,2022-12-11
CHG-01805,P-0402,8,feature_remove,test_failure,mech_a,2022-08-07
CHG-01806,P-0403,1,tolerance_tightening,cost_reduction,elec_a,2022-01-16
CHG-01807,P-0403,2,feature_remove,customer_request,elec_a,2022-06-09
CHG-01808,P-0403,3,drawing_note,design_review,elec_a,2022-07-17
CHG-01809,P-0403,4,dimension_update,test_failure,elec_a,2023-03-02
CHG-01810,P-0403,5,feature_add,supplier_issue,elec_a,2022-02-01
CHG-01811,P-0404,1,feature_add,test_failure,hw_integration,2023-09-02
CHG-01812,P-0404,2,feature_remove,customer_request,hw_integration,2023-08-10
CHG-01813,P-0404,3,tolerance_tightening,design_review,hw_integration,2022-12-08
CHG-01814,P-0404,4,feature_remove,test_failure,hw_integration,2022-10-09
CHG-01815,P-0404,5,drawing_note,customer_request,hw_integration,2023-07-18
CHG-01816,P-0405,1,material_change,design_review,elec_a,2022-10-01
CHG-01817,P-0405,2,feature_remove,supplier_issue,elec_a,2023-03-29
CHG-01818,P-0405,3,feature_remove,test_failure,elec_a,2022-07-05
CHG-01819,P-0405,4,dimension_update,design_review,elec_a,2023-01-24
CHG-01820,P-0405,5,dimension_update,test_failure,elec_a,2023-03-27
CHG-01821,P-0405,6,dimension_update,test_failure,elec_a,2022-08-13
CHG-01822,P-0405,7,feature_remove,design_review,elec_a,2023-06-15
CHG-01823,P-0405,8,drawing_note,design_review,elec_a,2022-09-15
CHG-01824,P-0405,9,feature_add,design_review,elec_a,2022-12-12
CHG-01825,P-0406,1,dimension_update,test_failure,mech_b,2023-03-17
CHG-01826,P-0406,2,dimension_update,design_review,mech_b,2024-07-04
CHG-01827,P-0406,3,feature_remove,cost_reduction,mech_b,2024-03-26
CHG-01828,P-0406,4,tolerance_tightening,design_review,mech_b,2023-08-18
CHG-01829,P-0406,5,material_change,customer_request,mech_b,2024-05-01
CHG-01830,P-0407,1,dimension_update,cost_reduction,mech_b,2025-11-28
CHG-01831,P-0407,2,feature_remove,supplier_issue,mech_b,2025-12-10
CHG-01832,P-0407,3,feature_remove,design_review,mech_b,2025-03-18
CHG-01833,P-0407,4,tolerance_tightening,customer_request,mech_b,2025-05-06
CHG-01834,P-0407,5,feature_remove,design_review,mech_b,2025-03-03
CHG-01835,P-0408,1,material_change,design_review,mech_b,2024-09-01
CHG-01836,P-0408,2,dimension_update,design_review,mech_b,2024-08-20
CHG-01837,P-0408,3,tolerance_tightening,test_failure,mech_b,2025-01-22
CHG-01838,P-0408,4,feature_remove,customer_request,mech_b,2025-06-10
CHG-01839,P-0408,5,tolerance_tightening,design_review,mech_b,2025-01-16
CHG-01840,P-0408,6,dimension_update,design_review,mech_b,2025-09-28
CHG-01841,P-0409,1,feature_add,design_review,mech_a,2024-09-21
CHG-01842,P-0409,2,drawing_note,test_failure,mech_a,2023-08-30
CHG-01843,P-0409,3,drawing_note,customer_request,mech_a,2023-10-10
CHG-01844,P-0410,1,material_change,cost_reduction,mech_a,2026-05-19
CHG-01845,P-0410,2,tolerance_tightening,design_review,mech_a,2026-08-07
CHG-01846,P-0410,3,feature_add,design_review,mech_a,2026-05-27
CHG-01847,P-0410,4,dimension_update,test_failure,mech_a,2025-10-15
CHG-01848,P-0410,5,tolerance_tightening,test_failure,mech_a,2026-08-28
CHG-01849,P-0411,1,feature_add,supplier_issue,hw_integration,2024-11-11
CHG-01850,P-0411,2,feature_remove,design_review,hw_integration,2024-11-30
CHG-01851,P-0411,3,feature_add,supplier_issue,hw_integration,2024-05-14
CHG-01852,P-0411,4,drawing_note,customer_request,hw_integration,2025-01-13
CHG-01853,P-0412,1,material_change,supplier_issue,hw_integration,2022-08-08
CHG-01854,P-0412,2,drawing_note,cost_reduction,hw_integration,2022-12-25
CHG-01855,P-0412,3,material_change,design_review,hw_integration,2023-06-23
CHG-01856,P-0413,1,drawing_note,design_review,hw_integration,2023-01-27
CHG-01857,P-0413,2,drawing_note,test_failure,hw_integration,2022-12-31
CHG-01858,P-0413,3,drawing_note,design_review,hw_integration,2023-04-18
CHG-01859,P-0413,4,feature_add,design_review,hw_integration,2022-03-12
CHG-01860,P-0414,1,tolerance_tightening,cost_reduction,elec_a,2025-01-21
CHG-01861,P-0414,2,feature_add,design_review,elec_a,2024-09-12
CHG-01862,P-0414,3,feature_remove,test_failure,elec_a,2025-02-10
CHG-01863,P-0414,4,feature_add,design_review,elec_a,2024-08-19
CHG-01864,P-0414,5,drawing_note,test_failure,elec_a,2024-11-24
CHG-01865,P-0414,6,tolerance_tightening,design_review,elec_a,2024-04-20
CHG-01866,P-0415,1,feature_add,design_review,hw_integration,2023-03-02
CHG-01867,P-0415,2,drawing_note,cost_reduction,hw_integration,2023-09-20
CHG-01868,P-0415,3,drawing_note,test_failure,hw_integration,2023-04-12
CHG-01869,P-0415,4,feature_add,test_failure,hw_integration,2024-02-13
CHG-01870,P-0415,5,drawing_note,test_failure,hw_integration,2023-05-24
CHG-01871,P-0416,1,tolerance_tightening,test_failure,mech_b,2023-10-20
CHG-01872,P-0416,2,feature_add,design_review,mech_b,2024-07-07
CHG-01873,P-0417,1,feature_add,test_failure,mech_b,2023-03-16
CHG-01874,P-0418,1,material_change,cost_reduction,mech_a,2024-09-11
CHG-01875,P-0418,2,material_change,test_failure,mech_a,2024-09-11
CHG-01876,P-0418,3,drawing_note,supplier_issue,mech_a,2024-06-05
CHG-01877,P-0418,4,tolerance_tightening,design_review,mech_a,2024-03-28
CHG-01878,P-0419,1,dimension_update,design_review,mech_a,2025-05-19
CHG-01879,P-0419,2,feature_remove,cost_reduction,mech_a,2026-02-10
CHG-01880,P-0419,3,feature_add,design_review,mech_a,2025-12-25
CHG-01881,P-0419,4,feature_remove,design_review,mech_a,2025-12-05
CHG-01882,P-0419,5,drawing_note,test_failure,mech_a,2025-07-14
CHG-01883,P-0420,1,tolerance_tightening,test_failure,elec_a,2022-06-20
CHG-01884,P-0420,2,material_change,test_failure,elec_a,2022-11-30
CHG-01885,P-0420,3,tolerance_tightening,test_failure,elec_a,2022-05-15
CHG-01886,P-0420,4,material_change,customer_request,elec_a,2022-05-04
CHG-01887,P-0421,1,tolerance_tightening,test_failure,mech_a,2023-07-12
CHG-01888,P-0421,2,feature_add,cost_reduction,mech_a,2023-07-31
CHG-01889,P-0422,1,drawing_note,customer_request,hw_integration,2023-12-20
CHG-01890,P-0422,2,dimension_update,design_review,hw_integration,2023-08-10
CHG-01891,P-0422,3,drawing_note,customer_request,hw_integration,2023-05-06
CHG-01892,P-0422,4,tolerance_tightening,design_review,hw_integration,2023-03-03
CHG-01893,P-0422,5,feature_remove,customer_request,hw_integration,2024-04-14
CHG-01894,P-0422,6,tolerance_tightening,design_review,hw_integration,2023-08-21
CHG-01895,P-0423,1,feature_add,cost_reduction,hw_integration,2025-11-06
CHG-01896,P-0423,2,material_change,design_review,hw_integration,2025-02-25
CHG-01897,P-0423,3,drawing_note,cost_reduction,hw_integration,2025-01-12
CHG-01898,P-0424,1,tolerance_tightening,supplier_issue,mech_b,2024-02-14
CHG-01899,P-0424,2,drawing_note,design_review,mech_b,2024-03-05
CHG-01900,P-0424,3,dimension_update,supplier_issue,mech_b,2023-06-25
CHG-01901,P-0424,4,tolerance_tightening,test_failure,mech_b,2023-06-10
CHG-01902,P-0424,5,feature_add,supplier_issue,mech_b,2023-11-01
CHG-01903,P-0424,6,feature_add,test_failure,mech_b,2023-04-09
CHG-01904,P-0425,1,feature_remove,supplier_issue,elec_a,2023-10-21
CHG-01905,P-0426,1,material_change,design_review,mech_a,2024-11-12
CHG-01906,P-0426,2,drawing_note,cost_reduction,mech_a,2025-08-29
CHG-01907,P-0426,3,feature_add,supplier_issue,mech_a,2025-05-07
CHG-01908,P-0426,4,feature_add,test_failure,mech_a,2024-09-11
CHG-01909,P-0427,1,tolerance_tightening,test_failure,mech_b,2024-10-02
CHG-01910,P-0427,2,material_change,design_review,mech_b,2025-03-31
CHG-01911,P-0427,3,drawing_note,supplier_issue,mech_b,2024-11-25
CHG-01912,P-0427,4,drawing_note,supplier_issue,mech_b,2024-03-27
CHG-01913,P-0428,1,feature_remove,design_review,mech_a,2024-07-15
CHG-01914,P-0428,2,feature_remove,test_failure,mech_a,2025-01-30
CHG-01915,P-0428,3,feature_add,supplier_issue,mech_a,2024-05-17
CHG-01916,P-0428,4,feature_add,design_review,mech_a,2024-06-28
CHG-01917,P-0429,1,drawing_note,supplier_issue,mech_a,2024-07-26
CHG-01918,P-0429,2,material_change,design_review,mech_a,2025-04-09
CHG-01919,P-0429,3,drawing_note,customer_request,mech_a,2024-12-14
CHG-01920,P-0429,4,material_change,test_failure,mech_a,2024-06-17
CHG-01921,P-0430,1,feature_remove,test_failure,mech_a,2024-05-16
CHG-01922,P-0430,2,material_change,design_review,mech_a,2024-07-09
CHG-01923,P-0430,3,dimension_update,test_failure,mech_a,2025-01-17
CHG-01924,P-0431,1,feature_add,design_review,hw_integration,2024-06-26
CHG-01925,P-0431,2,tolerance_tightening,customer_request,hw_integration,2024-10-06
CHG-01926,P-0431,3,tolerance_tightening,test_failure,hw_integration,2023-12-12
CHG-01927,P-0431,4,tolerance_tightening,customer_request,hw_integration,2024-01-24
CHG-01928,P-0431,5,feature_remove,design_review,hw_integration,2024-01-01
CHG-01929,P-0432,1,dimension_update,cost_reduction,elec_a,2024-08-08
CHG-01930,P-0432,2,feature_remove,test_failure,elec_a,2023-12-22
CHG-01931,P-0432,3,dimension_update,test_failure,elec_a,2024-09-10
CHG-01932,P-0433,1,feature_remove,test_failure,hw_integration,2026-01-17
CHG-01933,P-0433,2,feature_add,cost_reduction,hw_integration,2025-01-04
CHG-01934,P-0433,3,drawing_note,supplier_issue,hw_integration,2025-01-16
CHG-01935,P-0433,4,tolerance_tightening,cost_reduction,hw_integration,2024-10-30
CHG-01936,P-0433,5,feature_remove,test_failure,hw_integration,2025-04-01
CHG-01937,P-0433,6,tolerance_tightening,design_review,hw_integration,2025-08-01
CHG-01938,P-0433,7,feature_remove,test_failure,hw_integration,2025-05-28
CHG-01939,P-0434,1,tolerance_tightening,customer_request,hw_integration,2023-12-18
CHG-01940,P-0434,2,material_change,test_failure,hw_integration,2023-04-07
CHG-01941,P-0434,3,dimension_update,customer_request,hw_integration,2024-06-22
CHG-01942,P-0435,1,tolerance_tightening,design_review,hw_integration,2024-03-21
CHG-01943,P-0435,2,tolerance_tightening,test_failure,hw_integration,2023-09-14
CHG-01944,P-0435,3,tolerance_tightening,supplier_issue,hw_integration,2023-10-05
CHG-01945,P-0435,4,feature_remove,supplier_issue,hw_integration,2023-04-07
CHG-01946,P-0436,1,feature_remove,test_failure,hw_integration,2023-11-10
CHG-01947,P-0436,2,feature_add,cost_reduction,hw_integration,2023-01-06
CHG-01948,P-0436,3,drawing_note,test_failure,hw_integration,2023-10-31
CHG-01949,P-0436,4,drawing_note,supplier_issue,hw_integration,2023-03-03
CHG-01950,P-0436,5,material_change,cost_reduction,hw_integration,2022-12-20
CHG-01951,P-0436,6,material_change,supplier_issue,hw_integration,2023-03-01
CHG-01952,P-0436,7,dimension_update,test_failure,hw_integration,2023-04-08
CHG-01953,P-0436,8,feature_remove,design_review,hw_integration,2023-12-13
CHG-01954,P-0437,1,dimension_update,design_review,mech_a,2025-09-07
CHG-01955,P-0437,2,dimension_update,test_failure,mech_a,2026-03-15
CHG-01956,P-0437,3,dimension_update,test_failure,mech_a,2025-07-26
CHG-01957,P-0437,4,feature_remove,customer_request,mech_a,2026-01-14
CHG-01958,P-0438,1,material_change,customer_request,hw_integration,2023-03-29
CHG-01959,P-0438,2,drawing_note,cost_reduction,hw_integration,2022-11-23
CHG-01960,P-0438,3,drawing_note,design_review,hw_integration,2022-09-13
CHG-01961,P-0439,1,drawing_note,customer_request,elec_a,2023-04-23
CHG-01962,P-0439,2,material_change,design_review,elec_a,2023-12-02
CHG-01963,P-0439,3,dimension_update,test_failure,elec_a,2023-03-23
CHG-01964,P-0439,4,drawing_note,design_review,elec_a,2023-02-08
CHG-01965,P-0439,5,feature_add,cost_reduction,elec_a,2022-11-11
CHG-01966,P-0439,6,tolerance_tightening,supplier_issue,elec_a,2023-06-10
CHG-01967,P-0440,1,dimension_update,test_failure,mech_a,2022-08-09
CHG-01968,P-0440,2,drawing_note,supplier_issue,mech_a,2022-08-21
CHG-01969,P-0440,3,feature_add,cost_reduction,mech_a,2022-12-10
CHG-01970,P-0441,1,feature_add,customer_request,mech_a,2023-05-23
CHG-01971,P-0441,2,feature_remove,cost_reduction,mech_a,2024-02-16
CHG-01972,P-0441,3,material_change,test_failure,mech_a,2024-06-28
CHG-01973,P-0441,4,feature_remove,cost_reduction,mech_a,2024-08-18
CHG-01974,P-0441,5,feature_remove,design_review,mech_a,2024-07-04
CHG-01975,P-0442,1,feature_add,design_review,hw_integration,2022-11-10
CHG-01976,P-0442,2,feature_remove,test_failure,hw_integration,2023-10-29
CHG-01977,P-0442,3,feature_add,design_review,hw_integration,2023-06-17
CHG-01978,P-0442,4,drawing_note,design_review,hw_integration,2023-10-30
CHG-01979,P-0443,1,material_change,cost_reduction,hw_integration,2024-11-03
CHG-01980,P-0443,2,feature_remove,design_review,hw_integration,2024-09-18
CHG-01981,P-0443,3,dimension_update,test_failure,hw_integration,2024-10-29
CHG-01982,P-0443,4,feature_add,design_review,hw_integration,2024-12-04
CHG-01983,P-0443,5,feature_add,test_failure,hw_integration,2024-11-17
CHG-01984,P-0444,1,dimension_update,cost_reduction,mech_b,2026-05-26
CHG-01985,P-0444,2,feature_add,design_review,mech_b,2025-09-03
CHG-01986,P-0444,3,material_change,design_review,mech_b,2025-07-27
CHG-01987,P-0444,4,tolerance_tightening,design_review,mech_b,2025-11-07
CHG-01988,P-0445,1,feature_remove,cost_reduction,mech_a,2023-09-23
CHG-01989,P-0445,2,feature_remove,test_failure,mech_a,2024-03-17
CHG-01990,P-0445,3,feature_remove,supplier_issue,mech_a,2023-11-21
CHG-01991,P-0445,4,feature_add,design_review,mech_a,2023-09-17
CHG-01992,P-0446,1,feature_add,design_review,mech_b,2025-11-13
CHG-01993,P-0446,2,feature_remove,design_review,mech_b,2025-12-04
CHG-01994,P-0446,3,dimension_update,supplier_issue,mech_b,2026-10-02
CHG-01995,P-0446,4,feature_add,customer_request,mech_b,2026-08-14
CHG-01996,P-0447,1,feature_add,cost_reduction,mech_a,2023-07-24
CHG-01997,P-0447,2,drawing_note,design_review,mech_a,2023-05-23
CHG-01998,P-0447,3,material_change,test_failure,mech_a,2024-03-30
CHG-01999,P-0447,4,feature_add,cost_reduction,mech_a,2023-08-23
CHG-02000,P-0447,5,tolerance_tightening,cost_reduction,mech_a,2023-05-26
CHG-02001,P-0447,6,feature_add,test_failure,mech_a,2023-04-21
CHG-02002,P-0448,1,material_change,test_failure,elec_a,2025-11-06
CHG-02003,P-0448,2,feature_remove,supplier_issue,elec_a,2025-03-18
CHG-02004,P-0448,3,drawing_note,design_review,elec_a,2025-04-08
CHG-02005,P-0448,4,dimension_update,design_review,elec_a,2025-11-07
CHG-02006,P-0448,5,feature_add,customer_request,elec_a,2025-01-07
CHG-02007,P-0448,6,tolerance_tightening,test_failure,elec_a,2025-07-23
CHG-02008,P-0448,7,tolerance_tightening,design_review,elec_a,2025-03-15
CHG-02009,P-0449,1,dimension_update,customer_request,mech_b,2022-10-08
CHG-02010,P-0449,2,dimension_update,design_review,mech_b,2023-01-13
CHG-02011,P-0449,3,feature_remove,customer_request,mech_b,2022-07-03
CHG-02012,P-0449,4,feature_remove,design_review,mech_b,2023-01-27
CHG-02013,P-0449,5,material_change,customer_request,mech_b,2023-03-03
CHG-02014,P-0450,1,feature_add,test_failure,mech_a,2025-04-06
CHG-02015,P-0450,2,dimension_update,customer_request,mech_a,2025-03-12
CHG-02016,P-0450,3,feature_remove,test_failure,mech_a,2024-08-14
CHG-02017,P-0451,1,dimension_update,cost_reduction,hw_integration,2025-11-03
CHG-02018,P-0451,2,material_change,design_review,hw_integration,2025-08-06
CHG-02019,P-0451,3,feature_add,cost_reduction,hw_integration,2024-09-07
CHG-02020,P-0451,4,tolerance_tightening,customer_request,hw_integration,2025-05-07
CHG-02021,P-0451,5,dimension_update,test_failure,hw_integration,2025-01-25
CHG-02022,P-0452,1,feature_remove,supplier_issue,hw_integration,2025-03-07
CHG-02023,P-0452,2,material_change,cost_reduction,hw_integration,2025-03-15
CHG-02024,P-0452,3,tolerance_tightening,customer_request,hw_integration,2025-06-14
CHG-02025,P-0452,4,feature_add,test_failure,hw_integration,2025-08-15
CHG-02026,P-0453,1,feature_remove,test_failure,hw_integration,2025-08-04
CHG-02027,P-0453,2,feature_add,design_review,hw_integration,2025-09-04
CHG-02028,P-0453,3,tolerance_tightening,customer_request,hw_integration,2026-08-15
CHG-02029,P-0453,4,feature_remove,design_review,hw_integration,2026-06-15
CHG-02030,P-0453,5,feature_add,test_failure,hw_integration,2025-10-02
CHG-02031,P-0454,1,tolerance_tightening,supplier_issue,hw_integration,2024-04-03
CHG-02032,P-0454,2,tolerance_tightening,supplier_issue,hw_integration,2025-01-27
CHG-02033,P-0454,3,dimension_update,cost_reduction,hw_integration,2024-06-22
CHG-02034,P-0454,4,feature_remove,test_failure,hw_integration,2025-03-08
CHG-02035,P-0454,5,feature_add,supplier_issue,hw_integration,2024-06-18
CHG-02036,P-0455,1,tolerance_tightening,test_failure,mech_a,2025-03-07
CHG-02037,P-0455,2,tolerance_tightening,test_failure,mech_a,2024-05-24
CHG-02038,P-0455,3,feature_remove,customer_request,mech_a,2024-03-08
CHG-02039,P-0455,4,feature_remove,design_review,mech_a,2025-03-16
CHG-02040,P-0455,5,tolerance_tightening,design_review,mech_a,2024-03-13
CHG-02041,P-0455,6,feature_add,supplier_issue,mech_a,2024-04-05
CHG-02042,P-0456,1,dimension_update,design_review,hw_integration,2024-11-14
CHG-02043,P-0456,2,feature_add,test_failure,hw_integration,2025-01-29
CHG-02044,P-0456,3,drawing_note,test_failure,hw_integration,2024-07-02
CHG-02045,P-0456,4,tolerance_tightening,design_review,hw_integration,2024-08-02
CHG-02046,P-0456,5,tolerance_tightening,cost_reduction,hw_integration,2024-12-02
CHG-02047,P-0457,1,drawing_note,design_review,hw_integration,2024-02-22
CHG-02048,P-0457,2,tolerance_tightening,cost_reduction,hw_integration,2024-02-11
CHG-02049,P-0458,1,drawing_note,test_failure,hw_integration,2023-12-05
CHG-02050,P-0458,2,drawing_note,cost_reduction,hw_integration,2023-12-16
CHG-02051,P-0458,3,feature_add,design_review,hw_integration,2022-12-02
CHG-02052,P-0458,4,material_change,customer_request,hw_integration,2024-01-18
CHG-02053,P-0458,5,tolerance_tightening,supplier_issue,hw_integration,2023-05-24
CHG-02054,P-0458,6,feature_add,cost_reduction,hw_integration,2023-03-08
CHG-02055,P-0459,1,tolerance_tightening,test_failure,mech_b,2026-07-13
CHG-02056,P-0459,2,tolerance_tightening,test_failure,mech_b,2026-06-14
CHG-02057,P-0459,3,drawing_note,customer_request,mech_b,2025-07-31
CHG-02058,P-0459,4,material_change,design_review,mech_b,2025-07-25
CHG-02059,P-0459,5,material_change,design_review,mech_b,2025-09-05
CHG-02060,P-0460,1,tolerance_tightening,design_review,mech_b,2026-01-27
CHG-02061,P-0460,2,drawing_note,cost_reduction,mech_b,2026-10-08
CHG-02062,P-0460,3,dimension_update,cost_reduction,mech_b,2025-08-30
CHG-02063,P-0461,1,tolerance_tightening,supplier_issue,hw_integration,2025-09-08
CHG-02064,P-0461,2,tolerance_tightening,design_review,hw_integration,2025-04-05
CHG-02065,P-0461,3,tolerance_tightening,customer_request,hw_integration,2026-06-15
CHG-02066,P-0461,4,feature_remove,supplier_issue,hw_integration,2026-04-04
CHG-02067,P-0461,5,drawing_note,cost_reduction,hw_integration,2025-07-30
CHG-02068,P-0461,6,drawing_note,design_review,hw_integration,2025-07-02
CHG-02069,P-0462,1,material_change,customer_request,mech_a,2025-09-26
CHG-02070,P-0462,2,dimension_update,customer_request,mech_a,2025-05-31
CHG-02071,P-0462,3,dimension_update,design_review,mech_a,2025-07-20
CHG-02072,P-0462,4,drawing_note,cost_reduction,mech_a,2025-11-29
CHG-02073,P-0462,5,drawing_note,cost_reduction,mech_a,2025-05-17
CHG-02074,P-0462,6,feature_add,supplier_issue,mech_a,2025-02-14
CHG-02075,P-0463,1,tolerance_tightening,test_failure,elec_a,2023-02-25
CHG-02076,P-0463,2,feature_add,design_review,elec_a,2022-10-15
CHG-02077,P-0463,3,dimension_update,design_review,elec_a,2023-09-08
CHG-02078,P-0464,1,dimension_update,test_failure,hw_integration,2023-05-20
CHG-02079,P-0464,2,feature_add,design_review,hw_integration,2023-07-03
CHG-02080,P-0464,3,feature_remove,cost_reduction,hw_integration,2023-11-28
CHG-02081,P-0464,4,material_change,design_review,hw_integration,2023-10-04
CHG-02082,P-0464,5,feature_add,test_failure,hw_integration,2023-09-16
CHG-02083,P-0464,6,drawing_note,design_review,hw_integration,2023-11-10
CHG-02084,P-0465,1,feature_remove,customer_request,hw_integration,2024-01-07
CHG-02085,P-0465,2,drawing_note,customer_request,hw_integration,2024-04-24
CHG-02086,P-0465,3,dimension_update,test_failure,hw_integration,2023-10-01
CHG-02087,P-0465,4,material_change,test_failure,hw_integration,2023-10-23
CHG-02088,P-0465,5,feature_remove,cost_reduction,hw_integration,2023-11-15
CHG-02089,P-0465,6,drawing_note,customer_request,hw_integration,2024-01-27
CHG-02090,P-0465,7,material_change,customer_request,hw_integration,2023-06-27
CHG-02091,P-0465,8,drawing_note,cost_reduction,hw_integration,2023-07-20
CHG-02092,P-0466,1,tolerance_tightening,test_failure,elec_a,2024-01-20
CHG-02093,P-0466,2,drawing_note,design_review,elec_a,2023-11-06
CHG-02094,P-0467,1,dimension_update,test_failure,hw_integration,2023-05-30
CHG-02095,P-0467,2,feature_add,design_review,hw_integration,2023-04-12
CHG-02096,P-0467,3,drawing_note,design_review,hw_integration,2023-02-25
CHG-02097,P-0468,1,material_change,supplier_issue,hw_integration,2025-06-11
CHG-02098,P-0468,2,drawing_note,cost_reduction,hw_integration,2025-03-12
CHG-02099,P-0468,3,dimension_update,design_review,hw_integration,2025-03-23
CHG-02100,P-0469,1,tolerance_tightening,design_review,hw_integration,2023-03-01
CHG-02101,P-0469,2,drawing_note,supplier_issue,hw_integration,2022-10-29
CHG-02102,P-0469,3,dimension_update,cost_reduction,hw_integration,2022-05-01
CHG-02103,P-0469,4,feature_remove,test_failure,hw_integration,2023-05-27
CHG-02104,P-0469,5,drawing_note,test_failure,hw_integration,2023-01-25
CHG-02105,P-0469,6,material_change,cost_reduction,hw_integration,2023-01-02
CHG-02106,P-0470,1,feature_remove,design_review,mech_a,2025-07-17
CHG-02107,P-0470,2,dimension_update,cost_reduction,mech_a,2026-01-06
CHG-02108,P-0470,3,feature_add,customer_request,mech_a,2025-07-16
CHG-02109,P-0470,4,tolerance_tightening,cost_reduction,mech_a,2025-05-30
CHG-02110,P-0470,5,drawing_note,design_review,mech_a,2026-05-20
CHG-02111,P-0471,1,feature_add,design_review,mech_a,2024-10-12
CHG-02112,P-0471,2,feature_add,test_failure,mech_a,2024-12-09
CHG-02113,P-0472,1,feature_add,test_failure,mech_b,2024-01-10
CHG-02114,P-0472,2,drawing_note,design_review,mech_b,2023-07-12
CHG-02115,P-0472,3,tolerance_tightening,customer_request,mech_b,2024-01-24
CHG-02116,P-0472,4,dimension_update,test_failure,mech_b,2024-05-22
CHG-02117,P-0472,5,drawing_note,design_review,mech_b,2024-09-07
CHG-02118,P-0473,1,drawing_note,design_review,mech_b,2024-04-14
CHG-02119,P-0474,1,feature_add,test_failure,mech_b,2024-11-12
CHG-02120,P-0475,1,drawing_note,cost_reduction,mech_a,2023-12-14
CHG-02121,P-0475,2,dimension_update,design_review,mech_a,2024-03-06
CHG-02122,P-0475,3,tolerance_tightening,supplier_issue,mech_a,2025-03-09
CHG-02123,P-0475,4,tolerance_tightening,design_review,mech_a,2025-02-15
CHG-02124,P-0475,5,material_change,test_failure,mech_a,2024-12-04
CHG-02125,P-0475,6,dimension_update,test_failure,mech_a,2024-12-27
CHG-02126,P-0476,1,drawing_note,supplier_issue,elec_a,2024-04-11
CHG-02127,P-0476,2,feature_remove,cost_reduction,elec_a,2023-04-21
CHG-02128,P-0476,3,feature_remove,test_failure,elec_a,2023-10-04
CHG-02129,P-0476,4,feature_add,test_failure,elec_a,2023-06-08
CHG-02130,P-0477,1,drawing_note,design_review,mech_a,2023-08-07
CHG-02131,P-0477,2,feature_add,design_review,mech_a,2024-03-26
CHG-02132,P-0477,3,tolerance_tightening,test_failure,mech_a,2024-05-21
CHG-02133,P-0477,4,dimension_update,design_review,mech_a,2023-02-15
CHG-02134,P-0477,5,tolerance_tightening,test_failure,mech_a,2024-01-16
CHG-02135,P-0477,6,drawing_note,supplier_issue,mech_a,2024-04-16
CHG-02136,P-0477,7,drawing_note,customer_request,mech_a,2023-11-19
CHG-02137,P-0478,1,drawing_note,customer_request,hw_integration,2024-07-08
CHG-02138,P-0478,2,feature_add,supplier_issue,hw_integration,2023-12-08
CHG-02139,P-0478,3,feature_remove,design_review,hw_integration,2023-10-15
CHG-02140,P-0478,4,drawing_note,design_review,hw_integration,2023-09-04
CHG-02141,P-0478,5,tolerance_tightening,supplier_issue,hw_integration,2023-12-25
CHG-02142,P-0479,1,dimension_update,design_review,elec_a,2023-01-27
CHG-02143,P-0479,2,dimension_update,customer_request,elec_a,2023-03-18
CHG-02144,P-0479,3,feature_remove,design_review,elec_a,2023-10-11
CHG-02145,P-0479,4,feature_remove,cost_reduction,elec_a,2023-07-09
CHG-02146,P-0479,5,feature_remove,customer_request,elec_a,2023-10-07
CHG-02147,P-0480,1,feature_remove,customer_request,hw_integration,2023-02-14
CHG-02148,P-0480,2,tolerance_tightening,design_review,hw_integration,2023-12-09
CHG-02149,P-0480,3,tolerance_tightening,supplier_issue,hw_integration,2023-08-04
CHG-02150,P-0481,1,tolerance_tightening,supplier_issue,mech_a,2024-08-11
CHG-02151,P-0481,2,dimension_update,test_failure,mech_a,2024-06-29
CHG-02152,P-0482,1,feature_remove,test_failure,mech_b,2022-02-09
CHG-02153,P-0482,2,feature_add,test_failure,mech_b,2022-08-09
CHG-02154,P-0483,1,dimension_update,test_failure,hw_integration,2024-02-10
CHG-02155,P-0483,2,material_change,design_review,hw_integration,2024-01-31
CHG-02156,P-0483,3,feature_remove,supplier_issue,hw_integration,2023-12-24
CHG-02157,P-0483,4,feature_add,supplier_issue,hw_integration,2023-10-06
CHG-02158,P-0484,1,feature_remove,test_failure,mech_b,2023-08-16
CHG-02159,P-0484,2,drawing_note,supplier_issue,mech_b,2024-07-14
CHG-02160,P-0485,1,feature_remove,customer_request,elec_a,2023-03-25
CHG-02161,P-0485,2,material_change,customer_request,elec_a,2022-02-21
CHG-02162,P-0485,3,feature_add,supplier_issue,elec_a,2022-10-17
CHG-02163,P-0485,4,feature_add,test_failure,elec_a,2023-05-08
CHG-02164,P-0485,5,dimension_update,design_review,elec_a,2022-11-12
CHG-02165,P-0485,6,material_change,design_review,elec_a,2022-05-14
CHG-02166,P-0485,7,dimension_update,design_review,elec_a,2023-03-21
CHG-02167,P-0486,1,drawing_note,customer_request,mech_a,2023-12-08
CHG-02168,P-0486,2,feature_add,design_review,mech_a,2024-05-22
CHG-02169,P-0486,3,tolerance_tightening,design_review,mech_a,2023-11-04
CHG-02170,P-0486,4,dimension_update,design_review,mech_a,2024-02-21
CHG-02171,P-0486,5,drawing_note,test_failure,mech_a,2024-10-11
CHG-02172,P-0486,6,tolerance_tightening,test_failure,mech_a,2024-05-13
CHG-02173,P-0487,1,feature_add,customer_request,hw_integration,2025-04-03
CHG-02174,P-0487,2,tolerance_tightening,test_failure,hw_integration,2025-02-04
CHG-02175,P-0487,3,drawing_note,customer_request,hw_integration,2025-01-07
CHG-02176,P-0487,4,feature_remove,cost_reduction,hw_integration,2024-08-23
CHG-02177,P-0488,1,material_change,test_failure,mech_b,2025-06-18
CHG-02178,P-0488,2,dimension_update,cost_reduction,mech_b,2025-07-28
CHG-02179,P-0488,3,feature_remove,test_failure,mech_b,2025-03-28
CHG-02180,P-0488,4,feature_remove,design_review,mech_b,2025-10-14
CHG-02181,P-0488,5,dimension_update,cost_reduction,mech_b,2025-07-24
CHG-02182,P-0489,1,dimension_update,design_review,hw_integration,2024-07-19
CHG-02183,P-0489,2,dimension_update,design_review,hw_integration,2024-03-21
CHG-02184,P-0489,3,tolerance_tightening,cost_reduction,hw_integration,2024-07-30
CHG-02185,P-0489,4,tolerance_tightening,supplier_issue,hw_integration,2024-07-23
CHG-02186,P-0489,5,material_change,cost_reduction,hw_integration,2023-09-27
CHG-02187,P-0489,6,tolerance_tightening,cost_reduction,hw_integration,2024-04-09
CHG-02188,P-0490,1,material_change,test_failure,mech_b,2024-12-11
CHG-02189,P-0490,2,tolerance_tightening,test_failure,mech_b,2025-02-25
CHG-02190,P-0490,3,tolerance_tightening,test_failure,mech_b,2025-01-07
CHG-02191,P-0490,4,drawing_note,supplier_issue,mech_b,2023-12-21
CHG-02192,P-0491,1,material_change,cost_reduction,mech_a,2023-06-14
CHG-02193,P-0491,2,tolerance_tightening,cost_reduction,mech_a,2022-08-08
CHG-02194,P-0491,3,tolerance_tightening,test_failure,mech_a,2022-07-14
CHG-02195,P-0492,1,tolerance_tightening,supplier_issue,elec_a,2024-01-19
CHG-02196,P-0492,2,feature_remove,supplier_issue,elec_a,2024-01-16
CHG-02197,P-0492,3,feature_add,test_failure,elec_a,2024-03-30
CHG-02198,P-0492,4,material_change,cost_reduction,elec_a,2023-05-22
CHG-02199,P-0492,5,material_change,customer_request,elec_a,2023-11-17
CHG-02200,P-0492,6,drawing_note,customer_request,elec_a,2024-06-17
CHG-02201,P-0492,7,feature_add,cost_reduction,elec_a,2023-11-21
CHG-02202,P-0492,8,material_change,design_review,elec_a,2023-08-07
CHG-02203,P-0493,1,feature_remove,cost_reduction,mech_b,2024-12-15
CHG-02204,P-0494,1,material_change,customer_request,mech_b,2024-10-19
CHG-02205,P-0494,2,dimension_update,design_review,mech_b,2024-01-22
CHG-02206,P-0494,3,tolerance_tightening,design_review,mech_b,2024-10-26
CHG-02207,P-0494,4,feature_add,test_failure,mech_b,2023-12-09
CHG-02208,P-0494,5,feature_add,cost_reduction,mech_b,2024-09-26
CHG-02209,P-0494,6,feature_remove,cost_reduction,mech_b,2024-07-20
CHG-02210,P-0494,7,dimension_update,supplier_issue,mech_b,2024-07-22
CHG-02211,P-0495,1,material_change,test_failure,hw_integration,2025-11-01
CHG-02212,P-0495,2,tolerance_tightening,design_review,hw_integration,2025-12-02
CHG-02213,P-0495,3,tolerance_tightening,design_review,hw_integration,2025-08-06
CHG-02214,P-0495,4,dimension_update,test_failure,hw_integration,2026-06-11
CHG-02215,P-0495,5,material_change,design_review,hw_integration,2026-08-15
CHG-02216,P-0496,1,dimension_update,supplier_issue,mech_b,2025-11-21
CHG-02217,P-0496,2,drawing_note,supplier_issue,mech_b,2025-01-14
CHG-02218,P-0496,3,feature_add,design_review,mech_b,2025-10-03
CHG-02219,P-0496,4,drawing_note,test_failure,mech_b,2024-12-17
CHG-02220,P-0496,5,feature_remove,design_review,mech_b,2025-05-12
CHG-02221,P-0496,6,drawing_note,test_failure,mech_b,2025-01-15
CHG-02222,P-0496,7,dimension_update,test_failure,mech_b,2025-07-02
CHG-02223,P-0497,1,drawing_note,design_review,mech_b,2026-02-10
CHG-02224,P-0497,2,feature_remove,test_failure,mech_b,2025-08-29
CHG-02225,P-0497,3,feature_remove,cost_reduction,mech_b,2025-07-29
CHG-02226,P-0497,4,feature_add,supplier_issue,mech_b,2026-06-28
CHG-02227,P-0498,1,feature_remove,design_review,elec_a,2024-09-13
CHG-02228,P-0498,2,drawing_note,cost_reduction,elec_a,2024-03-04
CHG-02229,P-0498,3,feature_remove,design_review,elec_a,2024-06-05
CHG-02230,P-0499,1,drawing_note,customer_request,mech_a,2022-07-25
CHG-02231,P-0499,2,feature_add,test_failure,mech_a,2023-06-27
CHG-02232,P-0499,3,material_change,test_failure,mech_a,2022-11-25
CHG-02233,P-0500,1,tolerance_tightening,test_failure,hw_integration,2024-04-15
CHG-02234,P-0500,2,material_change,test_failure,hw_integration,2025-03-02
CHG-02235,P-0500,3,dimension_update,test_failure,hw_integration,2025-04-09
CHG-02236,P-0500,4,feature_remove,customer_request,hw_integration,2023-12-12
CHG-02237,P-0500,5,dimension_update,supplier_issue,hw_integration,2024-04-06
CHG-02238,P-0501,1,dimension_update,cost_reduction,mech_a,2026-07-17
CHG-02239,P-0501,2,material_change,cost_reduction,mech_a,2026-04-20
CHG-02240,P-0501,3,drawing_note,design_review,mech_a,2026-03-30
CHG-02241,P-0501,4,tolerance_tightening,cost_reduction,mech_a,2025-11-28
CHG-02242,P-0502,1,drawing_note,customer_request,mech_a,2023-02-06
CHG-02243,P-0502,2,drawing_note,cost_reduction,mech_a,2023-11-01
CHG-02244,P-0502,3,drawing_note,test_failure,mech_a,2023-02-15
CHG-02245,P-0502,4,tolerance_tightening,supplier_issue,mech_a,2023-08-04
CHG-02246,P-0502,5,material_change,supplier_issue,mech_a,2022-12-31
CHG-02247,P-0503,1,drawing_note,test_failure,mech_a,2025-10-15
CHG-02248,P-0503,2,feature_add,test_failure,mech_a,2026-05-31
CHG-02249,P-0503,3,dimension_update,design_review,mech_a,2025-09-12
CHG-02250,P-0504,1,tolerance_tightening,cost_reduction,mech_b,2022-11-21
CHG-02251,P-0504,2,feature_add,test_failure,mech_b,2022-02-21
CHG-02252,P-0504,3,feature_add,design_review,mech_b,2023-02-17
CHG-02253,P-0505,1,drawing_note,supplier_issue,elec_a,2024-10-03
CHG-02254,P-0505,2,drawing_note,cost_reduction,elec_a,2025-05-26
CHG-02255,P-0505,3,drawing_note,supplier_issue,elec_a,2024-06-16
CHG-02256,P-0506,1,dimension_update,design_review,elec_a,2026-05-06
CHG-02257,P-0506,2,feature_remove,test_failure,elec_a,2026-01-08
CHG-02258,P-0507,1,feature_remove,cost_reduction,hw_integration,2022-11-05
CHG-02259,P-0507,2,drawing_note,design_review,hw_integration,2023-03-30
CHG-02260,P-0507,3,drawing_note,cost_reduction,hw_integration,2023-02-02
CHG-02261,P-0507,4,tolerance_tightening,design_review,hw_integration,2022-10-12
CHG-02262,P-0507,5,tolerance_tightening,design_review,hw_integration,2023-11-10
CHG-02263,P-0507,6,feature_add,design_review,hw_integration,2023-06-29
CHG-02264,P-0507,7,tolerance_tightening,supplier_issue,hw_integration,2023-11-19
CHG-02265,P-0508,1,tolerance_tightening,design_review,hw_integration,2024-02-21
CHG-02266,P-0508,2,drawing_note,customer_request,hw_integration,2023-08-26
CHG-02267,P-0509,1,tolerance_tightening,test_failure,mech_b,2025-11-13
CHG-02268,P-0509,2,drawing_note,test_failure,mech_b,2026-03-07
CHG-02269,P-0509,3,drawing_note,customer_request,mech_b,2025-06-23
CHG-02270,P-0509,4,material_change,cost_reduction,mech_b,2025-05-07
CHG-02271,P-0509,5,feature_add,customer_request,mech_b,2025-01-03
CHG-02272,P-0509,6,feature_add,cost_reduction,mech_b,2026-02-10
CHG-02273,P-0509,7,tolerance_tightening,supplier_issue,mech_b,2024-11-23
CHG-02274,P-0510,1,feature_add,design_review,hw_integration,2024-07-15
CHG-02275,P-0510,2,material_change,customer_request,hw_integration,2023-04-28
CHG-02276,P-0510,3,feature_add,design_review,hw_integration,2024-01-15
CHG-02277,P-0510,4,tolerance_tightening,customer_request,hw_integration,2023-12-04
CHG-02278,P-0510,5,material_change,test_failure,hw_integration,2024-07-24
CHG-02279,P-0510,6,material_change,test_failure,hw_integration,2024-04-13
CHG-02280,P-0510,7,dimension_update,cost_reduction,hw_integration,2023-10-05
CHG-02281,P-0510,8,feature_remove,test_failure,hw_integration,2023-08-01
CHG-02282,P-0511,1,material_change,design_review,mech_a,2024-10-13
CHG-02283,P-0511,2,tolerance_tightening,customer_request,mech_a,2024-09-09
CHG-02284,P-0511,3,tolerance_tightening,supplier_issue,mech_a,2024-07-14
CHG-02285,P-0511,4,material_change,customer_request,mech_a,2024-06-12
CHG-02286,P-0511,5,feature_add,customer_request,mech_a,2024-08-14
CHG-02287,P-0511,6,material_change,test_failure,mech_a,2025-02-11
CHG-02288,P-0512,1,dimension_update,supplier_issue,mech_a,2022-08-02
CHG-02289,P-0512,2,material_change,design_review,mech_a,2023-07-02
CHG-02290,P-0513,1,feature_remove,supplier_issue,mech_b,2025-04-02
CHG-02291,P-0513,2,tolerance_tightening,cost_reduction,mech_b,2025-09-12
CHG-02292,P-0513,3,feature_add,customer_request,mech_b,2025-03-08
CHG-02293,P-0513,4,feature_remove,customer_request,mech_b,2025-09-08
CHG-02294,P-0514,1,drawing_note,customer_request,elec_a,2024-11-25
CHG-02295,P-0514,2,feature_add,test_failure,elec_a,2024-01-06
CHG-02296,P-0514,3,feature_add,test_failure,elec_a,2024-12-21
CHG-02297,P-0515,1,feature_add,cost_reduction,mech_a,2023-12-07
CHG-02298,P-0515,2,feature_remove,design_review,mech_a,2025-01-30
CHG-02299,P-0515,3,tolerance_tightening,test_failure,mech_a,2025-02-02
CHG-02300,P-0515,4,dimension_update,design_review,mech_a,2024-07-12
CHG-02301,P-0515,5,feature_remove,customer_request,mech_a,2024-10-19
CHG-02302,P-0516,1,drawing_note,customer_request,hw_integration,2025-11-19
CHG-02303,P-0516,2,feature_add,test_failure,hw_integration,2024-09-08
CHG-02304,P-0516,3,feature_add,supplier_issue,hw_integration,2024-09-08
CHG-02305,P-0516,4,feature_remove,design_review,hw_integration,2025-11-27
CHG-02306,P-0516,5,drawing_note,test_failure,hw_integration,2025-04-18
CHG-02307,P-0516,6,tolerance_tightening,cost_reduction,hw_integration,2024-10-18
CHG-02308,P-0516,7,dimension_update,test_failure,hw_integration,2025-02-11
CHG-02309,P-0516,8,dimension_update,design_review,hw_integration,2025-11-21
CHG-02310,P-0517,1,tolerance_tightening,cost_reduction,mech_b,2024-04-29
CHG-02311,P-0517,2,tolerance_tightening,supplier_issue,mech_b,2024-06-04
CHG-02312,P-0517,3,tolerance_tightening,design_review,mech_b,2024-02-17
CHG-02313,P-0517,4,dimension_update,customer_request,mech_b,2024-09-01
CHG-02314,P-0517,5,material_change,customer_request,mech_b,2024-04-16
CHG-02315,P-0517,6,dimension_update,customer_request,mech_b,2023-11-18
CHG-02316,P-0518,1,feature_remove,supplier_issue,mech_b,2024-06-23
CHG-02317,P-0518,2,material_change,supplier_issue,mech_b,2025-06-20
CHG-02318,P-0518,3,drawing_note,design_review,mech_b,2025-08-08
CHG-02319,P-0518,4,feature_remove,supplier_issue,mech_b,2025-09-11
CHG-02320,P-0518,5,feature_add,test_failure,mech_b,2024-11-13
CHG-02321,P-0518,6,drawing_note,test_failure,mech_b,2024-11-10
CHG-02322,P-0519,1,dimension_update,cost_reduction,elec_a,2023-08-24
CHG-02323,P-0519,2,tolerance_tightening,test_failure,elec_a,2024-04-18
CHG-02324,P-0520,1,drawing_note,cost_reduction,mech_b,2026-03-25
CHG-02325,P-0520,2,material_change,customer_request,mech_b,2025-01-11
CHG-02326,P-0520,3,material_change,test_failure,mech_b,2025-03-31
CHG-02327,P-0520,4,feature_remove,design_review,mech_b,2026-03-23
CHG-02328,P-0521,1,dimension_update,supplier_issue,mech_b,2024-07-16
CHG-02329,P-0521,2,tolerance_tightening,test_failure,mech_b,2025-02-07
CHG-02330,P-0521,3,feature_remove,customer_request,mech_b,2024-10-16
CHG-02331,P-0521,4,drawing_note,design_review,mech_b,2024-01-28
CHG-02332,P-0522,1,feature_add,design_review,hw_integration,2024-03-11
CHG-02333,P-0522,2,drawing_note,design_review,hw_integration,2023-08-29
CHG-02334,P-0522,3,dimension_update,design_review,hw_integration,2023-03-09
CHG-02335,P-0522,4,feature_remove,supplier_issue,hw_integration,2023-12-20
CHG-02336,P-0522,5,dimension_update,supplier_issue,hw_integration,2023-01-20
CHG-02337,P-0522,6,tolerance_tightening,design_review,hw_integration,2023-02-04
CHG-02338,P-0523,1,drawing_note,test_failure,mech_b,2025-06-18
CHG-02339,P-0523,2,feature_remove,test_failure,mech_b,2025-10-01
CHG-02340,P-0523,3,dimension_update,customer_request,mech_b,2025-05-19
CHG-02341,P-0524,1,material_change,cost_reduction,mech_a,2023-07-30
CHG-02342,P-0524,2,feature_add,customer_request,mech_a,2023-11-28
CHG-02343,P-0525,1,drawing_note,design_review,elec_a,2025-09-23
CHG-02344,P-0525,2,material_change,supplier_issue,elec_a,2026-05-11
CHG-02345,P-0525,3,dimension_update,test_failure,elec_a,2026-03-23
CHG-02346,P-0525,4,tolerance_tightening,customer_request,elec_a,2025-11-16
CHG-02347,P-0525,5,drawing_note,design_review,elec_a,2025-12-05
CHG-02348,P-0525,6,dimension_update,customer_request,elec_a,2025-08-23
CHG-02349,P-0526,1,dimension_update,design_review,elec_a,2025-08-11
CHG-02350,P-0526,2,feature_remove,design_review,elec_a,2025-11-03
CHG-02351,P-0526,3,feature_add,design_review,elec_a,2025-10-25
CHG-02352,P-0526,4,feature_add,design_review,elec_a,2026-06-21
CHG-02353,P-0527,1,feature_remove,supplier_issue,mech_a,2025-01-23
CHG-02354,P-0527,2,tolerance_tightening,customer_request,mech_a,2024-05-24
CHG-02355,P-0527,3,tolerance_tightening,design_review,mech_a,2024-06-03
CHG-02356,P-0527,4,feature_add,design_review,mech_a,2025-01-30
CHG-02357,P-0527,5,material_change,customer_request,mech_a,2024-12-02
CHG-02358,P-0528,1,dimension_update,test_failure,hw_integration,2024-03-25
CHG-02359,P-0528,2,feature_add,design_review,hw_integration,2024-05-15
CHG-02360,P-0528,3,drawing_note,supplier_issue,hw_integration,2023-12-10
CHG-02361,P-0528,4,dimension_update,design_review,hw_integration,2024-01-13
CHG-02362,P-0528,5,feature_remove,supplier_issue,hw_integration,2024-06-24
CHG-02363,P-0528,6,feature_remove,customer_request,hw_integration,2024-01-16
CHG-02364,P-0528,7,feature_remove,supplier_issue,hw_integration,2024-08-28
CHG-02365,P-0529,1,material_change,supplier_issue,mech_b,2023-10-20
CHG-02366,P-0529,2,feature_remove,supplier_issue,mech_b,2023-08-22
CHG-02367,P-0529,3,feature_add,design_review,mech_b,2023-11-09
CHG-02368,P-0529,4,tolerance_tightening,customer_request,mech_b,2023-06-19
CHG-02369,P-0529,5,dimension_update,supplier_issue,mech_b,2024-02-20
CHG-02370,P-0529,6,drawing_note,design_review,mech_b,2023-01-02
CHG-02371,P-0529,7,drawing_note,customer_request,mech_b,2024-04-09
CHG-02372,P-0530,1,tolerance_tightening,customer_request,mech_a,2025-11-19
CHG-02373,P-0530,2,drawing_note,supplier_issue,mech_a,2025-02-23
CHG-02374,P-0530,3,feature_remove,customer_request,mech_a,2025-05-20
CHG-02375,P-0530,4,dimension_update,cost_reduction,mech_a,2025-08-23
CHG-02376,P-0530,5,dimension_update,design_review,mech_a,2025-02-21
CHG-02377,P-0531,1,drawing_note,test_failure,mech_a,2023-04-30
CHG-02378,P-0531,2,feature_add,cost_reduction,mech_a,2024-02-16
CHG-02379,P-0531,3,material_change,test_failure,mech_a,2024-01-13
CHG-02380,P-0531,4,material_change,customer_request,mech_a,2023-07-16
CHG-02381,P-0531,5,dimension_update,test_failure,mech_a,2023-10-04
CHG-02382,P-0531,6,drawing_note,cost_reduction,mech_a,2023-06-03
CHG-02383,P-0531,7,feature_remove,test_failure,mech_a,2023-05-26
CHG-02384,P-0531,8,drawing_note,customer_request,mech_a,2023-04-21
CHG-02385,P-0532,1,material_change,cost_reduction,elec_a,2025-01-04
CHG-02386,P-0532,2,feature_remove,cost_reduction,elec_a,2025-03-13
CHG-02387,P-0532,3,dimension_update,design_review,elec_a,2025-02-20
CHG-02388,P-0532,4,drawing_note,test_failure,elec_a,2025-03-05
CHG-02389,P-0532,5,feature_remove,design_review,elec_a,2024-05-29
CHG-02390,P-0533,1,material_change,test_failure,mech_a,2025-03-26
CHG-02391,P-0534,1,feature_remove,customer_request,mech_b,2023-07-17
CHG-02392,P-0534,2,feature_add,design_review,mech_b,2022-09-10
CHG-02393,P-0535,1,material_change,cost_reduction,elec_a,2023-09-09
CHG-02394,P-0535,2,material_change,design_review,elec_a,2023-10-26
CHG-02395,P-0535,3,dimension_update,design_review,elec_a,2022-12-31
CHG-02396,P-0536,1,drawing_note,test_failure,hw_integration,2026-04-25
CHG-02397,P-0536,2,feature_add,supplier_issue,hw_integration,2025-12-16
CHG-02398,P-0536,3,tolerance_tightening,cost_reduction,hw_integration,2026-09-05
CHG-02399,P-0536,4,feature_remove,customer_request,hw_integration,2026-06-11
CHG-02400,P-0536,5,material_change,design_review,hw_integration,2025-11-12
CHG-02401,P-0536,6,feature_remove,design_review,hw_integration,2026-05-14
CHG-02402,P-0536,7,feature_add,cost_reduction,hw_integration,2025-12-11
CHG-02403,P-0537,1,feature_add,test_failure,mech_b,2026-03-10
CHG-02404,P-0537,2,feature_add,design_review,mech_b,2026-07-16
CHG-02405,P-0537,3,dimension_update,test_failure,mech_b,2026-08-01
CHG-02406,P-0537,4,dimension_update,customer_request,mech_b,2026-10-06
CHG-02407,P-0537,5,tolerance_tightening,customer_request,mech_b,2026-04-27
CHG-02408,P-0537,6,drawing_note,test_failure,mech_b,2025-11-16
CHG-02409,P-0538,1,drawing_note,design_review,hw_integration,2024-05-09
CHG-02410,P-0538,2,tolerance_tightening,design_review,hw_integration,2023-10-19
CHG-02411,P-0538,3,feature_add,cost_reduction,hw_integration,2024-02-29
CHG-02412,P-0538,4,material_change,test_failure,hw_integration,2023-12-25
CHG-02413,P-0538,5,tolerance_tightening,supplier_issue,hw_integration,2023-11-22
CHG-02414,P-0539,1,feature_add,customer_request,mech_b,2023-02-19
CHG-02415,P-0539,2,material_change,design_review,mech_b,2022-12-02
CHG-02416,P-0539,3,material_change,supplier_issue,mech_b,2023-09-12
CHG-02417,P-0539,4,drawing_note,test_failure,mech_b,2023-01-26
CHG-02418,P-0539,5,tolerance_tightening,customer_request,mech_b,2023-02-03
CHG-02419,P-0539,6,dimension_update,customer_request,mech_b,2024-02-11
CHG-02420,P-0540,1,material_change,test_failure,hw_integration,2025-05-02
CHG-02421,P-0540,2,dimension_update,design_review,hw_integration,2025-02-18
CHG-02422,P-0540,3,dimension_update,design_review,hw_integration,2024-05-28
CHG-02423,P-0541,1,dimension_update,customer_request,mech_b,2024-03-13
CHG-02424,P-0541,2,feature_add,test_failure,mech_b,2024-08-24
CHG-02425,P-0541,3,feature_add,supplier_issue,mech_b,2024-01-25
CHG-02426,P-0541,4,material_change,design_review,mech_b,2024-02-13
CHG-02427,P-0541,5,feature_add,cost_reduction,mech_b,2025-04-03
CHG-02428,P-0542,1,feature_remove,supplier_issue,mech_a,2024-01-24
CHG-02429,P-0542,2,tolerance_tightening,design_review,mech_a,2023-07-23
CHG-02430,P-0543,1,feature_add,test_failure,elec_a,2023-08-22
CHG-02431,P-0543,2,material_change,customer_request,elec_a,2023-05-20
CHG-02432,P-0543,3,tolerance_tightening,design_review,elec_a,2023-08-23
CHG-02433,P-0543,4,material_change,design_review,elec_a,2023-10-14
CHG-02434,P-0543,5,drawing_note,design_review,elec_a,2023-10-27
CHG-02435,P-0543,6,feature_add,cost_reduction,elec_a,2023-11-04
CHG-02436,P-0543,7,dimension_update,test_failure,elec_a,2023-12-10
CHG-02437,P-0543,8,feature_add,customer_request,elec_a,2023-09-13
CHG-02438,P-0543,9,feature_add,design_review,elec_a,2023-09-28
CHG-02439,P-0544,1,dimension_update,test_failure,hw_integration,2024-06-28
CHG-02440,P-0544,2,material_change,design_review,hw_integration,2025-04-19
CHG-02441,P-0544,3,tolerance_tightening,test_failure,hw_integration,2024-06-04
CHG-02442,P-0545,1,dimension_update,test_failure,hw_integration,2024-02-27
CHG-02443,P-0545,2,dimension_update,cost_reduction,hw_integration,2023-04-13
CHG-02444,P-0545,3,material_change,test_failure,hw_integration,2023-01-13
CHG-02445,P-0545,4,feature_add,test_failure,hw_integration,2023-03-12
CHG-02446,P-0545,5,tolerance_tightening,test_failure,hw_integration,2023-10-14
CHG-02447,P-0545,6,feature_remove,test_failure,hw_integration,2024-01-01
CHG-02448,P-0545,7,tolerance_tightening,supplier_issue,hw_integration,2024-04-06
CHG-02449,P-0545,8,tolerance_tightening,cost_reduction,hw_integration,2024-02-04
CHG-02450,P-0545,9,dimension_update,test_failure,hw_integration,2023-02-10
CHG-02451,P-0546,1,feature_remove,test_failure,hw_integration,2024-09-24
CHG-02452,P-0546,2,dimension_update,test_failure,hw_integration,2024-12-12
CHG-02453,P-0546,3,tolerance_tightening,design_review,hw_integration,2024-07-12
CHG-02454,P-0546,4,material_change,design_review,hw_integration,2024-01-23
CHG-02455,P-0546,5,feature_remove,test_failure,hw_integration,2024-11-21
CHG-02456,P-0547,1,drawing_note,design_review,mech_a,2024-10-03
CHG-02457,P-0547,2,material_change,supplier_issue,mech_a,2024-09-14
CHG-02458,P-0547,3,dimension_update,test_failure,mech_a,2025-04-28
CHG-02459,P-0547,4,dimension_update,design_review,mech_a,2024-10-20
CHG-02460,P-0548,1,dimension_update,design_review,elec_a,2023-09-10
CHG-02461,P-0548,2,feature_add,design_review,elec_a,2023-04-14
CHG-02462,P-0548,3,feature_add,customer_request,elec_a,2023-02-08
CHG-02463,P-0549,1,feature_remove,design_review,elec_a,2025-01-27
CHG-02464,P-0549,2,tolerance_tightening,design_review,elec_a,2024-05-12
CHG-02465,P-0549,3,material_change,customer_request,elec_a,2024-01-17
CHG-02466,P-0549,4,dimension_update,customer_request,elec_a,2024-06-06
CHG-02467,P-0549,5,drawing_note,cost_reduction,elec_a,2025-04-15
CHG-02468,P-0550,1,feature_add,cost_reduction,elec_a,2025-10-22
CHG-02469,P-0550,2,feature_remove,test_failure,elec_a,2026-08-06
CHG-02470,P-0550,3,feature_add,design_review,elec_a,2025-07-08
CHG-02471,P-0550,4,tolerance_tightening,design_review,elec_a,2025-07-13
CHG-02472,P-0550,5,feature_add,customer_request,elec_a,2026-02-24
CHG-02473,P-0551,1,feature_add,supplier_issue,mech_a,2024-03-09
CHG-02474,P-0551,2,feature_remove,supplier_issue,mech_a,2025-03-25
CHG-02475,P-0552,1,feature_remove,test_failure,mech_a,2023-08-10
CHG-02476,P-0552,2,feature_remove,design_review,mech_a,2023-10-06
CHG-02477,P-0553,1,feature_add,test_failure,elec_a,2024-12-31
CHG-02478,P-0553,2,tolerance_tightening,test_failure,elec_a,2025-02-07
CHG-02479,P-0553,3,dimension_update,cost_reduction,elec_a,2024-10-02
CHG-02480,P-0553,4,tolerance_tightening,test_failure,elec_a,2025-09-09
CHG-02481,P-0553,5,drawing_note,supplier_issue,elec_a,2025-09-07
CHG-02482,P-0554,1,feature_add,design_review,hw_integration,2023-09-26
CHG-02483,P-0554,2,feature_remove,customer_request,hw_integration,2023-11-10
CHG-02484,P-0554,3,dimension_update,cost_reduction,hw_integration,2024-08-13
CHG-02485,P-0554,4,tolerance_tightening,design_review,hw_integration,2024-04-29
CHG-02486,P-0554,5,tolerance_tightening,supplier_issue,hw_integration,2024-01-24
CHG-02487,P-0555,1,dimension_update,supplier_issue,mech_a,2025-04-04
CHG-02488,P-0555,2,drawing_note,test_failure,mech_a,2025-01-12
CHG-02489,P-0555,3,feature_remove,test_failure,mech_a,2025-10-06
CHG-02490,P-0555,4,dimension_update,design_review,mech_a,2024-07-23
CHG-02491,P-0555,5,feature_add,cost_reduction,mech_a,2025-07-17
CHG-02492,P-0555,6,tolerance_tightening,design_review,mech_a,2024-12-18
CHG-02493,P-0556,1,feature_add,test_failure,mech_a,2023-02-02
CHG-02494,P-0556,2,drawing_note,design_review,mech_a,2022-12-30
CHG-02495,P-0556,3,drawing_note,test_failure,mech_a,2023-02-22
CHG-02496,P-0556,4,feature_add,test_failure,mech_a,2022-03-08
CHG-02497,P-0556,5,feature_remove,customer_request,mech_a,2023-02-10
CHG-02498,P-0556,6,material_change,test_failure,mech_a,2023-06-10
CHG-02499,P-0557,1,feature_add,supplier_issue,mech_b,2025-06-02
CHG-02500,P-0557,2,feature_add,design_review,mech_b,2025-01-07
CHG-02501,P-0557,3,feature_remove,customer_request,mech_b,2025-04-14
CHG-02502,P-0557,4,dimension_update,test_failure,mech_b,2025-02-16
CHG-02503,P-0557,5,dimension_update,test_failure,mech_b,2025-08-04
CHG-02504,P-0558,1,drawing_note,test_failure,mech_b,2024-11-16
CHG-02505,P-0558,2,dimension_update,design_review,mech_b,2025-06-26
CHG-02506,P-0558,3,dimension_update,cost_reduction,mech_b,2025-06-03
CHG-02507,P-0558,4,feature_add,test_failure,mech_b,2025-03-07
CHG-02508,P-0559,1,drawing_note,test_failure,hw_integration,2022-10-26
CHG-02509,P-0559,2,dimension_update,design_review,hw_integration,2022-12-12
CHG-02510,P-0560,1,drawing_note,test_failure,hw_integration,2023-10-26
CHG-02511,P-0560,2,tolerance_tightening,supplier_issue,hw_integration,2024-07-23
CHG-02512,P-0560,3,feature_add,test_failure,hw_integration,2024-07-04
CHG-02513,P-0560,4,feature_remove,design_review,hw_integration,2024-07-09
CHG-02514,P-0560,5,material_change,design_review,hw_integration,2023-12-22
CHG-02515,P-0560,6,tolerance_tightening,design_review,hw_integration,2024-03-27
CHG-02516,P-0561,1,feature_add,design_review,elec_a,2024-06-17
CHG-02517,P-0561,2,tolerance_tightening,design_review,elec_a,2024-02-29
CHG-02518,P-0561,3,tolerance_tightening,cost_reduction,elec_a,2024-08-02
CHG-02519,P-0562,1,dimension_update,test_failure,hw_integration,2024-12-03
CHG-02520,P-0562,2,material_change,test_failure,hw_integration,2024-04-11
CHG-02521,P-0562,3,material_change,cost_reduction,hw_integration,2024-05-15
CHG-02522,P-0563,1,material_change,customer_request,mech_a,2024-12-11
CHG-02523,P-0563,2,feature_remove,test_failure,mech_a,2024-08-18
CHG-02524,P-0564,1,feature_add,cost_reduction,hw_integration,2024-09-26
CHG-02525,P-0564,2,tolerance_tightening,test_failure,hw_integration,2024-10-23
CHG-02526,P-0564,3,material_change,cost_reduction,hw_integration,2024-07-07
CHG-02527,P-0564,4,drawing_note,supplier_issue,hw_integration,2024-12-10
CHG-02528,P-0564,5,material_change,design_review,hw_integration,2025-09-16
CHG-02529,P-0564,6,dimension_update,test_failure,hw_integration,2025-10-07
CHG-02530,P-0564,7,tolerance_tightening,test_failure,hw_integration,2025-07-05
CHG-02531,P-0564,8,feature_add,customer_request,hw_integration,2025-07-22
CHG-02532,P-0565,1,tolerance_tightening,cost_reduction,mech_b,2025-08-06
CHG-02533,P-0565,2,drawing_note,cost_reduction,mech_b,2025-11-19
CHG-02534,P-0565,3,drawing_note,cost_reduction,mech_b,2026-04-02
CHG-02535,P-0565,4,material_change,cost_reduction,mech_b,2025-10-28
CHG-02536,P-0565,5,feature_add,design_review,mech_b,2025-11-01
CHG-02537,P-0566,1,dimension_update,cost_reduction,mech_b,2025-01-09
CHG-02538,P-0566,2,material_change,cost_reduction,mech_b,2025-10-04
CHG-02539,P-0566,3,feature_add,design_review,mech_b,2024-10-04
CHG-02540,P-0566,4,tolerance_tightening,supplier_issue,mech_b,2025-01-28
CHG-02541,P-0567,1,drawing_note,customer_request,mech_a,2023-09-01
CHG-02542,P-0567,2,material_change,cost_reduction,mech_a,2023-06-09
CHG-02543,P-0567,3,feature_add,customer_request,mech_a,2024-01-24
CHG-02544,P-0567,4,feature_remove,test_failure,mech_a,2023-04-16
CHG-02545,P-0567,5,feature_remove,test_failure,mech_a,2023-04-11
CHG-02546,P-0567,6,feature_remove,cost_reduction,mech_a,2023-02-15
CHG-02547,P-0568,1,tolerance_tightening,cost_reduction,mech_a,2025-09-15
CHG-02548,P-0568,2,feature_remove,cost_reduction,mech_a,2025-08-09
CHG-02549,P-0568,3,drawing_note,design_review,mech_a,2026-08-24
CHG-02550,P-0568,4,dimension_update,supplier_issue,mech_a,2026-03-26
CHG-02551,P-0568,5,dimension_update,design_review,mech_a,2026-06-28
CHG-02552,P-0568,6,tolerance_tightening,customer_request,mech_a,2026-08-14
CHG-02553,P-0569,1,feature_remove,test_failure,mech_a,2024-03-09
CHG-02554,P-0569,2,feature_add,design_review,mech_a,2024-08-15
CHG-02555,P-0569,3,feature_remove,design_review,mech_a,2024-04-01
CHG-02556,P-0569,4,material_change,design_review,mech_a,2024-01-29
CHG-02557,P-0570,1,drawing_note,supplier_issue,mech_b,2025-10-31
CHG-02558,P-0570,2,dimension_update,test_failure,mech_b,2025-02-08
CHG-02559,P-0570,3,dimension_update,supplier_issue,mech_b,2025-07-29
CHG-02560,P-0570,4,drawing_note,supplier_issue,mech_b,2025-02-27
CHG-02561,P-0570,5,drawing_note,customer_request,mech_b,2025-07-23
CHG-02562,P-0571,1,tolerance_tightening,design_review,mech_a,2024-02-07
CHG-02563,P-0571,2,dimension_update,design_review,mech_a,2024-07-09
CHG-02564,P-0571,3,material_change,cost_reduction,mech_a,2023-10-02
CHG-02565,P-0571,4,feature_remove,design_review,mech_a,2024-01-22
CHG-02566,P-0572,1,tolerance_tightening,cost_reduction,mech_a,2023-04-07
CHG-02567,P-0572,2,tolerance_tightening,test_failure,mech_a,2023-04-14
CHG-02568,P-0572,3,tolerance_tightening,design_review,mech_a,2024-02-28
CHG-02569,P-0572,4,feature_remove,cost_reduction,mech_a,2023-04-15
CHG-02570,P-0572,5,drawing_note,customer_request,mech_a,2024-01-29
CHG-02571,P-0572,6,tolerance_tightening,design_review,mech_a,2024-01-04
CHG-02572,P-0572,7,drawing_note,cost_reduction,mech_a,2024-01-03
CHG-02573,P-0573,1,dimension_update,design_review,elec_a,2025-05-05
CHG-02574,P-0573,2,feature_remove,cost_reduction,elec_a,2025-02-24
CHG-02575,P-0573,3,tolerance_tightening,cost_reduction,elec_a,2024-10-01
CHG-02576,P-0574,1,material_change,cost_reduction,hw_integration,2025-02-23
CHG-02577,P-0574,2,feature_remove,test_failure,hw_integration,2024-10-23
CHG-02578,P-0574,3,tolerance_tightening,test_failure,hw_integration,2025-05-26
CHG-02579,P-0574,4,tolerance_tightening,customer_request,hw_integration,2025-09-26
CHG-02580,P-0574,5,feature_add,cost_reduction,hw_integration,2025-06-02
CHG-02581,P-0575,1,drawing_note,cost_reduction,mech_a,2023-04-04
CHG-02582,P-0575,2,feature_remove,design_review,mech_a,2023-08-03
CHG-02583,P-0575,3,feature_remove,design_review,mech_a,2023-03-19
CHG-02584,P-0575,4,dimension_update,supplier_issue,mech_a,2023-10-01
CHG-02585,P-0576,1,feature_remove,supplier_issue,elec_a,2022-05-16
CHG-02586,P-0576,2,material_change,customer_request,elec_a,2022-05-26
CHG-02587,P-0576,3,dimension_update,cost_reduction,elec_a,2023-08-04
CHG-02588,P-0576,4,feature_remove,supplier_issue,elec_a,2022-08-28
CHG-02589,P-0577,1,dimension_update,supplier_issue,hw_integration,2025-12-31
CHG-02590,P-0577,2,material_change,test_failure,hw_integration,2025-07-08
CHG-02591,P-0577,3,material_change,customer_request,hw_integration,2025-10-21
CHG-02592,P-0577,4,material_change,test_failure,hw_integration,2024-12-17
CHG-02593,P-0577,5,material_change,test_failure,hw_integration,2024-10-10
CHG-02594,P-0578,1,dimension_update,design_review,mech_b,2022-09-12
CHG-02595,P-0578,2,feature_add,supplier_issue,mech_b,2022-07-30
CHG-02596,P-0578,3,material_change,cost_reduction,mech_b,2023-04-20
CHG-02597,P-0579,1,drawing_note,design_review,mech_a,2024-08-27
CHG-02598,P-0579,2,drawing_note,cost_reduction,mech_a,2024-06-09
CHG-02599,P-0579,3,feature_add,test_failure,mech_a,2024-10-30
CHG-02600,P-0579,4,feature_remove,supplier_issue,mech_a,2024-11-28
CHG-02601,P-0579,5,tolerance_tightening,design_review,mech_a,2024-09-08
CHG-02602,P-0580,1,feature_remove,design_review,mech_a,2024-05-24
CHG-02603,P-0580,2,material_change,design_review,mech_a,2024-11-05
CHG-02604,P-0580,3,dimension_update,test_failure,mech_a,2023-12-31
CHG-02605,P-0580,4,tolerance_tightening,design_review,mech_a,2024-07-16
CHG-02606,P-0580,5,tolerance_tightening,test_failure,mech_a,2024-07-26
CHG-02607,P-0581,1,material_change,design_review,hw_integration,2024-11-10
CHG-02608,P-0581,2,tolerance_tightening,test_failure,hw_integration,2024-03-29
CHG-02609,P-0581,3,dimension_update,test_failure,hw_integration,2024-04-21
CHG-02610,P-0581,4,feature_add,customer_request,hw_integration,2023-09-15
CHG-02611,P-0581,5,feature_remove,design_review,hw_integration,2024-04-16
CHG-02612,P-0581,6,tolerance_tightening,design_review,hw_integration,2024-05-31
CHG-02613,P-0582,1,dimension_update,customer_request,mech_b,2024-01-25
CHG-02614,P-0582,2,feature_remove,cost_reduction,mech_b,2024-04-12
CHG-02615,P-0582,3,tolerance_tightening,test_failure,mech_b,2024-05-27
CHG-02616,P-0583,1,material_change,design_review,mech_a,2025-10-16
CHG-02617,P-0583,2,feature_remove,customer_request,mech_a,2026-07-17
CHG-02618,P-0583,3,material_change,test_failure,mech_a,2025-11-25
CHG-02619,P-0583,4,material_change,test_failure,mech_a,2026-03-28
CHG-02620,P-0583,5,drawing_note,design_review,mech_a,2025-12-18
CHG-02621,P-0583,6,material_change,supplier_issue,mech_a,2026-07-24
CHG-02622,P-0583,7,material_change,design_review,mech_a,2025-07-04
CHG-02623,P-0584,1,tolerance_tightening,customer_request,hw_integration,2024-09-10
CHG-02624,P-0584,2,feature_remove,supplier_issue,hw_integration,2024-12-27
CHG-02625,P-0585,1,feature_remove,supplier_issue,hw_integration,2026-05-14
CHG-02626,P-0585,2,tolerance_tightening,design_review,hw_integration,2025-07-19
CHG-02627,P-0585,3,material_change,test_failure,hw_integration,2025-05-22
CHG-02628,P-0585,4,drawing_note,supplier_issue,hw_integration,2026-01-23
CHG-02629,P-0586,1,feature_remove,design_review,elec_a,2024-01-06
CHG-02630,P-0586,2,material_change,test_failure,elec_a,2024-12-31
CHG-02631,P-0586,3,dimension_update,design_review,elec_a,2024-05-23
CHG-02632,P-0586,4,dimension_update,design_review,elec_a,2024-11-02
CHG-02633,P-0586,5,dimension_update,design_review,elec_a,2024-11-25
CHG-02634,P-0586,6,material_change,cost_reduction,elec_a,2023-11-29
CHG-02635,P-0586,7,feature_remove,design_review,elec_a,2024-03-10
CHG-02636,P-0587,1,feature_add,design_review,mech_a,2024-12-13
CHG-02637,P-0587,2,material_change,design_review,mech_a,2023-12-19
CHG-02638,P-0587,3,feature_add,design_review,mech_a,2023-08-30
CHG-02639,P-0587,4,drawing_note,cost_reduction,mech_a,2023-11-20
CHG-02640,P-0587,5,material_change,test_failure,mech_a,2024-05-10
CHG-02641,P-0588,1,feature_remove,test_failure,mech_a,2025-02-25
CHG-02642,P-0588,2,dimension_update,design_review,mech_a,2025-02-18
CHG-02643,P-0588,3,drawing_note,design_review,mech_a,2024-11-19
CHG-02644,P-0588,4,material_change,test_failure,mech_a,2025-07-12
CHG-02645,P-0589,1,feature_add,test_failure,mech_a,2023-12-03
CHG-02646,P-0589,2,dimension_update,design_review,mech_a,2023-03-25
CHG-02647,P-0589,3,material_change,supplier_issue,mech_a,2023-02-22
CHG-02648,P-0589,4,feature_add,design_review,mech_a,2023-08-04
CHG-02649,P-0590,1,drawing_note,supplier_issue,mech_a,2025-11-01
CHG-02650,P-0590,2,material_change,customer_request,mech_a,2025-10-16
CHG-02651,P-0590,3,material_change,test_failure,mech_a,2025-12-24
CHG-02652,P-0590,4,drawing_note,cost_reduction,mech_a,2026-04-18
CHG-02653,P-0590,5,feature_add,design_review,mech_a,2025-12-06
CHG-02654,P-0591,1,dimension_update,test_failure,elec_a,2026-01-07
CHG-02655,P-0591,2,feature_remove,supplier_issue,elec_a,2026-08-04
CHG-02656,P-0591,3,material_change,design_review,elec_a,2025-06-10
CHG-02657,P-0591,4,feature_add,supplier_issue,elec_a,2026-07-19
CHG-02658,P-0591,5,feature_remove,supplier_issue,elec_a,2026-07-09
CHG-02659,P-0591,6,material_change,cost_reduction,elec_a,2026-02-27
CHG-02660,P-0592,1,tolerance_tightening,test_failure,mech_b,2023-05-23
CHG-02661,P-0592,2,drawing_note,design_review,mech_b,2023-09-08
CHG-02662,P-0592,3,feature_add,design_review,mech_b,2022-11-19
CHG-02663,P-0592,4,dimension_update,cost_reduction,mech_b,2023-09-07
CHG-02664,P-0592,5,drawing_note,design_review,mech_b,2022-12-21
CHG-02665,P-0593,1,dimension_update,supplier_issue,hw_integration,2022-11-30
CHG-02666,P-0593,2,feature_add,cost_reduction,hw_integration,2023-06-27
CHG-02667,P-0594,1,feature_add,test_failure,mech_a,2024-05-28
CHG-02668,P-0594,2,dimension_update,test_failure,mech_a,2024-05-19
CHG-02669,P-0594,3,material_change,supplier_issue,mech_a,2024-03-20
CHG-02670,P-0594,4,drawing_note,test_failure,mech_a,2024-07-05
CHG-02671,P-0594,5,material_change,supplier_issue,mech_a,2024-03-11
CHG-02672,P-0595,1,drawing_note,design_review,elec_a,2022-10-17
CHG-02673,P-0595,2,feature_add,design_review,elec_a,2023-08-28
CHG-02674,P-0595,3,drawing_note,cost_reduction,elec_a,2023-03-02
CHG-02675,P-0595,4,feature_add,test_failure,elec_a,2023-08-20
CHG-02676,P-0596,1,feature_remove,design_review,hw_integration,2023-01-07
CHG-02677,P-0596,2,tolerance_tightening,test_failure,hw_integration,2023-05-19
CHG-02678,P-0596,3,feature_add,supplier_issue,hw_integration,2022-08-11
CHG-02679,P-0596,4,dimension_update,cost_reduction,hw_integration,2022-04-14
CHG-02680,P-0596,5,drawing_note,supplier_issue,hw_integration,2022-11-26
CHG-02681,P-0596,6,material_change,cost_reduction,hw_integration,2022-06-22
CHG-02682,P-0596,7,dimension_update,cost_reduction,hw_integration,2023-04-01
CHG-02683,P-0596,8,feature_add,supplier_issue,hw_integration,2022-11-24
CHG-02684,P-0597,1,feature_add,design_review,mech_a,2024-12-09
CHG-02685,P-0597,2,dimension_update,test_failure,mech_a,2025-09-20
CHG-02686,P-0597,3,feature_remove,test_failure,mech_a,2024-12-23
CHG-02687,P-0597,4,feature_remove,supplier_issue,mech_a,2025-03-14
CHG-02688,P-0597,5,tolerance_tightening,design_review,mech_a,2025-02-01
CHG-02689,P-0598,1,material_change,design_review,elec_a,2023-03-28
CHG-02690,P-0598,2,feature_remove,customer_request,elec_a,2023-10-27
CHG-02691,P-0598,3,feature_remove,design_review,elec_a,2022-11-12
CHG-02692,P-0598,4,feature_remove,customer_request,elec_a,2023-07-26
CHG-02693,P-0598,5,feature_remove,customer_request,elec_a,2023-12-23
CHG-02694,P-0598,6,dimension_update,customer_request,elec_a,2023-04-21
CHG-02695,P-0598,7,drawing_note,design_review,elec_a,2023-03-14
CHG-02696,P-0599,1,feature_remove,supplier_issue,elec_a,2023-07-28
CHG-02697,P-0599,2,feature_remove,supplier_issue,elec_a,2024-03-19
CHG-02698,P-0599,3,feature_remove,test_failure,elec_a,2024-01-18
CHG-02699,P-0599,4,material_change,cost_reduction,elec_a,2024-04-27
CHG-02700,P-0599,5,tolerance_tightening,design_review,elec_a,2023-07-23
CHG-02701,P-0600,1,material_change,customer_request,mech_a,2026-07-18
CHG-02702,P-0600,2,tolerance_tightening,cost_reduction,mech_a,2026-06-28
CHG-02703,P-0600,3,tolerance_tightening,design_review,mech_a,2026-07-23
CHG-02704,P-0600,4,drawing_note,supplier_issue,mech_a,2026-03-29
CHG-02705,P-0600,5,tolerance_tightening,design_review,mech_a,2026-09-28
CHG-02706,P-0601,1,drawing_note,cost_reduction,mech_b,2023-06-03
CHG-02707,P-0601,2,dimension_update,test_failure,mech_b,2024-03-24
CHG-02708,P-0601,3,dimension_update,supplier_issue,mech_b,2023-11-16
CHG-02709,P-0601,4,tolerance_tightening,cost_reduction,mech_b,2023-07-10
CHG-02710,P-0602,1,feature_add,test_failure,hw_integration,2023-03-20
CHG-02711,P-0602,2,feature_remove,customer_request,hw_integration,2023-04-24
CHG-02712,P-0602,3,dimension_update,design_review,hw_integration,2023-01-13
CHG-02713,P-0602,4,tolerance_tightening,cost_reduction,hw_integration,2023-06-30
CHG-02714,P-0602,5,material_change,design_review,hw_integration,2023-04-21
CHG-02715,P-0602,6,dimension_update,design_review,hw_integration,2023-04-09
CHG-02716,P-0603,1,feature_add,cost_reduction,hw_integration,2023-01-25
CHG-02717,P-0603,2,tolerance_tightening,design_review,hw_integration,2024-02-18
CHG-02718,P-0603,3,feature_add,design_review,hw_integration,2022-11-28
CHG-02719,P-0603,4,feature_add,design_review,hw_integration,2023-07-12
CHG-02720,P-0603,5,tolerance_tightening,supplier_issue,hw_integration,2023-06-17
CHG-02721,P-0603,6,drawing_note,test_failure,hw_integration,2023-12-08
CHG-02722,P-0603,7,tolerance_tightening,customer_request,hw_integration,2023-04-18
CHG-02723,P-0604,1,drawing_note,test_failure,mech_b,2023-09-01
CHG-02724,P-0604,2,feature_remove,supplier_issue,mech_b,2023-02-12
CHG-02725,P-0604,3,feature_remove,customer_request,mech_b,2023-11-20
CHG-02726,P-0604,4,feature_add,design_review,mech_b,2022-12-24
CHG-02727,P-0604,5,drawing_note,customer_request,mech_b,2023-12-16
CHG-02728,P-0605,1,feature_remove,design_review,mech_a,2024-10-27
CHG-02729,P-0605,2,feature_remove,test_failure,mech_a,2024-10-09
CHG-02730,P-0605,3,tolerance_tightening,design_review,mech_a,2024-06-10
CHG-02731,P-0605,4,material_change,test_failure,mech_a,2024-07-03
CHG-02732,P-0605,5,dimension_update,test_failure,mech_a,2024-02-20
CHG-02733,P-0606,1,dimension_update,customer_request,mech_a,2024-01-20
CHG-02734,P-0606,2,tolerance_tightening,design_review,mech_a,2024-07-02
CHG-02735,P-0607,1,feature_remove,design_review,hw_integration,2022-09-04
CHG-02736,P-0607,2,tolerance_tightening,design_review,hw_integration,2023-08-13
CHG-02737,P-0607,3,drawing_note,design_review,hw_integration,2022-10-05
CHG-02738,P-0607,4,drawing_note,cost_reduction,hw_integration,2023-03-12
CHG-02739,P-0607,5,tolerance_tightening,customer_request,hw_integration,2022-07-26
CHG-02740,P-0607,6,tolerance_tightening,supplier_issue,hw_integration,2022-06-02
CHG-02741,P-0608,1,dimension_update,design_review,elec_a,2023-06-01
CHG-02742,P-0608,2,material_change,design_review,elec_a,2024-03-18
CHG-02743,P-0608,3,tolerance_tightening,test_failure,elec_a,2024-04-18
CHG-02744,P-0608,4,dimension_update,test_failure,elec_a,2023-08-04
CHG-02745,P-0608,5,dimension_update,customer_request,elec_a,2023-08-30
CHG-02746,P-0609,1,material_change,supplier_issue,mech_b,2024-08-20
CHG-02747,P-0609,2,material_change,design_review,mech_b,2023-11-24
CHG-02748,P-0609,3,material_change,supplier_issue,mech_b,2024-04-07
CHG-02749,P-0610,1,material_change,customer_request,mech_a,2024-04-06
CHG-02750,P-0610,2,dimension_update,cost_reduction,mech_a,2024-05-26
CHG-02751,P-0610,3,material_change,supplier_issue,mech_a,2023-12-14
CHG-02752,P-0610,4,material_change,test_failure,mech_a,2024-04-26
CHG-02753,P-0611,1,drawing_note,cost_reduction,hw_integration,2024-10-02
CHG-02754,P-0611,2,tolerance_tightening,cost_reduction,hw_integration,2024-03-23
CHG-02755,P-0612,1,material_change,supplier_issue,mech_b,2025-07-18
CHG-02756,P-0612,2,material_change,design_review,mech_b,2026-09-28
CHG-02757,P-0612,3,feature_add,cost_reduction,mech_b,2026-05-26
CHG-02758,P-0612,4,feature_remove,test_failure,mech_b,2026-04-11
CHG-02759,P-0612,5,drawing_note,design_review,mech_b,2025-10-13
CHG-02760,P-0613,1,tolerance_tightening,supplier_issue,elec_a,2024-05-13
CHG-02761,P-0613,2,material_change,test_failure,elec_a,2023-11-11
CHG-02762,P-0613,3,feature_add,design_review,elec_a,2024-05-31
CHG-02763,P-0613,4,feature_remove,supplier_issue,elec_a,2024-12-28
CHG-02764,P-0613,5,feature_add,test_failure,elec_a,2024-01-27
CHG-02765,P-0613,6,tolerance_tightening,test_failure,elec_a,2023-12-04
CHG-02766,P-0614,1,dimension_update,cost_reduction,hw_integration,2025-06-05
CHG-02767,P-0614,2,material_change,cost_reduction,hw_integration,2024-09-29
CHG-02768,P-0614,3,material_change,design_review,hw_integration,2024-12-01
CHG-02769,P-0614,4,drawing_note,cost_reduction,hw_integration,2024-08-16
CHG-02770,P-0614,5,drawing_note,cost_reduction,hw_integration,2025-04-24
CHG-02771,P-0615,1,feature_add,customer_request,elec_a,2024-06-06
CHG-02772,P-0615,2,feature_add,supplier_issue,elec_a,2024-03-05
CHG-02773,P-0615,3,dimension_update,supplier_issue,elec_a,2025-02-14
CHG-02774,P-0615,4,feature_add,design_review,elec_a,2024-02-22
CHG-02775,P-0616,1,dimension_update,design_review,hw_integration,2023-11-22
CHG-02776,P-0616,2,tolerance_tightening,test_failure,hw_integration,2024-03-28
CHG-02777,P-0616,3,tolerance_tightening,test_failure,hw_integration,2024-09-02
CHG-02778,P-0616,4,drawing_note,supplier_issue,hw_integration,2024-05-31
CHG-02779,P-0617,1,feature_remove,test_failure,elec_a,2023-03-27
CHG-02780,P-0617,2,tolerance_tightening,design_review,elec_a,2022-07-27
CHG-02781,P-0617,3,feature_add,test_failure,elec_a,2022-02-20
CHG-02782,P-0617,4,feature_add,customer_request,elec_a,2022-02-27
CHG-02783,P-0618,1,tolerance_tightening,test_failure,mech_b,2024-10-01
CHG-02784,P-0618,2,dimension_update,customer_request,mech_b,2025-03-18
CHG-02785,P-0618,3,material_change,test_failure,mech_b,2025-06-21
CHG-02786,P-0618,4,dimension_update,design_review,mech_b,2025-08-23
CHG-02787,P-0619,1,material_change,design_review,hw_integration,2025-06-30
CHG-02788,P-0619,2,material_change,test_failure,hw_integration,2025-02-22
CHG-02789,P-0620,1,feature_remove,design_review,elec_a,2025-01-23
CHG-02790,P-0620,2,dimension_update,cost_reduction,elec_a,2026-04-23
CHG-02791,P-0620,3,dimension_update,cost_reduction,elec_a,2026-01-01
CHG-02792,P-0620,4,feature_remove,design_review,elec_a,2025-12-30
CHG-02793,P-0621,1,drawing_note,test_failure,hw_integration,2026-01-10
CHG-02794,P-0621,2,tolerance_tightening,customer_request,hw_integration,2026-01-15
CHG-02795,P-0621,3,material_change,test_failure,hw_integration,2024-12-27
CHG-02796,P-0622,1,drawing_note,test_failure,mech_a,2023-07-06
CHG-02797,P-0622,2,drawing_note,customer_request,mech_a,2024-02-09
CHG-02798,P-0622,3,dimension_update,design_review,mech_a,2024-01-06
CHG-02799,P-0622,4,drawing_note,supplier_issue,mech_a,2023-12-15
CHG-02800,P-0623,1,feature_remove,design_review,elec_a,2024-04-03
CHG-02801,P-0623,2,feature_add,design_review,elec_a,2023-11-11
CHG-02802,P-0623,3,drawing_note,supplier_issue,elec_a,2024-03-09
CHG-02803,P-0623,4,feature_add,design_review,elec_a,2024-04-26
CHG-02804,P-0623,5,tolerance_tightening,test_failure,elec_a,2024-06-21
CHG-02805,P-0623,6,feature_remove,supplier_issue,elec_a,2024-05-04
CHG-02806,P-0624,1,tolerance_tightening,design_review,elec_a,2025-02-13
CHG-02807,P-0624,2,feature_remove,test_failure,elec_a,2025-03-29
CHG-02808,P-0624,3,feature_remove,design_review,elec_a,2024-07-14
CHG-02809,P-0624,4,material_change,test_failure,elec_a,2025-05-29
CHG-02810,P-0624,5,tolerance_tightening,supplier_issue,elec_a,2024-07-29
CHG-02811,P-0625,1,feature_add,design_review,mech_a,2025-09-20
CHG-02812,P-0625,2,dimension_update,test_failure,mech_a,2024-12-17
CHG-02813,P-0625,3,feature_remove,design_review,mech_a,2025-03-12
CHG-02814,P-0625,4,drawing_note,test_failure,mech_a,2025-02-05
CHG-02815,P-0625,5,feature_remove,customer_request,mech_a,2024-12-03
CHG-02816,P-0625,6,material_change,supplier_issue,mech_a,2025-01-02
CHG-02817,P-0625,7,tolerance_tightening,design_review,mech_a,2025-01-11
CHG-02818,P-0626,1,feature_add,customer_request,mech_b,2024-02-29
CHG-02819,P-0626,2,feature_remove,supplier_issue,mech_b,2025-03-26
CHG-02820,P-0626,3,tolerance_tightening,cost_reduction,mech_b,2024-12-14
CHG-02821,P-0626,4,feature_add,cost_reduction,mech_b,2024-03-21
CHG-02822,P-0626,5,drawing_note,design_review,mech_b,2024-05-23
CHG-02823,P-0626,6,feature_remove,test_failure,mech_b,2024-07-28
CHG-02824,P-0626,7,feature_add,cost_reduction,mech_b,2024-05-29
CHG-02825,P-0626,8,drawing_note,customer_request,mech_b,2024-11-28
CHG-02826,P-0627,1,feature_remove,cost_reduction,hw_integration,2023-06-08
CHG-02827,P-0627,2,drawing_note,cost_reduction,hw_integration,2022-09-02
CHG-02828,P-0628,1,dimension_update,test_failure,elec_a,2024-10-25
CHG-02829,P-0628,2,feature_remove,customer_request,elec_a,2025-01-07
CHG-02830,P-0628,3,material_change,customer_request,elec_a,2025-04-13
CHG-02831,P-0629,1,tolerance_tightening,customer_request,hw_integration,2024-01-06
CHG-02832,P-0629,2,dimension_update,test_failure,hw_integration,2024-09-27
CHG-02833,P-0629,3,drawing_note,test_failure,hw_integration,2025-02-18
CHG-02834,P-0629,4,feature_remove,test_failure,hw_integration,2024-12-07
CHG-02835,P-0630,1,drawing_note,cost_reduction,mech_a,2023-02-27
CHG-02836,P-0630,2,feature_remove,supplier_issue,mech_a,2023-01-11
CHG-02837,P-0630,3,drawing_note,supplier_issue,mech_a,2023-01-07
CHG-02838,P-0630,4,feature_add,design_review,mech_a,2023-03-28
CHG-02839,P-0630,5,dimension_update,test_failure,mech_a,2023-05-07
CHG-02840,P-0630,6,dimension_update,supplier_issue,mech_a,2022-04-24
CHG-02841,P-0631,1,feature_add,cost_reduction,mech_a,2024-05-02
CHG-02842,P-0631,2,drawing_note,test_failure,mech_a,2025-03-06
CHG-02843,P-0632,1,material_change,test_failure,hw_integration,2025-05-08
CHG-02844,P-0632,2,drawing_note,design_review,hw_integration,2025-06-27
CHG-02845,P-0632,3,drawing_note,test_failure,hw_integration,2025-11-19
CHG-02846,P-0632,4,drawing_note,supplier_issue,hw_integration,2024-07-29
CHG-02847,P-0633,1,dimension_update,design_review,mech_b,2025-05-29
CHG-02848,P-0633,2,dimension_update,customer_request,mech_b,2026-02-06
CHG-02849,P-0633,3,dimension_update,test_failure,mech_b,2026-05-01
CHG-02850,P-0633,4,tolerance_tightening,customer_request,mech_b,2026-06-21
CHG-02851,P-0633,5,drawing_note,customer_request,mech_b,2025-05-13
CHG-02852,P-0634,1,material_change,cost_reduction,hw_integration,2025-05-26
CHG-02853,P-0634,2,material_change,design_review,hw_integration,2024-12-01
CHG-02854,P-0634,3,feature_remove,design_review,hw_integration,2026-01-05
CHG-02855,P-0634,4,drawing_note,design_review,hw_integration,2025-04-11
CHG-02856,P-0634,5,feature_remove,customer_request,hw_integration,2024-11-12
CHG-02857,P-0634,6,tolerance_tightening,test_failure,hw_integration,2024-12-23
CHG-02858,P-0634,7,tolerance_tightening,test_failure,hw_integration,2025-02-07
CHG-02859,P-0635,1,feature_remove,supplier_issue,hw_integration,2023-02-25
CHG-02860,P-0635,2,feature_add,test_failure,hw_integration,2023-06-01
CHG-02861,P-0635,3,dimension_update,test_failure,hw_integration,2023-12-09
CHG-02862,P-0635,4,drawing_note,cost_reduction,hw_integration,2023-07-08
CHG-02863,P-0635,5,dimension_update,cost_reduction,hw_integration,2023-09-10
CHG-02864,P-0635,6,feature_remove,cost_reduction,hw_integration,2022-12-29
CHG-02865,P-0636,1,material_change,design_review,mech_b,2025-09-29
CHG-02866,P-0636,2,feature_add,customer_request,mech_b,2024-12-03
CHG-02867,P-0636,3,tolerance_tightening,supplier_issue,mech_b,2025-02-26
CHG-02868,P-0636,4,material_change,design_review,mech_b,2024-11-22
CHG-02869,P-0636,5,feature_remove,test_failure,mech_b,2025-09-27
CHG-02870,P-0636,6,material_change,design_review,mech_b,2025-03-02
CHG-02871,P-0636,7,tolerance_tightening,design_review,mech_b,2025-09-21
CHG-02872,P-0637,1,drawing_note,design_review,hw_integration,2024-10-06
CHG-02873,P-0637,2,drawing_note,test_failure,hw_integration,2024-11-09
CHG-02874,P-0637,3,drawing_note,supplier_issue,hw_integration,2024-08-25
CHG-02875,P-0637,4,dimension_update,design_review,hw_integration,2025-06-10
CHG-02876,P-0637,5,feature_remove,supplier_issue,hw_integration,2025-01-23
CHG-02877,P-0638,1,feature_remove,cost_reduction,hw_integration,2022-12-15
CHG-02878,P-0638,2,tolerance_tightening,supplier_issue,hw_integration,2023-07-17
CHG-02879,P-0638,3,feature_remove,test_failure,hw_integration,2023-05-06
CHG-02880,P-0638,4,drawing_note,design_review,hw_integration,2023-03-19
CHG-02881,P-0638,5,material_change,test_failure,hw_integration,2023-12-24
CHG-02882,P-0639,1,tolerance_tightening,test_failure,mech_a,2025-07-23
CHG-02883,P-0639,2,tolerance_tightening,supplier_issue,mech_a,2025-09-29
CHG-02884,P-0639,3,feature_remove,cost_reduction,mech_a,2025-09-27
CHG-02885,P-0640,1,tolerance_tightening,customer_request,mech_a,2023-10-05
CHG-02886,P-0640,2,feature_remove,design_review,mech_a,2023-12-01
CHG-02887,P-0640,3,material_change,customer_request,mech_a,2023-03-25
CHG-02888,P-0640,4,drawing_note,design_review,mech_a,2023-08-08
CHG-02889,P-0641,1,drawing_note,cost_reduction,mech_a,2025-09-23
CHG-02890,P-0641,2,feature_remove,test_failure,mech_a,2025-10-26
CHG-02891,P-0641,3,feature_add,cost_reduction,mech_a,2024-08-28
CHG-02892,P-0641,4,tolerance_tightening,cost_reduction,mech_a,2025-04-26
CHG-02893,P-0641,5,material_change,design_review,mech_a,2025-11-26
CHG-02894,P-0642,1,feature_remove,design_review,elec_a,2025-01-16
CHG-02895,P-0642,2,tolerance_tightening,cost_reduction,elec_a,2025-09-20
CHG-02896,P-0642,3,material_change,test_failure,elec_a,2025-09-05
CHG-02897,P-0642,4,dimension_update,design_review,elec_a,2025-05-28
CHG-02898,P-0642,5,material_change,design_review,elec_a,2024-08-01
CHG-02899,P-0642,6,drawing_note,supplier_issue,elec_a,2025-04-19
CHG-02900,P-0642,7,dimension_update,customer_request,elec_a,2024-10-05
CHG-02901,P-0643,1,drawing_note,design_review,mech_a,2025-08-01
CHG-02902,P-0643,2,feature_remove,supplier_issue,mech_a,2025-09-04
CHG-02903,P-0643,3,feature_add,test_failure,mech_a,2026-04-19
CHG-02904,P-0643,4,feature_remove,design_review,mech_a,2026-08-09
CHG-02905,P-0644,1,feature_remove,design_review,mech_b,2024-08-14
CHG-02906,P-0644,2,tolerance_tightening,design_review,mech_b,2025-01-07
CHG-02907,P-0644,3,feature_remove,supplier_issue,mech_b,2025-04-12
CHG-02908,P-0644,4,drawing_note,customer_request,mech_b,2024-07-27
CHG-02909,P-0645,1,tolerance_tightening,cost_reduction,mech_b,2022-08-31
CHG-02910,P-0645,2,material_change,design_review,mech_b,2022-05-28
CHG-02911,P-0645,3,drawing_note,customer_request,mech_b,2023-03-09
CHG-02912,P-0645,4,tolerance_tightening,test_failure,mech_b,2022-10-23
CHG-02913,P-0645,5,feature_remove,design_review,mech_b,2022-12-24
CHG-02914,P-0646,1,dimension_update,design_review,mech_a,2025-06-13
CHG-02915,P-0646,2,drawing_note,test_failure,mech_a,2025-08-08
CHG-02916,P-0646,3,drawing_note,supplier_issue,mech_a,2026-08-16
CHG-02917,P-0646,4,material_change,design_review,mech_a,2025-08-01
CHG-02918,P-0647,1,material_change,supplier_issue,mech_b,2024-04-19
CHG-02919,P-0647,2,feature_add,design_review,mech_b,2023-09-21
CHG-02920,P-0647,3,feature_remove,supplier_issue,mech_b,2024-08-16
CHG-02921,P-0647,4,drawing_note,supplier_issue,mech_b,2024-07-28
CHG-02922,P-0648,1,dimension_update,customer_request,elec_a,2023-10-02
CHG-02923,P-0648,2,feature_remove,test_failure,elec_a,2023-08-22
CHG-02924,P-0648,3,drawing_note,supplier_issue,elec_a,2024-04-25
CHG-02925,P-0649,1,feature_add,cost_reduction,hw_integration,2025-06-13
CHG-02926,P-0649,2,dimension_update,cost_reduction,hw_integration,2026-01-12
CHG-02927,P-0649,3,drawing_note,design_review,hw_integration,2026-03-09
CHG-02928,P-0649,4,dimension_update,customer_request,hw_integration,2025-08-01
CHG-02929,P-0649,5,material_change,test_failure,hw_integration,2026-04-18
CHG-02930,P-0649,6,material_change,supplier_issue,hw_integration,2025-07-17
CHG-02931,P-0649,7,feature_remove,cost_reduction,hw_integration,2025-07-08
CHG-02932,P-0650,1,feature_remove,test_failure,mech_b,2023-02-27
CHG-02933,P-0650,2,material_change,supplier_issue,mech_b,2023-04-30
CHG-02934,P-0650,3,tolerance_tightening,customer_request,mech_b,2023-08-21
CHG-02935,P-0650,4,drawing_note,design_review,mech_b,2022-10-21
CHG-02936,P-0650,5,material_change,supplier_issue,mech_b,2023-11-17
CHG-02937,P-0650,6,material_change,customer_request,mech_b,2022-11-20
CHG-02938,P-0651,1,feature_add,test_failure,elec_a,2025-03-19
CHG-02939,P-0651,2,feature_remove,supplier_issue,elec_a,2025-03-03
CHG-02940,P-0651,3,tolerance_tightening,design_review,elec_a,2025-04-19
CHG-02941,P-0652,1,feature_add,cost_reduction,elec_a,2025-05-04
CHG-02942,P-0652,2,material_change,design_review,elec_a,2025-05-03
CHG-02943,P-0653,1,feature_remove,design_review,mech_b,2025-02-12
CHG-02944,P-0653,2,drawing_note,cost_reduction,mech_b,2024-12-31
CHG-02945,P-0653,3,feature_add,test_failure,mech_b,2024-04-20
CHG-02946,P-0653,4,material_change,supplier_issue,mech_b,2025-01-30
CHG-02947,P-0653,5,dimension_update,supplier_issue,mech_b,2024-08-17
CHG-02948,P-0653,6,material_change,supplier_issue,mech_b,2024-10-22
CHG-02949,P-0654,1,feature_add,test_failure,elec_a,2024-09-29
CHG-02950,P-0654,2,dimension_update,design_review,elec_a,2025-08-02
CHG-02951,P-0654,3,material_change,cost_reduction,elec_a,2025-04-18
CHG-02952,P-0654,4,feature_add,supplier_issue,elec_a,2025-05-14
CHG-02953,P-0654,5,tolerance_tightening,design_review,elec_a,2024-12-01
CHG-02954,P-0655,1,dimension_update,customer_request,hw_integration,2025-09-09
CHG-02955,P-0655,2,dimension_update,design_review,hw_integration,2025-09-27
CHG-02956,P-0655,3,material_change,cost_reduction,hw_integration,2025-08-19
CHG-02957,P-0656,1,feature_add,test_failure,mech_a,2024-11-27
CHG-02958,P-0656,2,feature_remove,customer_request,mech_a,2024-11-29
CHG-02959,P-0656,3,drawing_note,customer_request,mech_a,2024-06-08
CHG-02960,P-0656,4,tolerance_tightening,design_review,mech_a,2025-02-06
CHG-02961,P-0656,5,dimension_update,supplier_issue,mech_a,2024-08-06
CHG-02962,P-0656,6,dimension_update,supplier_issue,mech_a,2024-12-23
CHG-02963,P-0656,7,tolerance_tightening,design_review,mech_a,2024-10-07
CHG-02964,P-0656,8,feature_remove,design_review,mech_a,2024-12-12
CHG-02965,P-0657,1,feature_add,design_review,elec_a,2022-12-23
CHG-02966,P-0657,2,feature_remove,cost_reduction,elec_a,2023-03-30
CHG-02967,P-0657,3,material_change,cost_reduction,elec_a,2023-04-13
CHG-02968,P-0658,1,material_change,test_failure,mech_a,2024-09-04
CHG-02969,P-0658,2,dimension_update,design_review,mech_a,2024-11-13
CHG-02970,P-0658,3,tolerance_tightening,design_review,mech_a,2025-09-14
CHG-02971,P-0658,4,feature_add,design_review,mech_a,2025-06-26
CHG-02972,P-0658,5,material_change,supplier_issue,mech_a,2024-09-17
CHG-02973,P-0658,6,material_change,customer_request,mech_a,2025-02-10
CHG-02974,P-0658,7,dimension_update,supplier_issue,mech_a,2024-09-19
CHG-02975,P-0659,1,feature_remove,supplier_issue,hw_integration,2025-06-29
CHG-02976,P-0659,2,feature_remove,design_review,hw_integration,2025-04-07
CHG-02977,P-0659,3,feature_remove,supplier_issue,hw_integration,2025-08-09
CHG-02978,P-0660,1,material_change,design_review,elec_a,2023-04-02
CHG-02979,P-0660,2,dimension_update,test_failure,elec_a,2023-08-17
CHG-02980,P-0660,3,dimension_update,design_review,elec_a,2023-04-06
CHG-02981,P-0661,1,dimension_update,design_review,mech_a,2025-02-16
CHG-02982,P-0661,2,dimension_update,cost_reduction,mech_a,2025-08-25
CHG-02983,P-0661,3,drawing_note,test_failure,mech_a,2026-03-04
CHG-02984,P-0661,4,material_change,test_failure,mech_a,2026-02-17
CHG-02985,P-0661,5,feature_remove,customer_request,mech_a,2025-09-29
CHG-02986,P-0662,1,dimension_update,test_failure,elec_a,2022-10-18
CHG-02987,P-0662,2,tolerance_tightening,design_review,elec_a,2023-04-13
CHG-02988,P-0662,3,feature_remove,design_review,elec_a,2023-09-08
CHG-02989,P-0663,1,dimension_update,cost_reduction,mech_b,2022-11-01
CHG-02990,P-0663,2,feature_remove,design_review,mech_b,2023-07-05
CHG-02991,P-0663,3,feature_remove,design_review,mech_b,2023-12-11
CHG-02992,P-0664,1,material_change,design_review,mech_a,2022-08-10
CHG-02993,P-0664,2,dimension_update,supplier_issue,mech_a,2022-06-29
CHG-02994,P-0665,1,drawing_note,design_review,hw_integration,2025-01-30
CHG-02995,P-0665,2,material_change,test_failure,hw_integration,2023-12-14
CHG-02996,P-0665,3,tolerance_tightening,cost_reduction,hw_integration,2024-09-07
CHG-02997,P-0665,4,dimension_update,supplier_issue,hw_integration,2024-01-16
CHG-02998,P-0665,5,feature_add,cost_reduction,hw_integration,2024-10-16
CHG-02999,P-0666,1,feature_add,design_review,mech_b,2023-02-25
CHG-03000,P-0666,2,dimension_update,test_failure,mech_b,2023-11-17
CHG-03001,P-0666,3,tolerance_tightening,design_review,mech_b,2023-10-29
CHG-03002,P-0666,4,feature_add,supplier_issue,mech_b,2023-01-27
CHG-03003,P-0666,5,feature_remove,customer_request,mech_b,2023-02-15
CHG-03004,P-0666,6,feature_remove,design_review,mech_b,2024-02-11
CHG-03005,P-0667,1,feature_add,design_review,mech_a,2025-10-03
CHG-03006,P-0667,2,drawing_note,supplier_issue,mech_a,2024-08-15
CHG-03007,P-0667,3,material_change,supplier_issue,mech_a,2024-11-28
CHG-03008,P-0667,4,dimension_update,design_review,mech_a,2025-04-03
CHG-03009,P-0668,1,feature_remove,design_review,elec_a,2024-10-05
CHG-03010,P-0668,2,feature_add,test_failure,elec_a,2025-08-11
CHG-03011,P-0669,1,drawing_note,design_review,mech_b,2023-11-24
CHG-03012,P-0669,2,drawing_note,supplier_issue,mech_b,2023-07-01
CHG-03013,P-0669,3,feature_remove,cost_reduction,mech_b,2024-06-24
CHG-03014,P-0669,4,feature_add,supplier_issue,mech_b,2024-03-10
CHG-03015,P-0669,5,drawing_note,design_review,mech_b,2024-08-22
CHG-03016,P-0669,6,dimension_update,customer_request,mech_b,2023-11-06
CHG-03017,P-0670,1,feature_add,cost_reduction,elec_a,2023-08-09
CHG-03018,P-0670,2,drawing_note,test_failure,elec_a,2024-02-09
CHG-03019,P-0670,3,material_change,test_failure,elec_a,2023-01-13
CHG-03020,P-0670,4,dimension_update,design_review,elec_a,2023-05-20
CHG-03021,P-0670,5,material_change,cost_reduction,elec_a,2024-03-19
CHG-03022,P-0670,6,feature_add,supplier_issue,elec_a,2023-12-23
CHG-03023,P-0671,1,material_change,supplier_issue,mech_a,2026-03-05
CHG-03024,P-0671,2,feature_remove,supplier_issue,mech_a,2026-03-28
CHG-03025,P-0671,3,dimension_update,cost_reduction,mech_a,2025-10-22
CHG-03026,P-0672,1,feature_remove,supplier_issue,hw_integration,2025-08-18
CHG-03027,P-0672,2,dimension_update,test_failure,hw_integration,2026-06-04
CHG-03028,P-0672,3,drawing_note,customer_request,hw_integration,2025-02-21
CHG-03029,P-0672,4,dimension_update,design_review,hw_integration,2026-05-25
CHG-03030,P-0672,5,drawing_note,customer_request,hw_integration,2026-03-22
CHG-03031,P-0673,1,dimension_update,cost_reduction,mech_b,2024-04-08
CHG-03032,P-0673,2,material_change,cost_reduction,mech_b,2023-04-25
CHG-03033,P-0673,3,dimension_update,supplier_issue,mech_b,2023-08-16
CHG-03034,P-0673,4,feature_remove,design_review,mech_b,2024-03-22
CHG-03035,P-0673,5,feature_remove,design_review,mech_b,2024-04-24
CHG-03036,P-0674,1,material_change,customer_request,mech_b,2024-02-18
CHG-03037,P-0674,2,material_change,customer_request,mech_b,2023-11-20
CHG-03038,P-0674,3,material_change,test_failure,mech_b,2022-11-23
CHG-03039,P-0675,1,drawing_note,customer_request,hw_integration,2025-10-21
CHG-03040,P-0675,2,tolerance_tightening,test_failure,hw_integration,2025-12-02
CHG-03041,P-0675,3,feature_remove,design_review,hw_integration,2026-01-08
CHG-03042,P-0675,4,feature_remove,design_review,hw_integration,2025-06-20
CHG-03043,P-0676,1,tolerance_tightening,cost_reduction,elec_a,2024-08-27
CHG-03044,P-0676,2,feature_add,test_failure,elec_a,2025-09-13
CHG-03045,P-0676,3,material_change,test_failure,elec_a,2025-09-10
CHG-03046,P-0676,4,feature_remove,cost_reduction,elec_a,2024-10-13
CHG-03047,P-0676,5,dimension_update,design_review,elec_a,2024-06-10
CHG-03048,P-0676,6,feature_remove,design_review,elec_a,2025-05-03
CHG-03049,P-0677,1,drawing_note,test_failure,mech_a,2024-10-10
CHG-03050,P-0677,2,material_change,test_failure,mech_a,2024-10-20
CHG-03051,P-0677,3,material_change,cost_reduction,mech_a,2024-07-06
CHG-03052,P-0677,4,dimension_update,customer_request,mech_a,2024-08-20
CHG-03053,P-0677,5,dimension_update,design_review,mech_a,2024-02-25
CHG-03054,P-0678,1,feature_add,test_failure,elec_a,2024-04-30
CHG-03055,P-0678,2,feature_remove,design_review,elec_a,2024-08-15
CHG-03056,P-0678,3,dimension_update,customer_request,elec_a,2024-07-29
CHG-03057,P-0678,4,material_change,supplier_issue,elec_a,2023-11-06
CHG-03058,P-0678,5,dimension_update,customer_request,elec_a,2024-04-13
CHG-03059,P-0678,6,feature_add,design_review,elec_a,2023-12-23
CHG-03060,P-0678,7,tolerance_tightening,supplier_issue,elec_a,2024-05-25
CHG-03061,P-0679,1,dimension_update,cost_reduction,elec_a,2025-06-04
CHG-03062,P-0679,2,tolerance_tightening,customer_request,elec_a,2024-07-20
CHG-03063,P-0679,3,drawing_note,cost_reduction,elec_a,2025-05-05
CHG-03064,P-0679,4,feature_remove,supplier_issue,elec_a,2025-11-09
CHG-03065,P-0679,5,feature_remove,design_review,elec_a,2024-11-28
CHG-03066,P-0680,1,tolerance_tightening,cost_reduction,mech_b,2023-07-06
CHG-03067,P-0680,2,tolerance_tightening,supplier_issue,mech_b,2023-05-31
CHG-03068,P-0680,3,tolerance_tightening,test_failure,mech_b,2023-03-16
CHG-03069,P-0680,4,material_change,cost_reduction,mech_b,2023-03-28
CHG-03070,P-0680,5,feature_add,customer_request,mech_b,2023-01-05
CHG-03071,P-0681,1,feature_remove,customer_request,mech_a,2026-05-14
CHG-03072,P-0681,2,drawing_note,test_failure,mech_a,2025-10-27
CHG-03073,P-0681,3,drawing_note,test_failure,mech_a,2026-09-22
CHG-03074,P-0681,4,dimension_update,design_review,mech_a,2025-08-15
CHG-03075,P-0681,5,dimension_update,design_review,mech_a,2025-12-22
CHG-03076,P-0681,6,tolerance_tightening,customer_request,mech_a,2026-03-07
CHG-03077,P-0682,1,dimension_update,cost_reduction,mech_a,2025-03-11
CHG-03078,P-0682,2,feature_remove,cost_reduction,mech_a,2025-02-13
CHG-03079,P-0682,3,feature_remove,design_review,mech_a,2025-04-10
CHG-03080,P-0683,1,tolerance_tightening,test_failure,hw_integration,2023-07-17
CHG-03081,P-0683,2,material_change,test_failure,hw_integration,2023-04-29
CHG-03082,P-0683,3,tolerance_tightening,customer_request,hw_integration,2023-01-30
CHG-03083,P-0683,4,material_change,customer_request,hw_integration,2023-08-29
CHG-03084,P-0683,5,material_change,supplier_issue,hw_integration,2022-11-09
CHG-03085,P-0684,1,dimension_update,supplier_issue,mech_a,2026-08-26
CHG-03086,P-0684,2,drawing_note,customer_request,mech_a,2025-06-04
CHG-03087,P-0684,3,tolerance_tightening,customer_request,mech_a,2025-09-26
CHG-03088,P-0684,4,feature_add,design_review,mech_a,2025-05-09
CHG-03089,P-0684,5,drawing_note,supplier_issue,mech_a,2025-09-19
CHG-03090,P-0685,1,feature_remove,supplier_issue,elec_a,2026-07-07
CHG-03091,P-0685,2,dimension_update,test_failure,elec_a,2025-08-29
CHG-03092,P-0685,3,tolerance_tightening,test_failure,elec_a,2025-07-25
CHG-03093,P-0685,4,tolerance_tightening,test_failure,elec_a,2026-11-02
CHG-03094,P-0686,1,dimension_update,design_review,hw_integration,2026-02-28
CHG-03095,P-0686,2,dimension_update,cost_reduction,hw_integration,2026-07-13
CHG-03096,P-0686,3,tolerance_tightening,cost_reduction,hw_integration,2026-05-17
CHG-03097,P-0686,4,feature_remove,customer_request,hw_integration,2026-01-06
CHG-03098,P-0686,5,material_change,test_failure,hw_integration,2025-10-18
CHG-03099,P-0687,1,feature_remove,customer_request,mech_b,2024-06-25
CHG-03100,P-0687,2,tolerance_tightening,cost_reduction,mech_b,2025-06-10
CHG-03101,P-0687,3,feature_add,test_failure,mech_b,2025-10-01
CHG-03102,P-0687,4,drawing_note,test_failure,mech_b,2024-07-26
CHG-03103,P-0687,5,drawing_note,cost_reduction,mech_b,2024-07-07
CHG-03104,P-0688,1,tolerance_tightening,design_review,mech_a,2024-03-18
CHG-03105,P-0688,2,tolerance_tightening,cost_reduction,mech_a,2024-02-18
CHG-03106,P-0689,1,feature_remove,customer_request,elec_a,2023-12-07
CHG-03107,P-0689,2,feature_add,test_failure,elec_a,2024-11-12
CHG-03108,P-0689,3,feature_add,supplier_issue,elec_a,2024-08-21
CHG-03109,P-0689,4,tolerance_tightening,design_review,elec_a,2024-04-04
CHG-03110,P-0690,1,material_change,supplier_issue,elec_a,2025-02-07
CHG-03111,P-0690,2,feature_add,test_failure,elec_a,2025-02-06
CHG-03112,P-0691,1,drawing_note,cost_reduction,mech_a,2023-12-20
CHG-03113,P-0691,2,tolerance_tightening,test_failure,mech_a,2024-06-19
CHG-03114,P-0692,1,dimension_update,test_failure,elec_a,2023-10-31
CHG-03115,P-0692,2,material_change,customer_request,elec_a,2023-09-01
CHG-03116,P-0692,3,drawing_note,test_failure,elec_a,2022-11-14
CHG-03117,P-0692,4,feature_remove,design_review,elec_a,2023-07-25
CHG-03118,P-0692,5,feature_remove,design_review,elec_a,2023-08-18
CHG-03119,P-0692,6,feature_remove,test_failure,elec_a,2023-03-08
CHG-03120,P-0692,7,tolerance_tightening,design_review,elec_a,2023-07-17
CHG-03121,P-0693,1,tolerance_tightening,design_review,mech_a,2024-04-29
CHG-03122,P-0693,2,dimension_update,cost_reduction,mech_a,2023-07-06
CHG-03123,P-0693,3,material_change,design_review,mech_a,2023-02-08
CHG-03124,P-0693,4,dimension_update,test_failure,mech_a,2023-02-14
CHG-03125,P-0693,5,material_change,supplier_issue,mech_a,2023-12-03
CHG-03126,P-0694,1,drawing_note,design_review,mech_b,2023-09-13
CHG-03127,P-0694,2,feature_remove,customer_request,mech_b,2024-03-04
CHG-03128,P-0694,3,feature_add,cost_reduction,mech_b,2023-10-15
CHG-03129,P-0694,4,tolerance_tightening,design_review,mech_b,2024-12-10
CHG-03130,P-0694,5,feature_remove,cost_reduction,mech_b,2024-02-04
CHG-03131,P-0694,6,dimension_update,design_review,mech_b,2024-12-01
CHG-03132,P-0695,1,feature_add,cost_reduction,mech_b,2025-03-04
CHG-03133,P-0695,2,tolerance_tightening,supplier_issue,mech_b,2024-11-07
CHG-03134,P-0695,3,feature_add,customer_request,mech_b,2024-08-27
CHG-03135,P-0695,4,feature_add,test_failure,mech_b,2025-01-10
CHG-03136,P-0695,5,feature_remove,design_review,mech_b,2025-01-02
CHG-03137,P-0695,6,feature_add,design_review,mech_b,2025-01-25
CHG-03138,P-0696,1,material_change,cost_reduction,hw_integration,2023-11-09
CHG-03139,P-0696,2,material_change,test_failure,hw_integration,2024-03-19
CHG-03140,P-0696,3,feature_add,test_failure,hw_integration,2024-01-10
CHG-03141,P-0696,4,material_change,design_review,hw_integration,2023-08-27
CHG-03142,P-0696,5,feature_remove,cost_reduction,hw_integration,2023-04-06
CHG-03143,P-0697,1,drawing_note,test_failure,hw_integration,2025-10-14
CHG-03144,P-0697,2,dimension_update,design_review,hw_integration,2024-09-04
CHG-03145,P-0697,3,dimension_update,customer_request,hw_integration,2024-11-01
CHG-03146,P-0697,4,tolerance_tightening,customer_request,hw_integration,2025-02-25
CHG-03147,P-0698,1,tolerance_tightening,supplier_issue,elec_a,2026-01-20
CHG-03148,P-0698,2,feature_remove,supplier_issue,elec_a,2025-04-26
CHG-03149,P-0698,3,dimension_update,design_review,elec_a,2026-05-05
CHG-03150,P-0698,4,dimension_update,test_failure,elec_a,2025-04-30
CHG-03151,P-0698,5,material_change,customer_request,elec_a,2026-07-30
CHG-03152,P-0699,1,dimension_update,cost_reduction,elec_a,2024-07-14
CHG-03153,P-0699,2,feature_remove,customer_request,elec_a,2024-09-04
CHG-03154,P-0699,3,dimension_update,customer_request,elec_a,2024-08-16
CHG-03155,P-0699,4,feature_remove,supplier_issue,elec_a,2024-02-02
CHG-03156,P-0700,1,material_change,test_failure,mech_a,2024-07-16
CHG-03157,P-0700,2,tolerance_tightening,cost_reduction,mech_a,2025-05-20
CHG-03158,P-0700,3,tolerance_tightening,test_failure,mech_a,2025-07-01
CHG-03159,P-0700,4,feature_remove,customer_request,mech_a,2025-06-19
CHG-03160,P-0700,5,feature_remove,design_review,mech_a,2024-03-27
CHG-03161,P-0700,6,feature_add,supplier_issue,mech_a,2025-04-21
CHG-03162,P-0701,1,material_change,cost_reduction,mech_a,2022-09-06
CHG-03163,P-0701,2,material_change,supplier_issue,mech_a,2023-11-17
CHG-03164,P-0701,3,drawing_note,design_review,mech_a,2023-02-06
CHG-03165,P-0702,1,tolerance_tightening,cost_reduction,hw_integration,2023-07-20
CHG-03166,P-0702,2,drawing_note,test_failure,hw_integration,2023-01-27
CHG-03167,P-0703,1,feature_add,cost_reduction,mech_b,2022-08-18
CHG-03168,P-0703,2,feature_remove,design_review,mech_b,2023-05-12
CHG-03169,P-0703,3,material_change,test_failure,mech_b,2023-02-12
CHG-03170,P-0703,4,dimension_update,design_review,mech_b,2022-09-18
CHG-03171,P-0703,5,feature_remove,cost_reduction,mech_b,2022-10-21
CHG-03172,P-0703,6,material_change,customer_request,mech_b,2023-06-08
CHG-03173,P-0704,1,material_change,customer_request,elec_a,2026-06-11
CHG-03174,P-0704,2,feature_remove,supplier_issue,elec_a,2025-11-21
CHG-03175,P-0705,1,material_change,customer_request,elec_a,2024-05-30
CHG-03176,P-0705,2,material_change,supplier_issue,elec_a,2023-01-27
CHG-03177,P-0705,3,material_change,test_failure,elec_a,2023-02-13
CHG-03178,P-0705,4,tolerance_tightening,cost_reduction,elec_a,2024-01-31
CHG-03179,P-0705,5,material_change,test_failure,elec_a,2023-12-11
CHG-03180,P-0706,1,tolerance_tightening,design_review,mech_b,2024-11-08
CHG-03181,P-0706,2,material_change,test_failure,mech_b,2025-03-03
CHG-03182,P-0706,3,drawing_note,test_failure,mech_b,2025-10-07
CHG-03183,P-0707,1,dimension_update,cost_reduction,elec_a,2025-02-16
CHG-03184,P-0707,2,dimension_update,cost_reduction,elec_a,2025-03-09
CHG-03185,P-0707,3,tolerance_tightening,design_review,elec_a,2025-03-22
CHG-03186,P-0707,4,drawing_note,test_failure,elec_a,2024-06-21
CHG-03187,P-0707,5,drawing_note,test_failure,elec_a,2024-07-02
CHG-03188,P-0707,6,tolerance_tightening,test_failure,elec_a,2025-04-30
CHG-03189,P-0707,7,tolerance_tightening,cost_reduction,elec_a,2025-03-07
CHG-03190,P-0708,1,feature_remove,design_review,elec_a,2023-02-20
CHG-03191,P-0708,2,material_change,design_review,elec_a,2023-03-26
CHG-03192,P-0708,3,dimension_update,test_failure,elec_a,2022-12-12
CHG-03193,P-0709,1,feature_remove,customer_request,mech_a,2022-10-17
CHG-03194,P-0709,2,material_change,test_failure,mech_a,2022-11-16
CHG-03195,P-0709,3,tolerance_tightening,supplier_issue,mech_a,2023-08-31
CHG-03196,P-0709,4,tolerance_tightening,design_review,mech_a,2023-11-21
CHG-03197,P-0709,5,feature_add,design_review,mech_a,2023-11-18
CHG-03198,P-0710,1,material_change,customer_request,elec_a,2026-01-02
CHG-03199,P-0710,2,feature_add,design_review,elec_a,2025-07-25
CHG-03200,P-0710,3,tolerance_tightening,test_failure,elec_a,2025-04-06
CHG-03201,P-0710,4,drawing_note,cost_reduction,elec_a,2025-10-12
CHG-03202,P-0710,5,feature_remove,test_failure,elec_a,2025-04-12
CHG-03203,P-0711,1,material_change,cost_reduction,mech_a,2024-11-05
CHG-03204,P-0711,2,tolerance_tightening,cost_reduction,mech_a,2025-03-14
CHG-03205,P-0711,3,feature_remove,design_review,mech_a,2024-11-24
CHG-03206,P-0711,4,drawing_note,cost_reduction,mech_a,2025-07-07
CHG-03207,P-0711,5,feature_add,design_review,mech_a,2025-10-04
CHG-03208,P-0711,6,material_change,design_review,mech_a,2026-02-12
CHG-03209,P-0712,1,material_change,cost_reduction,mech_b,2024-04-23
CHG-03210,P-0712,2,tolerance_tightening,test_failure,mech_b,2024-07-17
CHG-03211,P-0712,3,material_change,supplier_issue,mech_b,2025-03-17
CHG-03212,P-0712,4,dimension_update,customer_request,mech_b,2024-06-23
CHG-03213,P-0712,5,feature_remove,supplier_issue,mech_b,2024-07-31
CHG-03214,P-0713,1,tolerance_tightening,supplier_issue,hw_integration,2023-07-03
CHG-03215,P-0713,2,feature_remove,supplier_issue,hw_integration,2023-08-13
CHG-03216,P-0713,3,material_change,customer_request,hw_integration,2024-04-18
CHG-03217,P-0713,4,feature_add,cost_reduction,hw_integration,2024-06-16
CHG-03218,P-0713,5,dimension_update,test_failure,hw_integration,2024-02-28
CHG-03219,P-0714,1,feature_add,design_review,hw_integration,2024-05-04
CHG-03220,P-0714,2,feature_remove,design_review,hw_integration,2024-05-14
CHG-03221,P-0714,3,feature_add,design_review,hw_integration,2023-11-26
CHG-03222,P-0714,4,feature_add,design_review,hw_integration,2023-09-28
CHG-03223,P-0715,1,feature_add,cost_reduction,mech_a,2025-08-01
CHG-03224,P-0715,2,material_change,supplier_issue,mech_a,2025-08-11
CHG-03225,P-0715,3,tolerance_tightening,customer_request,mech_a,2025-04-18
CHG-03226,P-0716,1,dimension_update,cost_reduction,elec_a,2023-12-25
CHG-03227,P-0716,2,material_change,design_review,elec_a,2023-08-02
CHG-03228,P-0716,3,feature_add,cost_reduction,elec_a,2023-11-10
CHG-03229,P-0716,4,drawing_note,design_review,elec_a,2023-01-27
CHG-03230,P-0717,1,feature_add,design_review,elec_a,2022-09-23
CHG-03231,P-0717,2,drawing_note,design_review,elec_a,2022-11-02
CHG-03232,P-0717,3,dimension_update,design_review,elec_a,2022-05-05
CHG-03233,P-0717,4,feature_add,cost_reduction,elec_a,2023-04-05
CHG-03234,P-0717,5,feature_add,design_review,elec_a,2023-02-25
CHG-03235,P-0717,6,drawing_note,test_failure,elec_a,2022-07-26
CHG-03236,P-0718,1,tolerance_tightening,test_failure,elec_a,2023-03-26
CHG-03237,P-0718,2,feature_remove,supplier_issue,elec_a,2023-09-19
CHG-03238,P-0719,1,dimension_update,customer_request,hw_integration,2023-11-12
CHG-03239,P-0719,2,tolerance_tightening,design_review,hw_integration,2023-01-30
CHG-03240,P-0719,3,feature_remove,supplier_issue,hw_integration,2023-12-23
CHG-03241,P-0720,1,dimension_update,design_review,mech_a,2023-02-23
CHG-03242,P-0720,2,material_change,test_failure,mech_a,2023-12-01
CHG-03243,P-0720,3,tolerance_tightening,design_review,mech_a,2023-06-28
CHG-03244,P-0720,4,tolerance_tightening,customer_request,mech_a,2023-01-16
CHG-03245,P-0721,1,drawing_note,customer_request,elec_a,2023-12-11
CHG-03246,P-0721,2,feature_remove,test_failure,elec_a,2024-10-22
CHG-03247,P-0721,3,feature_add,design_review,elec_a,2024-03-31
CHG-03248,P-0722,1,drawing_note,cost_reduction,mech_b,2025-10-31
CHG-03249,P-0722,2,feature_remove,design_review,mech_b,2025-05-01
CHG-03250,P-0722,3,feature_remove,customer_request,mech_b,2025-11-30
CHG-03251,P-0722,4,dimension_update,design_review,mech_b,2025-05-21
CHG-03252,P-0723,1,drawing_note,supplier_issue,mech_a,2025-09-19
CHG-03253,P-0723,2,feature_remove,customer_request,mech_a,2024-12-18
CHG-03254,P-0723,3,feature_remove,supplier_issue,mech_a,2024-11-05
CHG-03255,P-0723,4,feature_remove,test_failure,mech_a,2025-02-28
CHG-03256,P-0723,5,material_change,design_review,mech_a,2024-08-20
CHG-03257,P-0723,6,feature_remove,design_review,mech_a,2025-02-14
CHG-03258,P-0724,1,tolerance_tightening,supplier_issue,mech_b,2023-07-04
CHG-03259,P-0724,2,dimension_update,test_failure,mech_b,2023-01-05
CHG-03260,P-0724,3,feature_add,cost_reduction,mech_b,2023-07-02
CHG-03261,P-0724,4,tolerance_tightening,test_failure,mech_b,2023-01-11
CHG-03262,P-0724,5,feature_add,supplier_issue,mech_b,2024-02-17
CHG-03263,P-0724,6,dimension_update,cost_reduction,mech_b,2024-01-07
CHG-03264,P-0725,1,feature_add,test_failure,mech_a,2023-10-20
CHG-03265,P-0725,2,tolerance_tightening,design_review,mech_a,2024-04-22
CHG-03266,P-0725,3,material_change,supplier_issue,mech_a,2023-08-13
CHG-03267,P-0725,4,drawing_note,supplier_issue,mech_a,2024-10-03
CHG-03268,P-0725,5,tolerance_tightening,cost_reduction,mech_a,2024-05-08
CHG-03269,P-0725,6,tolerance_tightening,design_review,mech_a,2024-04-12
CHG-03270,P-0725,7,dimension_update,cost_reduction,mech_a,2024-02-05
CHG-03271,P-0726,1,material_change,cost_reduction,elec_a,2024-06-08
CHG-03272,P-0726,2,feature_add,test_failure,elec_a,2024-06-20
CHG-03273,P-0726,3,feature_add,design_review,elec_a,2024-06-26
CHG-03274,P-0726,4,material_change,test_failure,elec_a,2024-01-18
CHG-03275,P-0727,1,dimension_update,cost_reduction,elec_a,2024-02-25
CHG-03276,P-0727,2,dimension_update,test_failure,elec_a,2024-04-07
CHG-03277,P-0727,3,tolerance_tightening,supplier_issue,elec_a,2023-11-09
CHG-03278,P-0727,4,dimension_update,cost_reduction,elec_a,2024-01-27
CHG-03279,P-0728,1,feature_remove,design_review,elec_a,2025-09-22
CHG-03280,P-0728,2,dimension_update,test_failure,elec_a,2026-08-25
CHG-03281,P-0729,1,tolerance_tightening,design_review,mech_a,2026-03-22
CHG-03282,P-0729,2,feature_add,test_failure,mech_a,2026-05-12
CHG-03283,P-0729,3,dimension_update,cost_reduction,mech_a,2026-07-15
CHG-03284,P-0729,4,drawing_note,test_failure,mech_a,2025-12-19
CHG-03285,P-0729,5,material_change,test_failure,mech_a,2025-05-09
CHG-03286,P-0730,1,material_change,design_review,hw_integration,2026-04-10
CHG-03287,P-0730,2,material_change,test_failure,hw_integration,2026-05-05
CHG-03288,P-0730,3,drawing_note,customer_request,hw_integration,2025-07-01
CHG-03289,P-0730,4,feature_remove,test_failure,hw_integration,2025-08-19
CHG-03290,P-0730,5,feature_add,supplier_issue,hw_integration,2026-05-17
CHG-03291,P-0730,6,material_change,supplier_issue,hw_integration,2025-06-25
CHG-03292,P-0730,7,feature_remove,cost_reduction,hw_integration,2026-06-21
CHG-03293,P-0731,1,material_change,design_review,mech_a,2023-08-18
CHG-03294,P-0731,2,drawing_note,supplier_issue,mech_a,2024-03-27
CHG-03295,P-0731,3,tolerance_tightening,cost_reduction,mech_a,2024-06-28
CHG-03296,P-0731,4,dimension_update,customer_request,mech_a,2024-08-19
CHG-03297,P-0731,5,feature_add,customer_request,mech_a,2024-04-21
CHG-03298,P-0732,1,feature_add,test_failure,mech_b,2025-11-10
CHG-03299,P-0732,2,material_change,test_failure,mech_b,2024-12-11
CHG-03300,P-0732,3,material_change,supplier_issue,mech_b,2025-12-28
CHG-03301,P-0732,4,material_change,design_review,mech_b,2025-05-22
CHG-03302,P-0733,1,feature_add,supplier_issue,mech_b,2025-05-30
CHG-03303,P-0733,2,feature_add,cost_reduction,mech_b,2025-09-18
CHG-03304,P-0733,3,material_change,test_failure,mech_b,2024-10-22
CHG-03305,P-0733,4,material_change,design_review,mech_b,2025-01-26
CHG-03306,P-0734,1,feature_remove,design_review,elec_a,2025-11-21
CHG-03307,P-0734,2,feature_remove,test_failure,elec_a,2025-03-02
CHG-03308,P-0734,3,drawing_note,cost_reduction,elec_a,2025-05-04
CHG-03309,P-0734,4,tolerance_tightening,supplier_issue,elec_a,2025-11-09
CHG-03310,P-0734,5,drawing_note,design_review,elec_a,2025-03-06
CHG-03311,P-0734,6,dimension_update,supplier_issue,elec_a,2025-03-21
CHG-03312,P-0734,7,drawing_note,cost_reduction,elec_a,2024-12-05
CHG-03313,P-0735,1,drawing_note,cost_reduction,mech_b,2023-02-19
CHG-03314,P-0735,2,tolerance_tightening,cost_reduction,mech_b,2023-03-23
CHG-03315,P-0735,3,material_change,customer_request,mech_b,2023-02-18
CHG-03316,P-0735,4,tolerance_tightening,supplier_issue,mech_b,2022-08-13
CHG-03317,P-0735,5,dimension_update,supplier_issue,mech_b,2023-03-28
CHG-03318,P-0736,1,feature_remove,test_failure,hw_integration,2025-06-10
CHG-03319,P-0736,2,tolerance_tightening,design_review,hw_integration,2025-06-11
CHG-03320,P-0737,1,drawing_note,design_review,hw_integration,2026-08-16
CHG-03321,P-0737,2,feature_add,design_review,hw_integration,2026-07-13
CHG-03322,P-0737,3,feature_remove,customer_request,hw_integration,2026-06-06
CHG-03323,P-0737,4,tolerance_tightening,customer_request,hw_integration,2026-07-09
CHG-03324,P-0737,5,feature_add,supplier_issue,hw_integration,2025-11-20
CHG-03325,P-0737,6,material_change,customer_request,hw_integration,2025-06-10
CHG-03326,P-0737,7,drawing_note,design_review,hw_integration,2025-08-02
CHG-03327,P-0738,1,feature_remove,design_review,hw_integration,2025-04-10
CHG-03328,P-0738,2,feature_add,customer_request,hw_integration,2025-03-30
CHG-03329,P-0738,3,material_change,test_failure,hw_integration,2025-12-17
CHG-03330,P-0739,1,material_change,supplier_issue,mech_a,2025-04-12
CHG-03331,P-0739,2,drawing_note,cost_reduction,mech_a,2024-06-17
CHG-03332,P-0739,3,drawing_note,cost_reduction,mech_a,2024-08-30
CHG-03333,P-0739,4,feature_add,design_review,mech_a,2025-03-01
CHG-03334,P-0740,1,tolerance_tightening,cost_reduction,hw_integration,2024-06-19
CHG-03335,P-0740,2,dimension_update,design_review,hw_integration,2024-07-31
CHG-03336,P-0740,3,feature_remove,customer_request,hw_integration,2023-12-19
CHG-03337,P-0741,1,tolerance_tightening,design_review,mech_a,2023-07-27
CHG-03338,P-0741,2,feature_add,design_review,mech_a,2024-01-02
CHG-03339,P-0742,1,feature_add,supplier_issue,hw_integration,2023-01-07
CHG-03340,P-0742,2,tolerance_tightening,design_review,hw_integration,2023-07-27
CHG-03341,P-0742,3,feature_add,cost_reduction,hw_integration,2023-07-18
CHG-03342,P-0742,4,feature_add,cost_reduction,hw_integration,2023-05-19
CHG-03343,P-0742,5,drawing_note,test_failure,hw_integration,2022-03-29
CHG-03344,P-0742,6,tolerance_tightening,supplier_issue,hw_integration,2022-05-09
CHG-03345,P-0743,1,dimension_update,design_review,hw_integration,2025-11-08
CHG-03346,P-0743,2,drawing_note,customer_request,hw_integration,2025-08-02
CHG-03347,P-0743,3,feature_add,test_failure,hw_integration,2026-09-06
CHG-03348,P-0743,4,feature_remove,customer_request,hw_integration,2026-01-15
CHG-03349,P-0744,1,drawing_note,customer_request,mech_a,2022-11-13
CHG-03350,P-0744,2,drawing_note,cost_reduction,mech_a,2022-11-11
CHG-03351,P-0745,1,feature_add,test_failure,mech_a,2023-06-12
CHG-03352,P-0746,1,feature_add,supplier_issue,elec_a,2024-07-20
CHG-03353,P-0746,2,tolerance_tightening,test_failure,elec_a,2024-10-28
CHG-03354,P-0746,3,dimension_update,design_review,elec_a,2024-10-20
CHG-03355,P-0747,1,material_change,customer_request,mech_a,2025-03-19
CHG-03356,P-0747,2,dimension_update,design_review,mech_a,2024-06-19
CHG-03357,P-0747,3,dimension_update,cost_reduction,mech_a,2025-04-19
CHG-03358,P-0747,4,feature_remove,customer_request,mech_a,2024-11-15
CHG-03359,P-0748,1,dimension_update,test_failure,hw_integration,2023-05-14
CHG-03360,P-0748,2,feature_add,supplier_issue,hw_integration,2024-04-04
CHG-03361,P-0748,3,material_change,design_review,hw_integration,2023-05-22
CHG-03362,P-0748,4,tolerance_tightening,cost_reduction,hw_integration,2023-05-13
CHG-03363,P-0748,5,material_change,supplier_issue,hw_integration,2023-09-05
CHG-03364,P-0749,1,tolerance_tightening,design_review,elec_a,2023-09-20
CHG-03365,P-0749,2,feature_remove,cost_reduction,elec_a,2023-08-28
CHG-03366,P-0749,3,material_change,supplier_issue,elec_a,2022-11-20
CHG-03367,P-0749,4,drawing_note,supplier_issue,elec_a,2023-06-20
CHG-03368,P-0749,5,feature_remove,cost_reduction,elec_a,2022-12-28
CHG-03369,P-0749,6,material_change,design_review,elec_a,2022-10-30
CHG-03370,P-0750,1,dimension_update,supplier_issue,elec_a,2023-06-20
CHG-03371,P-0750,2,dimension_update,design_review,elec_a,2024-02-17
CHG-03372,P-0750,3,dimension_update,customer_request,elec_a,2024-06-16
CHG-03373,P-0750,4,feature_add,test_failure,elec_a,2023-05-01
CHG-03374,P-0750,5,tolerance_tightening,customer_request,elec_a,2023-06-09
CHG-03375,P-0750,6,material_change,cost_reduction,elec_a,2023-12-05
CHG-03376,P-0751,1,drawing_note,supplier_issue,hw_integration,2023-12-13
CHG-03377,P-0751,2,drawing_note,design_review,hw_integration,2023-03-19
CHG-03378,P-0751,3,material_change,test_failure,hw_integration,2024-02-05
CHG-03379,P-0751,4,drawing_note,design_review,hw_integration,2023-04-15
CHG-03380,P-0751,5,tolerance_tightening,cost_reduction,hw_integration,2023-08-31
CHG-03381,P-0752,1,dimension_update,design_review,mech_a,2023-01-18
CHG-03382,P-0752,2,dimension_update,test_failure,mech_a,2022-03-22
CHG-03383,P-0752,3,feature_remove,design_review,mech_a,2023-04-23
CHG-03384,P-0752,4,feature_add,cost_reduction,mech_a,2022-09-15
CHG-03385,P-0753,1,tolerance_tightening,test_failure,elec_a,2024-06-30
CHG-03386,P-0753,2,feature_add,customer_request,elec_a,2023-11-26
CHG-03387,P-0753,3,drawing_note,design_review,elec_a,2024-01-16
CHG-03388,P-0753,4,feature_remove,test_failure,elec_a,2023-05-22
CHG-03389,P-0753,5,tolerance_tightening,test_failure,elec_a,2023-11-23
CHG-03390,P-0754,1,tolerance_tightening,supplier_issue,hw_integration,2024-12-26
CHG-03391,P-0754,2,dimension_update,supplier_issue,hw_integration,2024-03-02
CHG-03392,P-0754,3,dimension_update,test_failure,hw_integration,2024-08-11
CHG-03393,P-0755,1,drawing_note,customer_request,mech_a,2023-08-19
CHG-03394,P-0755,2,drawing_note,cost_reduction,mech_a,2023-11-23
CHG-03395,P-0755,3,feature_add,test_failure,mech_a,2024-04-01
CHG-03396,P-0755,4,drawing_note,test_failure,mech_a,2024-01-09
CHG-03397,P-0755,5,material_change,design_review,mech_a,2023-09-23
CHG-03398,P-0756,1,material_change,cost_reduction,mech_a,2023-09-05
CHG-03399,P-0756,2,drawing_note,design_review,mech_a,2024-02-01
CHG-03400,P-0756,3,feature_remove,cost_reduction,mech_a,2024-05-23
CHG-03401,P-0756,4,feature_add,design_review,mech_a,2023-06-18
CHG-03402,P-0756,5,tolerance_tightening,design_review,mech_a,2024-01-19
CHG-03403,P-0756,6,feature_remove,customer_request,mech_a,2023-09-07
CHG-03404,P-0757,1,material_change,test_failure,mech_a,2025-07-09
CHG-03405,P-0757,2,material_change,test_failure,mech_a,2026-06-11
CHG-03406,P-0757,3,tolerance_tightening,design_review,mech_a,2026-03-03
CHG-03407,P-0757,4,feature_remove,cost_reduction,mech_a,2025-07-31
CHG-03408,P-0757,5,feature_add,customer_request,mech_a,2025-08-26
CHG-03409,P-0757,6,dimension_update,test_failure,mech_a,2025-04-12
CHG-03410,P-0758,1,tolerance_tightening,customer_request,mech_b,2023-10-03
CHG-03411,P-0758,2,tolerance_tightening,customer_request,mech_b,2023-09-20
CHG-03412,P-0758,3,feature_add,design_review,mech_b,2023-01-15
CHG-03413,P-0759,1,tolerance_tightening,cost_reduction,mech_a,2025-02-03
CHG-03414,P-0759,2,dimension_update,design_review,mech_a,2025-07-20
CHG-03415,P-0760,1,feature_remove,test_failure,mech_a,2025-01-03
CHG-03416,P-0760,2,feature_add,cost_reduction,mech_a,2024-03-27
CHG-03417,P-0760,3,tolerance_tightening,cost_reduction,mech_a,2025-05-25
CHG-03418,P-0760,4,material_change,test_failure,mech_a,2024-04-16
CHG-03419,P-0760,5,feature_remove,customer_request,mech_a,2024-09-06
CHG-03420,P-0761,1,feature_remove,cost_reduction,hw_integration,2025-08-22
CHG-03421,P-0761,2,tolerance_tightening,design_review,hw_integration,2025-02-06
CHG-03422,P-0761,3,feature_remove,supplier_issue,hw_integration,2024-08-20
CHG-03423,P-0761,4,dimension_update,cost_reduction,hw_integration,2024-07-26
CHG-03424,P-0761,5,dimension_update,cost_reduction,hw_integration,2024-08-18
CHG-03425,P-0762,1,tolerance_tightening,cost_reduction,mech_b,2022-12-23
CHG-03426,P-0762,2,feature_remove,test_failure,mech_b,2023-07-11
CHG-03427,P-0762,3,dimension_update,customer_request,mech_b,2024-04-15
CHG-03428,P-0762,4,dimension_update,cost_reduction,mech_b,2023-06-29
CHG-03429,P-0762,5,material_change,cost_reduction,mech_b,2023-09-02
CHG-03430,P-0763,1,material_change,test_failure,mech_b,2026-05-14
CHG-03431,P-0763,2,dimension_update,customer_request,mech_b,2026-07-24
CHG-03432,P-0763,3,drawing_note,design_review,mech_b,2025-08-04
CHG-03433,P-0763,4,feature_add,test_failure,mech_b,2025-09-10
CHG-03434,P-0763,5,dimension_update,design_review,mech_b,2026-04-24
CHG-03435,P-0764,1,feature_remove,test_failure,mech_b,2024-01-22
CHG-03436,P-0764,2,feature_remove,design_review,mech_b,2024-11-24
CHG-03437,P-0764,3,dimension_update,customer_request,mech_b,2024-05-30
CHG-03438,P-0764,4,tolerance_tightening,design_review,mech_b,2024-10-08
CHG-03439,P-0765,1,material_change,cost_reduction,hw_integration,2024-09-06
CHG-03440,P-0765,2,dimension_update,supplier_issue,hw_integration,2025-01-19
CHG-03441,P-0765,3,material_change,cost_reduction,hw_integration,2024-05-30
CHG-03442,P-0766,1,tolerance_tightening,cost_reduction,mech_b,2023-06-06
CHG-03443,P-0766,2,feature_remove,supplier_issue,mech_b,2022-12-25
CHG-03444,P-0766,3,drawing_note,supplier_issue,mech_b,2024-03-06
CHG-03445,P-0766,4,material_change,customer_request,mech_b,2022-12-21
CHG-03446,P-0766,5,tolerance_tightening,test_failure,mech_b,2023-01-14
CHG-03447,P-0767,1,material_change,cost_reduction,mech_b,2024-11-04
CHG-03448,P-0767,2,material_change,design_review,mech_b,2024-09-04
CHG-03449,P-0767,3,tolerance_tightening,design_review,mech_b,2023-10-14
CHG-03450,P-0767,4,feature_remove,test_failure,mech_b,2023-10-02
CHG-03451,P-0768,1,dimension_update,customer_request,hw_integration,2024-08-06
CHG-03452,P-0768,2,tolerance_tightening,test_failure,hw_integration,2024-11-08
CHG-03453,P-0768,3,dimension_update,customer_request,hw_integration,2024-09-16
CHG-03454,P-0769,1,feature_add,design_review,mech_a,2026-02-15
CHG-03455,P-0769,2,material_change,test_failure,mech_a,2026-04-09
CHG-03456,P-0770,1,drawing_note,test_failure,mech_b,2025-10-23
CHG-03457,P-0770,2,dimension_update,cost_reduction,mech_b,2025-06-17
CHG-03458,P-0770,3,feature_remove,design_review,mech_b,2025-09-13
CHG-03459,P-0770,4,drawing_note,customer_request,mech_b,2025-06-28
CHG-03460,P-0771,1,drawing_note,cost_reduction,elec_a,2022-09-30
CHG-03461,P-0771,2,drawing_note,design_review,elec_a,2023-06-05
CHG-03462,P-0771,3,dimension_update,design_review,elec_a,2023-07-24
CHG-03463,P-0772,1,feature_remove,design_review,elec_a,2023-05-31
CHG-03464,P-0772,2,drawing_note,design_review,elec_a,2022-12-03
CHG-03465,P-0772,3,tolerance_tightening,cost_reduction,elec_a,2023-06-05
CHG-03466,P-0773,1,feature_remove,test_failure,hw_integration,2025-10-10
CHG-03467,P-0773,2,drawing_note,customer_request,hw_integration,2026-07-30
CHG-03468,P-0773,3,feature_add,supplier_issue,hw_integration,2025-06-26
CHG-03469,P-0774,1,dimension_update,customer_request,hw_integration,2025-11-14
CHG-03470,P-0774,2,feature_remove,design_review,hw_integration,2025-04-19
CHG-03471,P-0774,3,material_change,customer_request,hw_integration,2025-03-23
CHG-03472,P-0774,4,drawing_note,customer_request,hw_integration,2025-08-09
CHG-03473,P-0775,1,feature_add,design_review,mech_b,2022-12-11
CHG-03474,P-0775,2,feature_add,design_review,mech_b,2023-01-17
CHG-03475,P-0775,3,tolerance_tightening,test_failure,mech_b,2022-10-18
CHG-03476,P-0775,4,feature_add,test_failure,mech_b,2023-05-26
CHG-03477,P-0775,5,tolerance_tightening,customer_request,mech_b,2023-11-06
CHG-03478,P-0776,1,feature_add,test_failure,hw_integration,2026-03-28
CHG-03479,P-0776,2,drawing_note,design_review,hw_integration,2025-11-01
CHG-03480,P-0776,3,feature_add,cost_reduction,hw_integration,2025-03-04
CHG-03481,P-0776,4,drawing_note,test_failure,hw_integration,2026-03-17
CHG-03482,P-0776,5,tolerance_tightening,cost_reduction,hw_integration,2025-03-15
CHG-03483,P-0777,1,drawing_note,supplier_issue,mech_a,2024-10-31
CHG-03484,P-0777,2,material_change,test_failure,mech_a,2024-09-11
CHG-03485,P-0777,3,drawing_note,design_review,mech_a,2025-07-19
CHG-03486,P-0777,4,material_change,cost_reduction,mech_a,2025-09-05
CHG-03487,P-0777,5,feature_add,design_review,mech_a,2026-01-06
CHG-03488,P-0778,1,tolerance_tightening,customer_request,mech_a,2026-08-27
CHG-03489,P-0778,2,feature_remove,customer_request,mech_a,2025-05-19
CHG-03490,P-0778,3,drawing_note,design_review,mech_a,2026-03-25
CHG-03491,P-0778,4,dimension_update,customer_request,mech_a,2025-07-01
CHG-03492,P-0778,5,material_change,design_review,mech_a,2025-05-30
CHG-03493,P-0778,6,feature_add,cost_reduction,mech_a,2026-04-16
CHG-03494,P-0779,1,material_change,cost_reduction,hw_integration,2023-04-21
CHG-03495,P-0779,2,feature_remove,cost_reduction,hw_integration,2023-05-24
CHG-03496,P-0779,3,feature_remove,design_review,hw_integration,2022-12-12
CHG-03497,P-0779,4,drawing_note,supplier_issue,hw_integration,2023-08-12
CHG-03498,P-0780,1,material_change,supplier_issue,mech_a,2024-12-04
CHG-03499,P-0780,2,feature_remove,test_failure,mech_a,2025-02-11
CHG-03500,P-0780,3,drawing_note,supplier_issue,mech_a,2025-02-24
CHG-03501,P-0780,4,feature_add,supplier_issue,mech_a,2025-01-05
CHG-03502,P-0781,1,feature_add,test_failure,mech_b,2023-09-06
CHG-03503,P-0781,2,drawing_note,test_failure,mech_b,2024-01-15
CHG-03504,P-0781,3,feature_remove,test_failure,mech_b,2023-05-02
CHG-03505,P-0781,4,feature_remove,customer_request,mech_b,2023-09-06
CHG-03506,P-0781,5,tolerance_tightening,customer_request,mech_b,2023-09-29
CHG-03507,P-0781,6,dimension_update,cost_reduction,mech_b,2023-06-05
CHG-03508,P-0782,1,tolerance_tightening,supplier_issue,elec_a,2024-02-13
CHG-03509,P-0782,2,drawing_note,customer_request,elec_a,2024-02-09
CHG-03510,P-0782,3,feature_remove,supplier_issue,elec_a,2025-01-16
CHG-03511,P-0783,1,material_change,customer_request,mech_b,2023-03-11
CHG-03512,P-0783,2,drawing_note,cost_reduction,mech_b,2023-01-18
CHG-03513,P-0784,1,tolerance_tightening,test_failure,hw_integration,2022-11-28
CHG-03514,P-0784,2,drawing_note,test_failure,hw_integration,2023-05-29
CHG-03515,P-0784,3,dimension_update,design_review,hw_integration,2022-07-28
CHG-03516,P-0785,1,tolerance_tightening,supplier_issue,mech_b,2024-08-24
CHG-03517,P-0785,2,feature_remove,customer_request,mech_b,2025-08-09
CHG-03518,P-0785,3,dimension_update,design_review,mech_b,2025-07-09
CHG-03519,P-0785,4,tolerance_tightening,cost_reduction,mech_b,2024-10-23
CHG-03520,P-0785,5,drawing_note,design_review,mech_b,2024-12-03
CHG-03521,P-0786,1,drawing_note,supplier_issue,elec_a,2023-06-29
CHG-03522,P-0786,2,tolerance_tightening,design_review,elec_a,2022-10-25
CHG-03523,P-0786,3,feature_remove,design_review,elec_a,2022-05-31
CHG-03524,P-0786,4,tolerance_tightening,cost_reduction,elec_a,2023-03-08
CHG-03525,P-0786,5,feature_add,supplier_issue,elec_a,2022-10-04
CHG-03526,P-0787,1,dimension_update,design_review,mech_a,2023-11-11
CHG-03527,P-0787,2,dimension_update,design_review,mech_a,2023-11-25
CHG-03528,P-0788,1,dimension_update,design_review,mech_a,2023-01-04
CHG-03529,P-0788,2,material_change,test_failure,mech_a,2023-10-10
CHG-03530,P-0788,3,material_change,design_review,mech_a,2022-12-20
CHG-03531,P-0788,4,feature_remove,design_review,mech_a,2022-11-16
CHG-03532,P-0788,5,dimension_update,test_failure,mech_a,2023-08-14
CHG-03533,P-0789,1,dimension_update,cost_reduction,mech_a,2025-11-05
CHG-03534,P-0790,1,drawing_note,design_review,elec_a,2024-02-25
CHG-03535,P-0790,2,drawing_note,supplier_issue,elec_a,2023-08-07
CHG-03536,P-0790,3,material_change,design_review,elec_a,2023-10-10
CHG-03537,P-0791,1,tolerance_tightening,cost_reduction,mech_a,2023-09-24
CHG-03538,P-0791,2,tolerance_tightening,design_review,mech_a,2023-02-19
CHG-03539,P-0791,3,material_change,test_failure,mech_a,2024-01-06
CHG-03540,P-0791,4,material_change,test_failure,mech_a,2024-01-07
CHG-03541,P-0791,5,feature_add,customer_request,mech_a,2022-12-06
CHG-03542,P-0792,1,feature_remove,cost_reduction,elec_a,2025-08-14
CHG-03543,P-0792,2,drawing_note,cost_reduction,elec_a,2025-11-17
CHG-03544,P-0792,3,tolerance_tightening,supplier_issue,elec_a,2026-03-08
CHG-03545,P-0792,4,tolerance_tightening,cost_reduction,elec_a,2025-11-01
CHG-03546,P-0793,1,feature_add,supplier_issue,mech_b,2024-09-08
CHG-03547,P-0793,2,feature_add,design_review,mech_b,2024-08-01
CHG-03548,P-0793,3,tolerance_tightening,design_review,mech_b,2025-01-08
CHG-03549,P-0793,4,material_change,test_failure,mech_b,2024-07-12
CHG-03550,P-0794,1,drawing_note,design_review,elec_a,2022-09-04
CHG-03551,P-0794,2,drawing_note,customer_request,elec_a,2023-04-01
CHG-03552,P-0794,3,dimension_update,cost_reduction,elec_a,2023-04-12
CHG-03553,P-0794,4,feature_add,design_review,elec_a,2023-03-21
CHG-03554,P-0794,5,drawing_note,test_failure,elec_a,2022-08-22
CHG-03555,P-0795,1,drawing_note,test_failure,hw_integration,2023-07-24
CHG-03556,P-0795,2,tolerance_tightening,supplier_issue,hw_integration,2024-05-01
CHG-03557,P-0795,3,feature_remove,supplier_issue,hw_integration,2024-03-06
CHG-03558,P-0795,4,tolerance_tightening,customer_request,hw_integration,2023-04-26
CHG-03559,P-0795,5,tolerance_tightening,design_review,hw_integration,2023-12-10
CHG-03560,P-0796,1,drawing_note,customer_request,hw_integration,2025-02-28
CHG-03561,P-0796,2,feature_add,customer_request,hw_integration,2024-08-11
CHG-03562,P-0796,3,material_change,customer_request,hw_integration,2024-02-18
CHG-03563,P-0796,4,drawing_note,test_failure,hw_integration,2024-12-02
CHG-03564,P-0796,5,dimension_update,cost_reduction,hw_integration,2024-03-20
CHG-03565,P-0796,6,tolerance_tightening,customer_request,hw_integration,2024-06-21
CHG-03566,P-0796,7,dimension_update,cost_reduction,hw_integration,2025-01-19
CHG-03567,P-0796,8,drawing_note,cost_reduction,hw_integration,2024-05-03
CHG-03568,P-0797,1,feature_remove,test_failure,mech_a,2025-12-26
CHG-03569,P-0797,2,dimension_update,cost_reduction,mech_a,2025-05-07
CHG-03570,P-0798,1,feature_add,design_review,hw_integration,2025-09-01
CHG-03571,P-0798,2,drawing_note,test_failure,hw_integration,2025-12-07
CHG-03572,P-0798,3,material_change,supplier_issue,hw_integration,2025-07-16
CHG-03573,P-0798,4,feature_add,supplier_issue,hw_integration,2026-09-17
CHG-03574,P-0798,5,dimension_update,design_review,hw_integration,2026-03-16
CHG-03575,P-0798,6,tolerance_tightening,supplier_issue,hw_integration,2026-02-01
CHG-03576,P-0798,7,tolerance_tightening,customer_request,hw_integration,2026-09-02
CHG-03577,P-0799,1,tolerance_tightening,design_review,hw_integration,2025-03-28
CHG-03578,P-0799,2,feature_remove,customer_request,hw_integration,2026-03-24
CHG-03579,P-0799,3,drawing_note,customer_request,hw_integration,2026-04-09
CHG-03580,P-0799,4,material_change,cost_reduction,hw_integration,2025-07-23
CHG-03581,P-0799,5,dimension_update,design_review,hw_integration,2025-09-22
CHG-03582,P-0800,1,dimension_update,test_failure,elec_a,2022-03-18
CHG-03583,P-0800,2,dimension_update,design_review,elec_a,2022-01-24
CHG-03584,P-0800,3,dimension_update,supplier_issue,elec_a,2022-05-02
CHG-03585,P-0801,1,material_change,supplier_issue,mech_a,2024-12-26
CHG-03586,P-0801,2,feature_add,design_review,mech_a,2023-10-10
CHG-03587,P-0801,3,drawing_note,design_review,mech_a,2024-02-16
CHG-03588,P-0801,4,drawing_note,customer_request,mech_a,2024-05-08
CHG-03589,P-0801,5,drawing_note,test_failure,mech_a,2024-04-25
CHG-03590,P-0802,1,dimension_update,customer_request,elec_a,2022-05-26
CHG-03591,P-0802,2,drawing_note,supplier_issue,elec_a,2022-03-12
CHG-03592,P-0802,3,drawing_note,cost_reduction,elec_a,2022-10-17
CHG-03593,P-0802,4,feature_add,test_failure,elec_a,2023-03-08
CHG-03594,P-0802,5,drawing_note,cost_reduction,elec_a,2022-05-21
CHG-03595,P-0802,6,feature_add,design_review,elec_a,2023-07-02
CHG-03596,P-0802,7,feature_add,test_failure,elec_a,2023-03-02
CHG-03597,P-0802,8,tolerance_tightening,design_review,elec_a,2022-08-03
CHG-03598,P-0802,9,drawing_note,design_review,elec_a,2023-02-26
CHG-03599,P-0802,10,feature_add,design_review,elec_a,2023-04-30
CHG-03600,P-0803,1,feature_add,design_review,elec_a,2024-03-03
CHG-03601,P-0803,2,feature_remove,design_review,elec_a,2023-12-24
CHG-03602,P-0803,3,tolerance_tightening,test_failure,elec_a,2023-10-07
CHG-03603,P-0803,4,feature_add,supplier_issue,elec_a,2024-04-05
CHG-03604,P-0804,1,material_change,design_review,elec_a,2022-12-27
CHG-03605,P-0804,2,feature_add,design_review,elec_a,2022-12-29
CHG-03606,P-0804,3,feature_add,test_failure,elec_a,2023-01-09
CHG-03607,P-0804,4,material_change,test_failure,elec_a,2023-02-01
CHG-03608,P-0805,1,feature_remove,cost_reduction,mech_b,2023-01-18
CHG-03609,P-0805,2,feature_add,design_review,mech_b,2023-06-30
CHG-03610,P-0805,3,feature_add,design_review,mech_b,2023-03-06
CHG-03611,P-0805,4,feature_add,customer_request,mech_b,2023-07-11
CHG-03612,P-0806,1,drawing_note,design_review,elec_a,2024-01-28
CHG-03613,P-0806,2,tolerance_tightening,design_review,elec_a,2023-02-26
CHG-03614,P-0806,3,tolerance_tightening,design_review,elec_a,2022-11-23
CHG-03615,P-0806,4,drawing_note,test_failure,elec_a,2024-01-21
CHG-03616,P-0807,1,drawing_note,customer_request,elec_a,2024-01-25
CHG-03617,P-0807,2,feature_remove,customer_request,elec_a,2024-01-18
CHG-03618,P-0807,3,material_change,customer_request,elec_a,2023-08-29
CHG-03619,P-0808,1,material_change,supplier_issue,mech_b,2024-07-24
CHG-03620,P-0808,2,material_change,customer_request,mech_b,2024-12-25
CHG-03621,P-0808,3,tolerance_tightening,design_review,mech_b,2023-12-26
CHG-03622,P-0808,4,feature_remove,cost_reduction,mech_b,2024-02-12
CHG-03623,P-0809,1,dimension_update,supplier_issue,hw_integration,2025-09-14
CHG-03624,P-0809,2,tolerance_tightening,customer_request,hw_integration,2026-02-03
CHG-03625,P-0809,3,feature_remove,test_failure,hw_integration,2025-06-14
CHG-03626,P-0809,4,tolerance_tightening,cost_reduction,hw_integration,2025-09-18
CHG-03627,P-0809,5,material_change,test_failure,hw_integration,2026-05-01
CHG-03628,P-0809,6,drawing_note,supplier_issue,hw_integration,2025-06-09
CHG-03629,P-0809,7,drawing_note,test_failure,hw_integration,2025-08-06
CHG-03630,P-0810,1,feature_add,cost_reduction,elec_a,2024-10-03
CHG-03631,P-0810,2,drawing_note,cost_reduction,elec_a,2024-09-15
CHG-03632,P-0811,1,dimension_update,design_review,mech_b,2023-01-20
CHG-03633,P-0811,2,feature_remove,customer_request,mech_b,2022-05-19
CHG-03634,P-0811,3,feature_remove,test_failure,mech_b,2022-05-12
CHG-03635,P-0812,1,drawing_note,test_failure,elec_a,2024-12-10
CHG-03636,P-0812,2,tolerance_tightening,customer_request,elec_a,2024-11-03
CHG-03637,P-0812,3,drawing_note,design_review,elec_a,2024-10-13
CHG-03638,P-0812,4,material_change,design_review,elec_a,2024-09-23
CHG-03639,P-0813,1,feature_remove,customer_request,hw_integration,2023-09-22
CHG-03640,P-0813,2,feature_remove,customer_request,hw_integration,2023-03-24
CHG-03641,P-0814,1,feature_add,test_failure,mech_b,2023-02-10
CHG-03642,P-0814,2,feature_add,test_failure,mech_b,2023-03-30
CHG-03643,P-0814,3,drawing_note,cost_reduction,mech_b,2022-08-22
CHG-03644,P-0814,4,dimension_update,design_review,mech_b,2022-07-30
CHG-03645,P-0814,5,material_change,customer_request,mech_b,2023-02-18
CHG-03646,P-0815,1,material_change,cost_reduction,elec_a,2024-06-08
CHG-03647,P-0815,2,tolerance_tightening,design_review,elec_a,2025-03-14
CHG-03648,P-0816,1,drawing_note,test_failure,mech_a,2024-07-08
CHG-03649,P-0817,1,tolerance_tightening,supplier_issue,mech_b,2023-08-27
CHG-03650,P-0817,2,dimension_update,design_review,mech_b,2023-07-09
CHG-03651,P-0818,1,dimension_update,test_failure,elec_a,2023-12-10
CHG-03652,P-0818,2,drawing_note,cost_reduction,elec_a,2023-07-20
CHG-03653,P-0818,3,feature_remove,design_review,elec_a,2023-02-11
CHG-03654,P-0818,4,drawing_note,customer_request,elec_a,2023-07-18
CHG-03655,P-0818,5,feature_add,test_failure,elec_a,2023-12-21
CHG-03656,P-0819,1,material_change,test_failure,hw_integration,2024-12-03
CHG-03657,P-0819,2,material_change,customer_request,hw_integration,2024-09-08
CHG-03658,P-0819,3,dimension_update,design_review,hw_integration,2024-08-24
CHG-03659,P-0819,4,dimension_update,customer_request,hw_integration,2023-09-30
CHG-03660,P-0819,5,tolerance_tightening,design_review,hw_integration,2023-11-16
CHG-03661,P-0819,6,tolerance_tightening,design_review,hw_integration,2024-09-09
CHG-03662,P-0819,7,dimension_update,customer_request,hw_integration,2024-03-21
CHG-03663,P-0819,8,feature_remove,supplier_issue,hw_integration,2024-10-13
CHG-03664,P-0819,9,tolerance_tightening,test_failure,hw_integration,2024-02-21
CHG-03665,P-0820,1,tolerance_tightening,supplier_issue,elec_a,2023-08-26
CHG-03666,P-0820,2,feature_add,test_failure,elec_a,2024-05-01
CHG-03667,P-0820,3,dimension_update,customer_request,elec_a,2023-11-15
CHG-03668,P-0820,4,dimension_update,design_review,elec_a,2024-11-07
CHG-03669,P-0821,1,material_change,supplier_issue,elec_a,2025-09-07
CHG-03670,P-0821,2,feature_remove,test_failure,elec_a,2025-07-16
CHG-03671,P-0821,3,drawing_note,customer_request,elec_a,2026-07-18
CHG-03672,P-0822,1,dimension_update,design_review,mech_b,2022-04-24
CHG-03673,P-0823,1,drawing_note,supplier_issue,elec_a,2022-09-26
CHG-03674,P-0823,2,drawing_note,cost_reduction,elec_a,2022-12-20
CHG-03675,P-0823,3,feature_remove,design_review,elec_a,2023-05-28
CHG-03676,P-0823,4,dimension_update,customer_request,elec_a,2023-10-21
CHG-03677,P-0823,5,tolerance_tightening,customer_request,elec_a,2023-04-01
CHG-03678,P-0824,1,material_change,supplier_issue,mech_b,2025-08-21
CHG-03679,P-0824,2,drawing_note,test_failure,mech_b,2024-11-18
CHG-03680,P-0824,3,feature_remove,test_failure,mech_b,2026-01-20
CHG-03681,P-0825,1,tolerance_tightening,cost_reduction,mech_a,2026-06-09
CHG-03682,P-0825,2,feature_remove,cost_reduction,mech_a,2025-08-12
CHG-03683,P-0825,3,tolerance_tightening,test_failure,mech_a,2026-07-31
CHG-03684,P-0826,1,feature_remove,customer_request,mech_a,2025-07-08
CHG-03685,P-0826,2,dimension_update,design_review,mech_a,2025-01-16
CHG-03686,P-0826,3,feature_add,design_review,mech_a,2025-06-04
CHG-03687,P-0827,1,dimension_update,test_failure,elec_a,2023-09-12
CHG-03688,P-0827,2,feature_remove,design_review,elec_a,2023-12-28
CHG-03689,P-0827,3,material_change,cost_reduction,elec_a,2023-09-10
CHG-03690,P-0827,4,feature_add,design_review,elec_a,2024-03-29
CHG-03691,P-0827,5,material_change,cost_reduction,elec_a,2023-04-10
CHG-03692,P-0827,6,dimension_update,design_review,elec_a,2023-05-28
CHG-03693,P-0827,7,drawing_note,supplier_issue,elec_a,2023-08-10
CHG-03694,P-0828,1,dimension_update,supplier_issue,hw_integration,2023-07-19
CHG-03695,P-0828,2,feature_remove,supplier_issue,hw_integration,2023-05-29
CHG-03696,P-0828,3,tolerance_tightening,design_review,hw_integration,2023-09-13
CHG-03697,P-0828,4,dimension_update,test_failure,hw_integration,2023-04-23
CHG-03698,P-0828,5,tolerance_tightening,cost_reduction,hw_integration,2023-10-27
CHG-03699,P-0829,1,feature_remove,test_failure,mech_b,2026-01-06
CHG-03700,P-0829,2,feature_add,cost_reduction,mech_b,2025-03-09
CHG-03701,P-0829,3,material_change,customer_request,mech_b,2024-12-24
CHG-03702,P-0830,1,material_change,cost_reduction,hw_integration,2024-11-01
CHG-03703,P-0830,2,dimension_update,test_failure,hw_integration,2025-02-14
CHG-03704,P-0830,3,feature_add,supplier_issue,hw_integration,2024-08-29
CHG-03705,P-0830,4,drawing_note,supplier_issue,hw_integration,2024-09-11
CHG-03706,P-0831,1,feature_remove,design_review,hw_integration,2024-01-26
CHG-03707,P-0831,2,feature_remove,design_review,hw_integration,2023-06-13
CHG-03708,P-0831,3,feature_remove,design_review,hw_integration,2024-09-29
CHG-03709,P-0831,4,tolerance_tightening,design_review,hw_integration,2024-09-29
CHG-03710,P-0831,5,material_change,supplier_issue,hw_integration,2024-07-12
CHG-03711,P-0831,6,tolerance_tightening,test_failure,hw_integration,2024-09-19
CHG-03712,P-0831,7,drawing_note,design_review,hw_integration,2023-09-20
CHG-03713,P-0832,1,drawing_note,cost_reduction,elec_a,2024-04-02
CHG-03714,P-0832,2,material_change,test_failure,elec_a,2023-11-30
CHG-03715,P-0833,1,feature_remove,test_failure,hw_integration,2022-08-11
CHG-03716,P-0833,2,drawing_note,design_review,hw_integration,2022-10-24
CHG-03717,P-0833,3,material_change,supplier_issue,hw_integration,2023-10-13
CHG-03718,P-0833,4,dimension_update,test_failure,hw_integration,2023-05-04
CHG-03719,P-0834,1,feature_remove,customer_request,mech_b,2025-07-30
CHG-03720,P-0834,2,material_change,test_failure,mech_b,2026-03-09
CHG-03721,P-0834,3,feature_remove,customer_request,mech_b,2024-11-21
CHG-03722,P-0835,1,feature_add,supplier_issue,mech_b,2023-06-10
CHG-03723,P-0835,2,feature_remove,test_failure,mech_b,2023-02-02
CHG-03724,P-0835,3,tolerance_tightening,customer_request,mech_b,2022-04-28
CHG-03725,P-0835,4,tolerance_tightening,cost_reduction,mech_b,2023-07-08
CHG-03726,P-0836,1,tolerance_tightening,customer_request,elec_a,2025-12-22
CHG-03727,P-0836,2,material_change,customer_request,elec_a,2025-11-19
CHG-03728,P-0836,3,drawing_note,design_review,elec_a,2025-11-08
CHG-03729,P-0836,4,tolerance_tightening,customer_request,elec_a,2026-06-04
CHG-03730,P-0836,5,feature_add,cost_reduction,elec_a,2026-06-28
CHG-03731,P-0837,1,drawing_note,supplier_issue,elec_a,2023-07-22
CHG-03732,P-0837,2,drawing_note,design_review,elec_a,2022-09-13
CHG-03733,P-0837,3,dimension_update,design_review,elec_a,2022-09-22
CHG-03734,P-0837,4,drawing_note,design_review,elec_a,2023-02-16
CHG-03735,P-0838,1,drawing_note,design_review,elec_a,2022-06-25
CHG-03736,P-0838,2,feature_add,design_review,elec_a,2023-03-26
CHG-03737,P-0838,3,tolerance_tightening,customer_request,elec_a,2023-08-31
CHG-03738,P-0838,4,tolerance_tightening,test_failure,elec_a,2023-04-15
CHG-03739,P-0838,5,drawing_note,test_failure,elec_a,2023-08-25
CHG-03740,P-0839,1,material_change,test_failure,mech_b,2023-07-08
CHG-03741,P-0839,2,tolerance_tightening,supplier_issue,mech_b,2022-09-01
CHG-03742,P-0840,1,tolerance_tightening,supplier_issue,hw_integration,2024-10-31
CHG-03743,P-0840,2,drawing_note,test_failure,hw_integration,2024-01-22
CHG-03744,P-0840,3,tolerance_tightening,design_review,hw_integration,2024-09-13
CHG-03745,P-0840,4,tolerance_tightening,cost_reduction,hw_integration,2023-11-02
CHG-03746,P-0840,5,dimension_update,design_review,hw_integration,2024-04-08
CHG-03747,P-0841,1,tolerance_tightening,supplier_issue,mech_a,2022-04-14
CHG-03748,P-0841,2,dimension_update,cost_reduction,mech_a,2023-01-29
CHG-03749,P-0841,3,tolerance_tightening,design_review,mech_a,2022-09-25
CHG-03750,P-0841,4,drawing_note,supplier_issue,mech_a,2022-12-24
CHG-03751,P-0841,5,drawing_note,design_review,mech_a,2023-01-08
CHG-03752,P-0842,1,material_change,customer_request,mech_a,2023-10-23
CHG-03753,P-0842,2,dimension_update,supplier_issue,mech_a,2023-12-26
CHG-03754,P-0842,3,tolerance_tightening,design_review,mech_a,2023-12-28
CHG-03755,P-0842,4,dimension_update,supplier_issue,mech_a,2023-11-23
CHG-03756,P-0842,5,feature_remove,design_review,mech_a,2023-04-12
CHG-03757,P-0843,1,material_change,design_review,mech_b,2025-03-31
CHG-03758,P-0843,2,material_change,design_review,mech_b,2025-09-03
CHG-03759,P-0843,3,feature_remove,test_failure,mech_b,2025-09-04
CHG-03760,P-0843,4,dimension_update,supplier_issue,mech_b,2025-02-16
CHG-03761,P-0843,5,material_change,test_failure,mech_b,2024-11-08
CHG-03762,P-0843,6,drawing_note,cost_reduction,mech_b,2025-12-14
CHG-03763,P-0843,7,feature_add,supplier_issue,mech_b,2025-11-05
CHG-03764,P-0844,1,feature_remove,test_failure,mech_a,2025-03-15
CHG-03765,P-0844,2,tolerance_tightening,customer_request,mech_a,2025-04-08
CHG-03766,P-0844,3,feature_add,supplier_issue,mech_a,2025-09-11
CHG-03767,P-0845,1,feature_remove,cost_reduction,mech_b,2023-03-18
CHG-03768,P-0845,2,tolerance_tightening,customer_request,mech_b,2024-01-30
CHG-03769,P-0845,3,feature_add,cost_reduction,mech_b,2023-06-01
CHG-03770,P-0846,1,drawing_note,test_failure,elec_a,2022-11-08
CHG-03771,P-0846,2,drawing_note,supplier_issue,elec_a,2022-03-12
CHG-03772,P-0847,1,drawing_note,cost_reduction,mech_b,2023-10-04
CHG-03773,P-0847,2,dimension_update,design_review,mech_b,2023-05-29
CHG-03774,P-0847,3,tolerance_tightening,design_review,mech_b,2023-01-23
CHG-03775,P-0847,4,dimension_update,design_review,mech_b,2023-06-21
CHG-03776,P-0847,5,tolerance_tightening,design_review,mech_b,2023-06-04
CHG-03777,P-0848,1,dimension_update,customer_request,mech_a,2025-02-02
CHG-03778,P-0848,2,material_change,design_review,mech_a,2025-01-01
CHG-03779,P-0848,3,tolerance_tightening,supplier_issue,mech_a,2024-02-21
CHG-03780,P-0848,4,material_change,supplier_issue,mech_a,2024-12-21
CHG-03781,P-0849,1,feature_remove,test_failure,mech_b,2023-11-05
CHG-03782,P-0849,2,drawing_note,cost_reduction,mech_b,2024-06-19
CHG-03783,P-0849,3,dimension_update,test_failure,mech_b,2024-06-13
CHG-03784,P-0849,4,feature_add,design_review,mech_b,2024-12-15
CHG-03785,P-0850,1,feature_remove,supplier_issue,elec_a,2025-11-08
CHG-03786,P-0850,2,feature_add,design_review,elec_a,2026-03-04
CHG-03787,P-0850,3,drawing_note,test_failure,elec_a,2026-04-03
CHG-03788,P-0850,4,feature_remove,design_review,elec_a,2026-04-03
CHG-03789,P-0851,1,feature_add,customer_request,hw_integration,2024-03-03
CHG-03790,P-0851,2,material_change,cost_reduction,hw_integration,2024-12-22
CHG-03791,P-0851,3,feature_add,test_failure,hw_integration,2023-10-14
CHG-03792,P-0851,4,feature_add,design_review,hw_integration,2024-02-04
CHG-03793,P-0852,1,feature_remove,cost_reduction,hw_integration,2023-08-08
CHG-03794,P-0852,2,feature_add,design_review,hw_integration,2024-03-12
CHG-03795,P-0852,3,dimension_update,supplier_issue,hw_integration,2023-07-01
CHG-03796,P-0852,4,dimension_update,supplier_issue,hw_integration,2023-07-11
CHG-03797,P-0853,1,drawing_note,design_review,elec_a,2024-09-07
CHG-03798,P-0853,2,tolerance_tightening,customer_request,elec_a,2025-04-29
CHG-03799,P-0853,3,drawing_note,design_review,elec_a,2024-09-30
CHG-03800,P-0853,4,feature_remove,design_review,elec_a,2024-07-06
CHG-03801,P-0854,1,feature_remove,design_review,mech_a,2025-05-31
CHG-03802,P-0854,2,material_change,design_review,mech_a,2025-07-28
CHG-03803,P-0854,3,drawing_note,test_failure,mech_a,2025-07-05
CHG-03804,P-0854,4,feature_remove,test_failure,mech_a,2026-03-31
CHG-03805,P-0854,5,material_change,design_review,mech_a,2025-11-18
CHG-03806,P-0855,1,drawing_note,test_failure,mech_a,2025-10-09
CHG-03807,P-0855,2,dimension_update,supplier_issue,mech_a,2025-08-07
CHG-03808,P-0855,3,material_change,design_review,mech_a,2025-07-21
CHG-03809,P-0855,4,material_change,test_failure,mech_a,2025-05-19
CHG-03810,P-0855,5,material_change,cost_reduction,mech_a,2025-09-15
CHG-03811,P-0856,1,dimension_update,design_review,mech_b,2022-09-15
CHG-03812,P-0856,2,material_change,design_review,mech_b,2023-01-28
CHG-03813,P-0857,1,dimension_update,design_review,mech_a,2023-11-10
CHG-03814,P-0857,2,drawing_note,design_review,mech_a,2024-09-14
CHG-03815,P-0857,3,dimension_update,supplier_issue,mech_a,2024-04-23
CHG-03816,P-0857,4,tolerance_tightening,design_review,mech_a,2024-01-29
CHG-03817,P-0857,5,drawing_note,supplier_issue,mech_a,2023-07-22
CHG-03818,P-0857,6,tolerance_tightening,test_failure,mech_a,2023-12-07
CHG-03819,P-0858,1,feature_remove,customer_request,elec_a,2025-05-05
CHG-03820,P-0858,2,dimension_update,test_failure,elec_a,2025-05-12
CHG-03821,P-0858,3,feature_add,supplier_issue,elec_a,2025-07-18
CHG-03822,P-0858,4,material_change,supplier_issue,elec_a,2026-05-10
CHG-03823,P-0859,1,material_change,cost_reduction,mech_b,2026-01-19
CHG-03824,P-0859,2,drawing_note,design_review,mech_b,2025-10-12
CHG-03825,P-0860,1,material_change,cost_reduction,hw_integration,2025-06-27
CHG-03826,P-0860,2,tolerance_tightening,design_review,hw_integration,2024-12-08
CHG-03827,P-0860,3,feature_remove,cost_reduction,hw_integration,2025-07-16
CHG-03828,P-0861,1,material_change,supplier_issue,mech_b,2023-05-01
CHG-03829,P-0861,2,feature_remove,design_review,mech_b,2023-04-24
CHG-03830,P-0861,3,tolerance_tightening,test_failure,mech_b,2023-06-30
CHG-03831,P-0861,4,feature_remove,supplier_issue,mech_b,2022-07-04
CHG-03832,P-0861,5,feature_remove,test_failure,mech_b,2022-10-03
CHG-03833,P-0862,1,tolerance_tightening,test_failure,mech_b,2023-12-17
CHG-03834,P-0862,2,drawing_note,customer_request,mech_b,2024-04-12
CHG-03835,P-0862,3,drawing_note,supplier_issue,mech_b,2023-12-29
CHG-03836,P-0862,4,material_change,supplier_issue,mech_b,2023-08-11
CHG-03837,P-0862,5,drawing_note,cost_reduction,mech_b,2024-05-13
CHG-03838,P-0863,1,drawing_note,customer_request,elec_a,2025-12-20
CHG-03839,P-0863,2,feature_add,customer_request,elec_a,2025-03-11
CHG-03840,P-0863,3,feature_remove,test_failure,elec_a,2025-07-11
CHG-03841,P-0864,1,feature_remove,customer_request,mech_a,2023-10-17
CHG-03842,P-0864,2,dimension_update,test_failure,mech_a,2023-03-02
CHG-03843,P-0864,3,drawing_note,design_review,mech_a,2022-08-10
CHG-03844,P-0864,4,dimension_update,test_failure,mech_a,2023-07-22
CHG-03845,P-0864,5,material_change,test_failure,mech_a,2023-03-24
CHG-03846,P-0865,1,feature_add,cost_reduction,hw_integration,2024-10-16
CHG-03847,P-0865,2,drawing_note,test_failure,hw_integration,2025-01-31
CHG-03848,P-0865,3,material_change,design_review,hw_integration,2025-04-14
CHG-03849,P-0866,1,feature_remove,test_failure,elec_a,2024-12-26
CHG-03850,P-0866,2,drawing_note,supplier_issue,elec_a,2024-02-07
CHG-03851,P-0866,3,dimension_update,cost_reduction,elec_a,2024-11-08
CHG-03852,P-0866,4,feature_remove,customer_request,elec_a,2023-12-01
CHG-03853,P-0866,5,drawing_note,supplier_issue,elec_a,2024-07-25
CHG-03854,P-0866,6,feature_remove,design_review,elec_a,2023-11-18
CHG-03855,P-0867,1,dimension_update,test_failure,elec_a,2025-10-03
CHG-03856,P-0867,2,drawing_note,cost_reduction,elec_a,2024-08-11
CHG-03857,P-0867,3,drawing_note,supplier_issue,elec_a,2025-05-04
CHG-03858,P-0867,4,dimension_update,supplier_issue,elec_a,2024-11-01
CHG-03859,P-0867,5,feature_add,customer_request,elec_a,2024-08-19
CHG-03860,P-0868,1,dimension_update,cost_reduction,mech_b,2024-09-04
CHG-03861,P-0868,2,feature_remove,test_failure,mech_b,2025-05-16
CHG-03862,P-0868,3,material_change,test_failure,mech_b,2024-06-21
CHG-03863,P-0868,4,material_change,test_failure,mech_b,2025-06-28
CHG-03864,P-0869,1,feature_remove,design_review,hw_integration,2022-07-25
CHG-03865,P-0869,2,material_change,test_failure,hw_integration,2022-08-09
CHG-03866,P-0869,3,dimension_update,test_failure,hw_integration,2022-06-20
CHG-03867,P-0869,4,feature_remove,test_failure,hw_integration,2023-06-25
CHG-03868,P-0869,5,material_change,cost_reduction,hw_integration,2022-06-09
CHG-03869,P-0869,6,feature_add,test_failure,hw_integration,2022-07-18
CHG-03870,P-0869,7,feature_remove,test_failure,hw_integration,2022-07-15
CHG-03871,P-0870,1,feature_remove,test_failure,hw_integration,2022-06-29
CHG-03872,P-0870,2,tolerance_tightening,customer_request,hw_integration,2022-10-10
CHG-03873,P-0870,3,dimension_update,cost_reduction,hw_integration,2022-06-24
CHG-03874,P-0871,1,feature_remove,test_failure,mech_a,2023-08-18
CHG-03875,P-0871,2,material_change,design_review,mech_a,2023-08-19
CHG-03876,P-0872,1,tolerance_tightening,design_review,elec_a,2026-07-05
CHG-03877,P-0872,2,tolerance_tightening,design_review,elec_a,2025-11-19
CHG-03878,P-0873,1,feature_remove,test_failure,hw_integration,2026-06-09
CHG-03879,P-0873,2,tolerance_tightening,design_review,hw_integration,2026-08-21
CHG-03880,P-0873,3,drawing_note,test_failure,hw_integration,2026-06-02
CHG-03881,P-0873,4,dimension_update,cost_reduction,hw_integration,2026-02-25
CHG-03882,P-0874,1,material_change,customer_request,mech_b,2025-04-18
CHG-03883,P-0874,2,dimension_update,cost_reduction,mech_b,2024-12-22
CHG-03884,P-0874,3,feature_remove,test_failure,mech_b,2025-10-28
CHG-03885,P-0874,4,tolerance_tightening,design_review,mech_b,2025-05-28
CHG-03886,P-0874,5,dimension_update,test_failure,mech_b,2024-11-05
CHG-03887,P-0874,6,drawing_note,design_review,mech_b,2025-12-03
CHG-03888,P-0875,1,tolerance_tightening,design_review,elec_a,2022-12-02
CHG-03889,P-0875,2,material_change,test_failure,elec_a,2023-05-15
CHG-03890,P-0875,3,drawing_note,design_review,elec_a,2023-08-23
CHG-03891,P-0875,4,dimension_update,design_review,elec_a,2023-02-22
CHG-03892,P-0875,5,feature_add,test_failure,elec_a,2024-02-14
CHG-03893,P-0875,6,material_change,design_review,elec_a,2023-11-02
CHG-03894,P-0876,1,feature_remove,cost_reduction,hw_integration,2025-05-03
CHG-03895,P-0876,2,tolerance_tightening,test_failure,hw_integration,2026-05-20
CHG-03896,P-0876,3,feature_add,test_failure,hw_integration,2026-02-10
CHG-03897,P-0877,1,dimension_update,supplier_issue,mech_b,2025-03-30
CHG-03898,P-0877,2,feature_remove,test_failure,mech_b,2025-08-10
CHG-03899,P-0877,3,material_change,design_review,mech_b,2025-06-27
CHG-03900,P-0878,1,material_change,cost_reduction,elec_a,2023-09-07
CHG-03901,P-0878,2,dimension_update,cost_reduction,elec_a,2023-04-26
CHG-03902,P-0878,3,material_change,design_review,elec_a,2024-05-13
CHG-03903,P-0878,4,material_change,test_failure,elec_a,2023-09-27
CHG-03904,P-0878,5,material_change,customer_request,elec_a,2023-11-13
CHG-03905,P-0879,1,drawing_note,test_failure,elec_a,2025-06-10
CHG-03906,P-0879,2,feature_remove,test_failure,elec_a,2024-08-05
CHG-03907,P-0879,3,feature_remove,customer_request,elec_a,2025-08-10
CHG-03908,P-0880,1,tolerance_tightening,design_review,mech_a,2023-08-07
CHG-03909,P-0880,2,drawing_note,design_review,mech_a,2024-08-03
CHG-03910,P-0880,3,drawing_note,supplier_issue,mech_a,2024-03-22
CHG-03911,P-0880,4,material_change,cost_reduction,mech_a,2024-08-20
CHG-03912,P-0880,5,drawing_note,supplier_issue,mech_a,2023-08-13
CHG-03913,P-0880,6,feature_remove,design_review,mech_a,2024-08-06
CHG-03914,P-0881,1,tolerance_tightening,supplier_issue,mech_a,2024-07-02
CHG-03915,P-0881,2,tolerance_tightening,test_failure,mech_a,2024-04-28
CHG-03916,P-0881,3,dimension_update,cost_reduction,mech_a,2024-01-03
CHG-03917,P-0881,4,material_change,test_failure,mech_a,2023-09-25
CHG-03918,P-0882,1,dimension_update,test_failure,elec_a,2022-12-16
CHG-03919,P-0882,2,material_change,design_review,elec_a,2023-01-18
CHG-03920,P-0883,1,tolerance_tightening,test_failure,mech_a,2024-10-21
CHG-03921,P-0883,2,tolerance_tightening,design_review,mech_a,2024-08-12
CHG-03922,P-0883,3,tolerance_tightening,design_review,mech_a,2024-08-04
CHG-03923,P-0883,4,material_change,design_review,mech_a,2024-12-05
CHG-03924,P-0883,5,material_change,test_failure,mech_a,2024-09-09
CHG-03925,P-0884,1,feature_add,cost_reduction,hw_integration,2023-03-23
CHG-03926,P-0884,2,feature_add,test_failure,hw_integration,2023-01-06
CHG-03927,P-0884,3,dimension_update,design_review,hw_integration,2023-07-04
CHG-03928,P-0884,4,material_change,design_review,hw_integration,2023-10-30
CHG-03929,P-0885,1,feature_remove,supplier_issue,elec_a,2025-10-17
CHG-03930,P-0885,2,feature_remove,design_review,elec_a,2026-05-07
CHG-03931,P-0885,3,material_change,cost_reduction,elec_a,2025-11-12
CHG-03932,P-0886,1,dimension_update,test_failure,elec_a,2023-05-17
CHG-03933,P-0886,2,tolerance_tightening,supplier_issue,elec_a,2023-06-06
CHG-03934,P-0886,3,feature_add,customer_request,elec_a,2022-12-01
CHG-03935,P-0886,4,feature_remove,design_review,elec_a,2023-07-06
CHG-03936,P-0886,5,dimension_update,cost_reduction,elec_a,2022-07-23
CHG-03937,P-0886,6,drawing_note,customer_request,elec_a,2023-05-17
CHG-03938,P-0886,7,material_change,design_review,elec_a,2023-06-07
CHG-03939,P-0886,8,tolerance_tightening,test_failure,elec_a,2022-07-26
CHG-03940,P-0886,9,tolerance_tightening,customer_request,elec_a,2023-03-10
CHG-03941,P-0887,1,feature_remove,customer_request,mech_b,2023-08-26
CHG-03942,P-0887,2,feature_remove,supplier_issue,mech_b,2023-03-24
CHG-03943,P-0887,3,feature_add,supplier_issue,mech_b,2023-02-15
CHG-03944,P-0887,4,feature_add,cost_reduction,mech_b,2023-01-09
CHG-03945,P-0888,1,feature_remove,supplier_issue,mech_b,2023-09-09
CHG-03946,P-0888,2,material_change,design_review,mech_b,2023-01-13
CHG-03947,P-0888,3,drawing_note,supplier_issue,mech_b,2022-10-25
CHG-03948,P-0888,4,material_change,design_review,mech_b,2022-08-23
CHG-03949,P-0888,5,feature_add,test_failure,mech_b,2022-10-16
CHG-03950,P-0888,6,material_change,supplier_issue,mech_b,2023-09-22
CHG-03951,P-0889,1,tolerance_tightening,customer_request,mech_b,2023-09-01
CHG-03952,P-0889,2,tolerance_tightening,customer_request,mech_b,2023-09-10
CHG-03953,P-0889,3,drawing_note,supplier_issue,mech_b,2023-05-09
CHG-03954,P-0890,1,feature_add,test_failure,elec_a,2025-06-19
CHG-03955,P-0890,2,tolerance_tightening,design_review,elec_a,2024-11-04
CHG-03956,P-0890,3,feature_add,design_review,elec_a,2024-09-09
CHG-03957,P-0890,4,dimension_update,design_review,elec_a,2025-07-04
CHG-03958,P-0891,1,tolerance_tightening,test_failure,mech_b,2026-07-27
CHG-03959,P-0891,2,tolerance_tightening,cost_reduction,mech_b,2025-04-22
CHG-03960,P-0891,3,feature_remove,supplier_issue,mech_b,2026-08-13
CHG-03961,P-0891,4,feature_remove,cost_reduction,mech_b,2025-08-18
CHG-03962,P-0891,5,tolerance_tightening,test_failure,mech_b,2026-06-21
CHG-03963,P-0892,1,feature_add,customer_request,mech_b,2022-11-16
CHG-03964,P-0892,2,drawing_note,test_failure,mech_b,2023-08-04
CHG-03965,P-0892,3,material_change,cost_reduction,mech_b,2022-08-08
CHG-03966,P-0893,1,drawing_note,customer_request,mech_a,2023-02-27
CHG-03967,P-0893,2,feature_remove,supplier_issue,mech_a,2023-05-09
CHG-03968,P-0893,3,dimension_update,design_review,mech_a,2023-08-21
CHG-03969,P-0893,4,material_change,supplier_issue,mech_a,2023-02-13
CHG-03970,P-0893,5,drawing_note,customer_request,mech_a,2023-11-02
CHG-03971,P-0894,1,feature_add,test_failure,elec_a,2022-12-20
CHG-03972,P-0894,2,tolerance_tightening,cost_reduction,elec_a,2023-03-12
CHG-03973,P-0895,1,feature_remove,customer_request,elec_a,2025-05-20
CHG-03974,P-0895,2,feature_add,supplier_issue,elec_a,2025-01-01
CHG-03975,P-0895,3,drawing_note,supplier_issue,elec_a,2026-03-06
CHG-03976,P-0895,4,material_change,test_failure,elec_a,2025-12-08
CHG-03977,P-0895,5,dimension_update,design_review,elec_a,2026-02-14
CHG-03978,P-0895,6,tolerance_tightening,cost_reduction,elec_a,2025-06-26
CHG-03979,P-0896,1,tolerance_tightening,test_failure,elec_a,2024-04-22
CHG-03980,P-0896,2,material_change,design_review,elec_a,2025-01-07
CHG-03981,P-0896,3,material_change,supplier_issue,elec_a,2023-12-01
CHG-03982,P-0896,4,material_change,design_review,elec_a,2024-08-03
CHG-03983,P-0897,1,feature_remove,test_failure,mech_b,2024-01-25
CHG-03984,P-0898,1,material_change,design_review,mech_a,2025-05-18
CHG-03985,P-0898,2,tolerance_tightening,test_failure,mech_a,2024-09-11
CHG-03986,P-0898,3,tolerance_tightening,design_review,mech_a,2024-09-10
CHG-03987,P-0899,1,material_change,test_failure,mech_b,2023-08-25
CHG-03988,P-0899,2,drawing_note,supplier_issue,mech_b,2023-01-01
CHG-03989,P-0899,3,drawing_note,test_failure,mech_b,2023-07-27
CHG-03990,P-0899,4,tolerance_tightening,test_failure,mech_b,2023-05-15
CHG-03991,P-0899,5,dimension_update,design_review,mech_b,2023-02-01
CHG-03992,P-0899,6,dimension_update,cost_reduction,mech_b,2023-05-17
CHG-03993,P-0900,1,dimension_update,cost_reduction,mech_b,2024-10-04
CHG-03994,P-0900,2,tolerance_tightening,customer_request,mech_b,2025-01-24
CHG-03995,P-0900,3,feature_add,test_failure,mech_b,2025-11-04
CHG-03996,P-0900,4,feature_remove,customer_request,mech_b,2025-01-14
CHG-03997,P-0900,5,material_change,customer_request,mech_b,2025-11-02
CHG-03998,P-0900,6,material_change,supplier_issue,mech_b,2024-09-27
CHG-03999,P-0901,1,material_change,test_failure,mech_a,2023-04-17
CHG-04000,P-0901,2,dimension_update,cost_reduction,mech_a,2022-07-25
CHG-04001,P-0901,3,feature_add,cost_reduction,mech_a,2022-11-28
CHG-04002,P-0901,4,dimension_update,customer_request,mech_a,2022-06-25
CHG-04003,P-0901,5,tolerance_tightening,customer_request,mech_a,2022-12-23
CHG-04004,P-0902,1,feature_add,cost_reduction,hw_integration,2024-03-05
CHG-04005,P-0902,2,feature_add,design_review,hw_integration,2024-10-17
CHG-04006,P-0902,3,feature_add,customer_request,hw_integration,2024-04-13
CHG-04007,P-0902,4,feature_remove,supplier_issue,hw_integration,2025-05-24
CHG-04008,P-0902,5,dimension_update,test_failure,hw_integration,2024-04-13
CHG-04009,P-0903,1,material_change,supplier_issue,mech_b,2022-09-14
CHG-04010,P-0903,2,tolerance_tightening,test_failure,mech_b,2023-03-02
CHG-04011,P-0903,3,feature_remove,customer_request,mech_b,2022-09-25
CHG-04012,P-0903,4,material_change,test_failure,mech_b,2022-04-24
CHG-04013,P-0904,1,tolerance_tightening,test_failure,mech_b,2023-01-15
CHG-04014,P-0904,2,feature_add,design_review,mech_b,2022-10-12
CHG-04015,P-0904,3,material_change,test_failure,mech_b,2023-10-13
CHG-04016,P-0904,4,feature_remove,design_review,mech_b,2023-09-03
CHG-04017,P-0905,1,feature_remove,supplier_issue,elec_a,2025-05-31
CHG-04018,P-0905,2,feature_remove,design_review,elec_a,2024-08-14
CHG-04019,P-0906,1,feature_remove,design_review,hw_integration,2025-03-27
CHG-04020,P-0906,2,dimension_update,test_failure,hw_integration,2024-03-04
CHG-04021,P-0906,3,dimension_update,design_review,hw_integration,2025-04-28
CHG-04022,P-0906,4,feature_add,customer_request,hw_integration,2024-03-01
CHG-04023,P-0906,5,drawing_note,design_review,hw_integration,2024-07-16
CHG-04024,P-0907,1,feature_add,design_review,mech_b,2024-12-03
CHG-04025,P-0907,2,tolerance_tightening,design_review,mech_b,2024-10-11
CHG-04026,P-0907,3,feature_add,supplier_issue,mech_b,2024-09-14
CHG-04027,P-0907,4,dimension_update,test_failure,mech_b,2024-08-19
CHG-04028,P-0908,1,dimension_update,customer_request,elec_a,2024-09-24
CHG-04029,P-0908,2,material_change,design_review,elec_a,2025-07-03
CHG-04030,P-0908,3,feature_remove,cost_reduction,elec_a,2024-12-22
CHG-04031,P-0908,4,material_change,cost_reduction,elec_a,2025-02-26
CHG-04032,P-0908,5,dimension_update,customer_request,elec_a,2024-07-17
CHG-04033,P-0909,1,material_change,supplier_issue,mech_a,2025-10-17
CHG-04034,P-0909,2,drawing_note,test_failure,mech_a,2026-03-28
CHG-04035,P-0909,3,feature_add,supplier_issue,mech_a,2025-01-12
CHG-04036,P-0909,4,drawing_note,test_failure,mech_a,2025-05-22
CHG-04037,P-0909,5,feature_add,design_review,mech_a,2025-03-25
CHG-04038,P-0910,1,material_change,test_failure,elec_a,2022-12-06
CHG-04039,P-0910,2,feature_remove,design_review,elec_a,2023-08-25
CHG-04040,P-0910,3,drawing_note,design_review,elec_a,2023-02-24
CHG-04041,P-0910,4,feature_add,design_review,elec_a,2024-02-14
CHG-04042,P-0910,5,feature_add,cost_reduction,elec_a,2023-07-28
CHG-04043,P-0910,6,dimension_update,supplier_issue,elec_a,2024-02-04
CHG-04044,P-0911,1,material_change,design_review,mech_a,2026-09-02
CHG-04045,P-0911,2,dimension_update,cost_reduction,mech_a,2025-07-02
CHG-04046,P-0911,3,material_change,test_failure,mech_a,2026-08-08
CHG-04047,P-0911,4,material_change,test_failure,mech_a,2025-12-05
CHG-04048,P-0911,5,tolerance_tightening,test_failure,mech_a,2026-04-04
CHG-04049,P-0911,6,dimension_update,test_failure,mech_a,2025-09-11
CHG-04050,P-0911,7,dimension_update,test_failure,mech_a,2026-09-15
CHG-04051,P-0912,1,drawing_note,design_review,mech_a,2023-04-03
CHG-04052,P-0912,2,feature_remove,test_failure,mech_a,2023-05-08
CHG-04053,P-0912,3,drawing_note,design_review,mech_a,2022-12-30
CHG-04054,P-0912,4,tolerance_tightening,test_failure,mech_a,2023-11-13
CHG-04055,P-0912,5,drawing_note,design_review,mech_a,2023-02-17
CHG-04056,P-0912,6,feature_remove,design_review,mech_a,2023-06-06
CHG-04058,P-0913,2,material_change,cost_reduction,elec_a,2025-10-18
CHG-04059,P-0913,3,tolerance_tightening,design_review,elec_a,2026-09-01
CHG-04060,P-0913,4,feature_remove,customer_request,elec_a,2025-06-22
CHG-04061,P-0913,5,tolerance_tightening,supplier_issue,elec_a,2026-06-29
CHG-04062,P-0914,1,dimension_update,cost_reduction,mech_a,2025-12-29
CHG-04063,P-0914,2,material_change,test_failure,mech_a,2026-02-06
CHG-04064,P-0914,3,material_change,test_failure,mech_a,2025-07-02
CHG-04065,P-0915,1,feature_add,supplier_issue,mech_a,2024-10-24
CHG-04066,P-0916,1,dimension_update,cost_reduction,mech_a,2022-10-27
CHG-04067,P-0916,2,tolerance_tightening,customer_request,mech_a,2022-07-15
CHG-04068,P-0916,3,tolerance_tightening,cost_reduction,mech_a,2022-12-22
CHG-04069,P-0917,1,tolerance_tightening,test_failure,hw_integration,2024-08-28
CHG-04070,P-0917,2,drawing_note,supplier_issue,hw_integration,2024-07-26
CHG-04071,P-0917,3,dimension_update,customer_request,hw_integration,2023-09-12
CHG-04072,P-0917,4,tolerance_tightening,cost_reduction,hw_integration,2024-02-03
CHG-04073,P-0917,5,dimension_update,customer_request,hw_integration,2024-02-13
CHG-04074,P-0918,1,dimension_update,design_review,elec_a,2023-06-29
CHG-04075,P-0918,2,dimension_update,design_review,elec_a,2023-09-24
CHG-04076,P-0918,3,drawing_note,supplier_issue,elec_a,2023-07-29
CHG-04077,P-0918,4,tolerance_tightening,customer_request,elec_a,2023-02-27
CHG-04078,P-0919,1,feature_remove,test_failure,mech_b,2024-08-30
CHG-04079,P-0919,2,tolerance_tightening,cost_reduction,mech_b,2024-01-17
CHG-04080,P-0919,3,tolerance_tightening,customer_request,mech_b,2024-03-23
CHG-04081,P-0919,4,dimension_update,design_review,mech_b,2024-04-28
CHG-04082,P-0920,1,drawing_note,test_failure,hw_integration,2022-12-29
CHG-04083,P-0920,2,material_change,design_review,hw_integration,2023-07-09
CHG-04084,P-0920,3,material_change,design_review,hw_integration,2023-01-13
CHG-04085,P-0921,1,dimension_update,design_review,mech_b,2022-05-10
CHG-04086,P-0921,2,dimension_update,customer_request,mech_b,2022-10-22
CHG-04087,P-0921,3,dimension_update,design_review,mech_b,2022-09-03
CHG-04088,P-0922,1,tolerance_tightening,design_review,hw_integration,2026-02-26
CHG-04089,P-0922,2,material_change,customer_request,hw_integration,2026-04-27
CHG-04090,P-0922,3,drawing_note,supplier_issue,hw_integration,2026-02-17
CHG-04091,P-0922,4,tolerance_tightening,customer_request,hw_integration,2025-12-01
CHG-04092,P-0922,5,feature_remove,cost_reduction,hw_integration,2025-10-02
CHG-04093,P-0923,1,dimension_update,cost_reduction,mech_b,2025-05-11
CHG-04094,P-0923,2,drawing_note,design_review,mech_b,2025-07-28
CHG-04095,P-0923,3,material_change,cost_reduction,mech_b,2025-12-11
CHG-04096,P-0924,1,feature_remove,customer_request,mech_a,2024-10-04
CHG-04097,P-0924,2,feature_add,supplier_issue,mech_a,2023-11-19
CHG-04098,P-0924,3,drawing_note,design_review,mech_a,2024-08-18
CHG-04099,P-0924,4,drawing_note,supplier_issue,mech_a,2024-01-17
CHG-04100,P-0925,1,feature_add,supplier_issue,mech_a,2025-06-15
CHG-04101,P-0925,2,tolerance_tightening,supplier_issue,mech_a,2025-10-14
CHG-04102,P-0925,3,material_change,design_review,mech_a,2025-12-24
CHG-04103,P-0926,1,feature_add,cost_reduction,mech_b,2026-03-09
CHG-04104,P-0926,2,material_change,cost_reduction,mech_b,2025-11-29
CHG-04105,P-0926,3,dimension_update,test_failure,mech_b,2026-08-06
CHG-04106,P-0926,4,material_change,customer_request,mech_b,2026-01-31
CHG-04107,P-0927,1,material_change,cost_reduction,mech_a,2026-06-21
CHG-04108,P-0927,2,feature_add,test_failure,mech_a,2026-03-01
CHG-04109,P-0927,3,drawing_note,design_review,mech_a,2026-07-18
CHG-04110,P-0927,4,dimension_update,design_review,mech_a,2026-03-15
CHG-04111,P-0928,1,feature_add,supplier_issue,mech_a,2025-05-12
CHG-04112,P-0928,2,material_change,test_failure,mech_a,2025-03-17
CHG-04113,P-0928,3,feature_remove,design_review,mech_a,2025-08-10
CHG-04114,P-0928,4,dimension_update,design_review,mech_a,2025-06-03
CHG-04115,P-0928,5,dimension_update,test_failure,mech_a,2025-01-11
CHG-04116,P-0929,1,feature_add,design_review,mech_b,2023-02-28
CHG-04117,P-0929,2,tolerance_tightening,test_failure,mech_b,2022-04-06
CHG-04118,P-0929,3,drawing_note,supplier_issue,mech_b,2022-05-07
CHG-04119,P-0929,4,drawing_note,test_failure,mech_b,2022-04-05
CHG-04120,P-0929,5,feature_remove,design_review,mech_b,2022-07-16
CHG-04121,P-0930,1,material_change,cost_reduction,hw_integration,2025-02-13
CHG-04122,P-0930,2,tolerance_tightening,cost_reduction,hw_integration,2025-11-02
CHG-04123,P-0930,3,material_change,supplier_issue,hw_integration,2024-10-04
CHG-04124,P-0930,4,drawing_note,design_review,hw_integration,2025-08-28
CHG-04125,P-0930,5,feature_remove,supplier_issue,hw_integration,2024-11-13
CHG-04126,P-0931,1,material_change,design_review,mech_a,2025-09-12
CHG-04127,P-0931,2,drawing_note,customer_request,mech_a,2025-04-12
CHG-04128,P-0931,3,tolerance_tightening,customer_request,mech_a,2025-12-14
CHG-04129,P-0931,4,drawing_note,supplier_issue,mech_a,2026-03-14
CHG-04130,P-0931,5,feature_remove,customer_request,mech_a,2025-10-19
CHG-04131,P-0931,6,feature_remove,test_failure,mech_a,2025-09-14
CHG-04132,P-0931,7,material_change,test_failure,mech_a,2026-02-16
CHG-04133,P-0932,1,feature_remove,test_failure,mech_a,2022-08-24
CHG-04134,P-0932,2,dimension_update,design_review,mech_a,2023-01-25
CHG-04135,P-0932,3,feature_remove,design_review,mech_a,2023-10-23
CHG-04136,P-0932,4,feature_add,supplier_issue,mech_a,2023-06-25
CHG-04137,P-0932,5,material_change,design_review,mech_a,2023-12-16
CHG-04138,P-0933,1,material_change,supplier_issue,hw_integration,2023-06-21
CHG-04139,P-0933,2,feature_add,cost_reduction,hw_integration,2023-05-03
CHG-04140,P-0933,3,material_change,test_failure,hw_integration,2023-05-16
CHG-04141,P-0933,4,dimension_update,cost_reduction,hw_integration,2022-04-27
CHG-04142,P-0933,5,material_change,design_review,hw_integration,2023-03-30
CHG-04143,P-0933,6,feature_add,design_review,hw_integration,2022-04-05
CHG-04144,P-0933,7,dimension_update,design_review,hw_integration,2023-01-26
CHG-04145,P-0933,8,drawing_note,supplier_issue,hw_integration,2023-06-28
CHG-04146,P-0934,1,material_change,customer_request,mech_a,2023-11-16
CHG-04147,P-0934,2,drawing_note,design_review,mech_a,2023-03-31
CHG-04148,P-0934,3,drawing_note,test_failure,mech_a,2024-05-21
CHG-04149,P-0934,4,feature_add,supplier_issue,mech_a,2024-07-25
CHG-04150,P-0934,5,tolerance_tightening,supplier_issue,mech_a,2024-03-11
CHG-04151,P-0934,6,material_change,customer_request,mech_a,2023-03-24
CHG-04152,P-0935,1,feature_add,design_review,hw_integration,2025-12-31
CHG-04153,P-0935,2,material_change,test_failure,hw_integration,2025-03-08
CHG-04154,P-0935,3,material_change,design_review,hw_integration,2025-03-04
CHG-04155,P-0935,4,material_change,customer_request,hw_integration,2025-06-23
CHG-04156,P-0935,5,feature_add,test_failure,hw_integration,2025-03-30
CHG-04157,P-0935,6,dimension_update,cost_reduction,hw_integration,2025-10-09
CHG-04158,P-0936,1,feature_remove,customer_request,elec_a,2024-11-13
CHG-04159,P-0936,2,feature_remove,design_review,elec_a,2025-03-24
CHG-04160,P-0936,3,dimension_update,customer_request,elec_a,2025-04-11
CHG-04161,P-0936,4,tolerance_tightening,supplier_issue,elec_a,2026-01-06
CHG-04162,P-0936,5,tolerance_tightening,test_failure,elec_a,2025-07-17
CHG-04163,P-0936,6,tolerance_tightening,test_failure,elec_a,2025-04-28
CHG-04164,P-0936,7,dimension_update,supplier_issue,elec_a,2026-01-17
CHG-04165,P-0937,1,tolerance_tightening,customer_request,hw_integration,2024-02-13
CHG-04166,P-0937,2,material_change,design_review,hw_integration,2025-02-07
CHG-04167,P-0937,3,tolerance_tightening,customer_request,hw_integration,2024-10-29
CHG-04168,P-0937,4,dimension_update,design_review,hw_integration,2025-04-30
CHG-04169,P-0937,5,tolerance_tightening,customer_request,hw_integration,2024-06-24
CHG-04170,P-0937,6,tolerance_tightening,supplier_issue,hw_integration,2024-09-23
CHG-04171,P-0937,7,drawing_note,supplier_issue,hw_integration,2024-07-07
CHG-04172,P-0938,1,tolerance_tightening,design_review,elec_a,2025-08-21
CHG-04173,P-0938,2,drawing_note,cost_reduction,elec_a,2026-07-10
CHG-04174,P-0938,3,dimension_update,test_failure,elec_a,2025-09-01
CHG-04175,P-0938,4,dimension_update,test_failure,elec_a,2025-08-16
CHG-04176,P-0939,1,tolerance_tightening,customer_request,elec_a,2022-11-13
CHG-04177,P-0939,2,tolerance_tightening,design_review,elec_a,2023-05-17
CHG-04178,P-0939,3,feature_add,customer_request,elec_a,2022-09-15
CHG-04179,P-0939,4,tolerance_tightening,cost_reduction,elec_a,2023-03-11
CHG-04180,P-0939,5,tolerance_tightening,supplier_issue,elec_a,2023-06-03
CHG-04181,P-0939,6,feature_add,customer_request,elec_a,2023-10-02
CHG-04182,P-0940,1,drawing_note,cost_reduction,mech_a,2025-08-02
CHG-04183,P-0940,2,feature_remove,design_review,mech_a,2025-02-19
CHG-04184,P-0940,3,feature_add,supplier_issue,mech_a,2025-06-17
CHG-04185,P-0940,4,drawing_note,supplier_issue,mech_a,2026-03-18
CHG-04186,P-0940,5,feature_add,design_review,mech_a,2025-09-11
CHG-04187,P-0941,1,drawing_note,design_review,elec_a,2025-02-05
CHG-04188,P-0941,2,dimension_update,cost_reduction,elec_a,2026-02-06
CHG-04189,P-0941,3,drawing_note,design_review,elec_a,2026-03-01
CHG-04190,P-0941,4,feature_add,cost_reduction,elec_a,2025-03-04
CHG-04191,P-0941,5,dimension_update,customer_request,elec_a,2026-01-04
CHG-04192,P-0941,6,material_change,test_failure,elec_a,2025-10-02
CHG-04193,P-0941,7,dimension_update,design_review,elec_a,2025-09-18
CHG-04194,P-0942,1,dimension_update,customer_request,elec_a,2025-10-02
CHG-04195,P-0942,2,dimension_update,test_failure,elec_a,2026-01-07
CHG-04196,P-0942,3,feature_remove,design_review,elec_a,2025-12-06
CHG-04197,P-0943,1,feature_add,test_failure,hw_integration,2024-02-05
CHG-04198,P-0943,2,tolerance_tightening,supplier_issue,hw_integration,2023-11-21
CHG-04199,P-0943,3,tolerance_tightening,cost_reduction,hw_integration,2023-02-28
CHG-04200,P-0943,4,feature_add,design_review,hw_integration,2023-04-09
CHG-04201,P-0943,5,dimension_update,design_review,hw_integration,2023-12-26
CHG-04202,P-0944,1,tolerance_tightening,customer_request,mech_a,2025-05-15
CHG-04203,P-0944,2,tolerance_tightening,customer_request,mech_a,2025-04-06
CHG-04204,P-0944,3,tolerance_tightening,supplier_issue,mech_a,2024-09-23
CHG-04205,P-0944,4,feature_add,customer_request,mech_a,2024-10-11
CHG-04206,P-0944,5,drawing_note,cost_reduction,mech_a,2025-08-10
CHG-04207,P-0944,6,feature_remove,customer_request,mech_a,2025-04-24
CHG-04208,P-0945,1,dimension_update,test_failure,mech_a,2024-04-01
CHG-04209,P-0945,2,feature_remove,supplier_issue,mech_a,2024-03-21
CHG-04210,P-0945,3,feature_add,test_failure,mech_a,2023-09-05
CHG-04211,P-0945,4,material_change,customer_request,mech_a,2023-06-27
CHG-04212,P-0946,1,feature_remove,design_review,mech_a,2024-07-11
CHG-04213,P-0946,2,feature_remove,test_failure,mech_a,2023-11-03
CHG-04214,P-0946,3,feature_remove,design_review,mech_a,2023-11-10
CHG-04215,P-0946,4,tolerance_tightening,design_review,mech_a,2023-10-19
CHG-04216,P-0946,5,feature_add,cost_reduction,mech_a,2023-09-14
CHG-04217,P-0946,6,tolerance_tightening,test_failure,mech_a,2024-07-04
CHG-04218,P-0947,1,drawing_note,test_failure,hw_integration,2025-10-15
CHG-04219,P-0947,2,drawing_note,design_review,hw_integration,2026-03-31
CHG-04220,P-0947,3,material_change,test_failure,hw_integration,2025-06-21
CHG-04221,P-0947,4,drawing_note,customer_request,hw_integration,2026-07-29
CHG-04222,P-0948,1,tolerance_tightening,design_review,mech_a,2024-12-14
CHG-04223,P-0948,2,feature_add,design_review,mech_a,2024-08-10
CHG-04224,P-0948,3,tolerance_tightening,design_review,mech_a,2024-08-01
CHG-04225,P-0949,1,feature_add,test_failure,hw_integration,2024-12-07
CHG-04226,P-0949,2,feature_add,design_review,hw_integration,2025-09-01
CHG-04227,P-0949,3,feature_add,test_failure,hw_integration,2025-11-08
CHG-04228,P-0949,4,dimension_update,test_failure,hw_integration,2025-01-25
CHG-04229,P-0949,5,dimension_update,test_failure,hw_integration,2025-12-16
CHG-04230,P-0950,1,feature_add,test_failure,mech_b,2024-05-06
CHG-04231,P-0950,2,material_change,design_review,mech_b,2023-10-15
CHG-04232,P-0950,3,feature_add,cost_reduction,mech_b,2024-05-13
CHG-04233,P-0951,1,dimension_update,design_review,mech_b,2022-12-24
CHG-04234,P-0952,1,drawing_note,design_review,hw_integration,2023-01-02
CHG-04235,P-0952,2,material_change,customer_request,hw_integration,2022-11-08
CHG-04236,P-0952,3,tolerance_tightening,design_review,hw_integration,2023-03-29
CHG-04237,P-0952,4,drawing_note,design_review,hw_integration,2023-02-05
CHG-04238,P-0952,5,material_change,customer_request,hw_integration,2022-10-09
CHG-04239,P-0952,6,dimension_update,supplier_issue,hw_integration,2023-02-24
CHG-04240,P-0953,1,drawing_note,design_review,elec_a,2025-01-01
CHG-04241,P-0953,2,dimension_update,design_review,elec_a,2024-10-10
CHG-04242,P-0953,3,feature_remove,test_failure,elec_a,2025-04-10
CHG-04243,P-0953,4,tolerance_tightening,design_review,elec_a,2024-11-26
CHG-04244,P-0953,5,dimension_update,test_failure,elec_a,2024-09-09
CHG-04245,P-0953,6,dimension_update,cost_reduction,elec_a,2024-12-10
CHG-04246,P-0953,7,drawing_note,customer_request,elec_a,2025-07-19
CHG-04247,P-0953,8,tolerance_tightening,design_review,elec_a,2025-09-01
CHG-04248,P-0954,1,material_change,customer_request,elec_a,2023-03-19
CHG-04249,P-0954,2,feature_remove,design_review,elec_a,2023-12-27
CHG-04250,P-0954,3,tolerance_tightening,design_review,elec_a,2024-02-09
CHG-04251,P-0954,4,dimension_update,test_failure,elec_a,2024-02-05
CHG-04252,P-0954,5,feature_remove,customer_request,elec_a,2024-04-01
CHG-04253,P-0954,6,drawing_note,supplier_issue,elec_a,2023-07-05
CHG-04254,P-0954,7,tolerance_tightening,cost_reduction,elec_a,2023-05-24
CHG-04255,P-0955,1,tolerance_tightening,customer_request,hw_integration,2023-09-10
CHG-04256,P-0955,2,drawing_note,design_review,hw_integration,2023-09-18
CHG-04257,P-0956,1,dimension_update,test_failure,hw_integration,2023-03-01
CHG-04258,P-0956,2,material_change,test_failure,hw_integration,2022-08-30
CHG-04259,P-0956,3,feature_remove,test_failure,hw_integration,2023-01-20
CHG-04260,P-0956,4,feature_remove,design_review,hw_integration,2022-09-20
CHG-04261,P-0957,1,material_change,cost_reduction,elec_a,2026-01-29
CHG-04262,P-0957,2,tolerance_tightening,test_failure,elec_a,2025-11-04
CHG-04263,P-0958,1,feature_add,design_review,mech_b,2023-07-26
CHG-04264,P-0958,2,tolerance_tightening,design_review,mech_b,2023-05-27
CHG-04265,P-0958,3,material_change,design_review,mech_b,2023-04-20
CHG-04266,P-0958,4,tolerance_tightening,customer_request,mech_b,2022-07-05
CHG-04267,P-0959,1,feature_add,test_failure,hw_integration,2025-02-07
CHG-04268,P-0959,2,drawing_note,design_review,hw_integration,2024-03-14
CHG-04269,P-0959,3,dimension_update,test_failure,hw_integration,2024-06-03
CHG-04270,P-0959,4,feature_remove,supplier_issue,hw_integration,2024-09-20
CHG-04271,P-0959,5,tolerance_tightening,test_failure,hw_integration,2024-03-28
CHG-04272,P-0959,6,feature_add,test_failure,hw_integration,2025-01-24
CHG-04273,P-0960,1,feature_remove,cost_reduction,elec_a,2023-04-21
CHG-04274,P-0960,2,drawing_note,test_failure,elec_a,2024-03-13
CHG-04275,P-0960,3,tolerance_tightening,supplier_issue,elec_a,2023-07-16
CHG-04276,P-0961,1,dimension_update,supplier_issue,hw_integration,2026-07-05
CHG-04277,P-0961,2,tolerance_tightening,test_failure,hw_integration,2026-02-19
CHG-04278,P-0961,3,dimension_update,customer_request,hw_integration,2026-06-11
CHG-04279,P-0961,4,material_change,design_review,hw_integration,2025-10-23
CHG-04280,P-0961,5,tolerance_tightening,cost_reduction,hw_integration,2025-12-31
CHG-04281,P-0962,1,drawing_note,test_failure,hw_integration,2025-01-09
CHG-04282,P-0962,2,material_change,design_review,hw_integration,2024-12-12
CHG-04283,P-0962,3,tolerance_tightening,test_failure,hw_integration,2024-09-14
CHG-04284,P-0962,4,dimension_update,supplier_issue,hw_integration,2025-01-31
CHG-04285,P-0962,5,feature_remove,test_failure,hw_integration,2025-09-04
CHG-04286,P-0962,6,material_change,customer_request,hw_integration,2025-03-30
CHG-04287,P-0963,1,material_change,test_failure,elec_a,2023-02-02
CHG-04288,P-0963,2,feature_remove,supplier_issue,elec_a,2023-03-30
CHG-04289,P-0963,3,drawing_note,supplier_issue,elec_a,2023-01-26
CHG-04290,P-0963,4,drawing_note,design_review,elec_a,2023-04-14
CHG-04291,P-0963,5,feature_remove,design_review,elec_a,2022-06-12
CHG-04292,P-0964,1,tolerance_tightening,supplier_issue,mech_b,2024-04-18
CHG-04293,P-0964,2,material_change,design_review,mech_b,2024-07-17
CHG-04294,P-0965,1,feature_add,test_failure,hw_integration,2023-09-17
CHG-04295,P-0965,2,tolerance_tightening,test_failure,hw_integration,2022-10-25
CHG-04296,P-0965,3,drawing_note,cost_reduction,hw_integration,2023-03-13
CHG-04297,P-0965,4,tolerance_tightening,cost_reduction,hw_integration,2022-10-24
CHG-04298,P-0965,5,drawing_note,test_failure,hw_integration,2023-09-18
CHG-04299,P-0965,6,dimension_update,design_review,hw_integration,2023-05-09
CHG-04301,P-0966,2,material_change,design_review,hw_integration,2024-08-19
CHG-04302,P-0966,3,feature_add,customer_request,hw_integration,2024-09-05
CHG-04303,P-0966,4,tolerance_tightening,customer_request,hw_integration,2025-01-11
CHG-04304,P-0966,5,feature_add,supplier_issue,hw_integration,2024-08-13
CHG-04305,P-0967,1,drawing_note,supplier_issue,mech_a,2024-02-05
CHG-04306,P-0967,2,drawing_note,design_review,mech_a,2023-12-03
CHG-04307,P-0967,3,dimension_update,design_review,mech_a,2023-05-08
CHG-04308,P-0968,1,dimension_update,cost_reduction,elec_a,2024-09-08
CHG-04309,P-0968,2,feature_remove,supplier_issue,elec_a,2025-04-02
CHG-04310,P-0968,3,tolerance_tightening,test_failure,elec_a,2025-08-20
CHG-04311,P-0968,4,feature_remove,supplier_issue,elec_a,2024-10-25
CHG-04312,P-0968,5,feature_add,design_review,elec_a,2025-12-04
CHG-04313,P-0969,1,material_change,customer_request,elec_a,2024-06-25
CHG-04314,P-0969,2,dimension_update,design_review,elec_a,2024-03-24
CHG-04315,P-0969,3,drawing_note,cost_reduction,elec_a,2023-09-17
CHG-04316,P-0969,4,material_change,customer_request,elec_a,2024-07-01
CHG-04317,P-0969,5,feature_remove,design_review,elec_a,2024-12-18
CHG-04318,P-0969,6,tolerance_tightening,customer_request,elec_a,2024-04-28
CHG-04319,P-0969,7,feature_remove,supplier_issue,elec_a,2023-11-11
CHG-04320,P-0969,8,tolerance_tightening,design_review,elec_a,2024-11-25
CHG-04321,P-0970,1,drawing_note,cost_reduction,elec_a,2023-09-08
CHG-04322,P-0970,2,dimension_update,design_review,elec_a,2023-10-06
CHG-04323,P-0970,3,tolerance_tightening,cost_reduction,elec_a,2023-07-30
CHG-04324,P-0971,1,tolerance_tightening,test_failure,hw_integration,2025-11-21
CHG-04325,P-0971,2,feature_add,supplier_issue,hw_integration,2026-03-16
CHG-04326,P-0971,3,drawing_note,test_failure,hw_integration,2025-04-23
CHG-04327,P-0971,4,material_change,customer_request,hw_integration,2025-05-25
CHG-04328,P-0972,1,dimension_update,design_review,mech_b,2024-05-03
CHG-04329,P-0972,2,drawing_note,customer_request,mech_b,2024-09-22
CHG-04330,P-0972,3,dimension_update,design_review,mech_b,2024-02-27
CHG-04331,P-0972,4,drawing_note,test_failure,mech_b,2023-08-01
CHG-04332,P-0973,1,tolerance_tightening,test_failure,hw_integration,2023-10-15
CHG-04333,P-0973,2,feature_add,design_review,hw_integration,2023-10-09
CHG-04334,P-0973,3,material_change,customer_request,hw_integration,2023-08-10
CHG-04335,P-0973,4,material_change,customer_request,hw_integration,2023-09-16
CHG-04336,P-0973,5,feature_add,design_review,hw_integration,2022-11-07
CHG-04337,P-0973,6,feature_add,customer_request,hw_integration,2023-06-22
CHG-04338,P-0973,7,drawing_note,test_failure,hw_integration,2024-01-01
CHG-04339,P-0974,1,feature_remove,design_review,elec_a,2024-06-09
CHG-04340,P-0974,2,material_change,customer_request,elec_a,2024-03-19
CHG-04341,P-0974,3,drawing_note,cost_reduction,elec_a,2024-09-13
CHG-04342,P-0974,4,drawing_note,design_review,elec_a,2024-07-19
CHG-04343,P-0974,5,feature_remove,cost_reduction,elec_a,2024-01-06
CHG-04344,P-0975,1,tolerance_tightening,test_failure,mech_a,2026-01-11
CHG-04345,P-0975,2,material_change,test_failure,mech_a,2025-08-05
CHG-04346,P-0975,3,dimension_update,design_review,mech_a,2025-12-08
CHG-04347,P-0976,1,tolerance_tightening,customer_request,elec_a,2023-03-19
CHG-04348,P-0976,2,drawing_note,supplier_issue,elec_a,2023-06-06
CHG-04349,P-0976,3,dimension_update,test_failure,elec_a,2022-08-25
CHG-04350,P-0976,4,feature_remove,cost_reduction,elec_a,2022-04-04
CHG-04351,P-0976,5,material_change,test_failure,elec_a,2023-05-01
CHG-04352,P-0977,1,tolerance_tightening,design_review,mech_a,2023-07-25
CHG-04353,P-0977,2,dimension_update,test_failure,mech_a,2024-04-30
CHG-04354,P-0977,3,drawing_note,design_review,mech_a,2023-12-05
CHG-04355,P-0977,4,drawing_note,test_failure,mech_a,2023-10-23
CHG-04356,P-0977,5,tolerance_tightening,design_review,mech_a,2023-01-25
CHG-04357,P-0977,6,dimension_update,test_failure,mech_a,2023-05-07
CHG-04358,P-0978,1,dimension_update,design_review,hw_integration,2024-08-17
CHG-04359,P-0978,2,feature_add,design_review,hw_integration,2024-01-19
CHG-04360,P-0979,1,feature_remove,supplier_issue,hw_integration,2023-05-28
CHG-04361,P-0979,2,dimension_update,cost_reduction,hw_integration,2023-09-23
CHG-04362,P-0979,3,dimension_update,cost_reduction,hw_integration,2022-12-04
CHG-04363,P-0979,4,feature_add,cost_reduction,hw_integration,2022-12-03
CHG-04364,P-0979,5,dimension_update,cost_reduction,hw_integration,2023-10-27
CHG-04365,P-0979,6,feature_remove,design_review,hw_integration,2023-02-26
CHG-04366,P-0980,1,dimension_update,test_failure,hw_integration,2025-08-24
CHG-04367,P-0980,2,dimension_update,design_review,hw_integration,2025-07-04
CHG-04368,P-0980,3,drawing_note,cost_reduction,hw_integration,2024-11-14
CHG-04369,P-0981,1,material_change,design_review,elec_a,2022-10-23
CHG-04370,P-0981,2,material_change,cost_reduction,elec_a,2023-03-26
CHG-04371,P-0981,3,tolerance_tightening,test_failure,elec_a,2023-01-11
CHG-04372,P-0981,4,feature_add,test_failure,elec_a,2023-07-21
CHG-04373,P-0981,5,dimension_update,design_review,elec_a,2022-07-13
CHG-04374,P-0981,6,dimension_update,customer_request,elec_a,2023-05-23
CHG-04375,P-0982,1,drawing_note,cost_reduction,mech_b,2024-01-18
CHG-04376,P-0982,2,feature_remove,cost_reduction,mech_b,2022-12-04
CHG-04377,P-0982,3,drawing_note,cost_reduction,mech_b,2023-08-01
CHG-04378,P-0983,1,drawing_note,test_failure,mech_b,2024-03-08
CHG-04379,P-0983,2,feature_add,test_failure,mech_b,2025-01-24
CHG-04380,P-0983,3,drawing_note,design_review,mech_b,2024-02-03
CHG-04381,P-0983,4,tolerance_tightening,customer_request,mech_b,2024-08-18
CHG-04382,P-0983,5,dimension_update,test_failure,mech_b,2024-11-18
CHG-04383,P-0983,6,feature_add,supplier_issue,mech_b,2024-08-09
CHG-04384,P-0984,1,drawing_note,test_failure,hw_integration,2025-01-14
CHG-04385,P-0984,2,drawing_note,customer_request,hw_integration,2025-08-09
CHG-04386,P-0984,3,tolerance_tightening,supplier_issue,hw_integration,2026-01-07
CHG-04387,P-0984,4,feature_remove,customer_request,hw_integration,2025-04-10
CHG-04388,P-0984,5,dimension_update,customer_request,hw_integration,2025-04-01
CHG-04389,P-0985,1,drawing_note,customer_request,mech_a,2024-01-02
CHG-04390,P-0985,2,material_change,design_review,mech_a,2023-07-04
CHG-04391,P-0985,3,feature_add,test_failure,mech_a,2024-05-27
CHG-04392,P-0985,4,tolerance_tightening,supplier_issue,mech_a,2023-10-10
CHG-04393,P-0985,5,feature_remove,test_failure,mech_a,2023-11-25
CHG-04394,P-0986,1,feature_add,design_review,hw_integration,2023-10-07
CHG-04395,P-0986,2,drawing_note,cost_reduction,hw_integration,2023-11-20
CHG-04396,P-0986,3,dimension_update,cost_reduction,hw_integration,2024-02-18
CHG-04397,P-0986,4,drawing_note,customer_request,hw_integration,2023-08-16
CHG-04398,P-0986,5,feature_add,cost_reduction,hw_integration,2023-08-08
CHG-04399,P-0986,6,dimension_update,cost_reduction,hw_integration,2023-01-06
CHG-04400,P-0987,1,dimension_update,design_review,mech_b,2025-08-17
CHG-04401,P-0987,2,feature_add,design_review,mech_b,2025-12-30
CHG-04402,P-0987,3,material_change,cost_reduction,mech_b,2025-09-04
CHG-04403,P-0987,4,feature_add,cost_reduction,mech_b,2025-12-25
CHG-04404,P-0987,5,feature_remove,test_failure,mech_b,2025-10-29
CHG-04405,P-0987,6,drawing_note,design_review,mech_b,2026-07-26
CHG-04406,P-0987,7,dimension_update,test_failure,mech_b,2026-04-26
CHG-04407,P-0988,1,drawing_note,test_failure,elec_a,2023-12-04
CHG-04408,P-0988,2,feature_remove,cost_reduction,elec_a,2024-07-28
CHG-04409,P-0988,3,material_change,design_review,elec_a,2024-12-12
CHG-04410,P-0988,4,tolerance_tightening,supplier_issue,elec_a,2024-03-02
CHG-04411,P-0988,5,material_change,design_review,elec_a,2024-12-19
CHG-04412,P-0989,1,feature_remove,design_review,elec_a,2023-01-21
CHG-04413,P-0989,2,material_change,test_failure,elec_a,2023-12-28
CHG-04414,P-0989,3,feature_remove,cost_reduction,elec_a,2023-05-12
CHG-04415,P-0989,4,tolerance_tightening,cost_reduction,elec_a,2023-01-03
CHG-04416,P-0989,5,tolerance_tightening,design_review,elec_a,2023-09-07
CHG-04417,P-0990,1,feature_add,customer_request,mech_a,2025-02-15
CHG-04418,P-0990,2,feature_add,cost_reduction,mech_a,2026-02-18
CHG-04419,P-0990,3,feature_remove,cost_reduction,mech_a,2025-10-31
CHG-04420,P-0990,4,feature_add,supplier_issue,mech_a,2025-02-03
CHG-04421,P-0990,5,feature_add,supplier_issue,mech_a,2025-05-30
CHG-04422,P-0990,6,material_change,design_review,mech_a,2025-12-23
CHG-04423,P-0990,7,feature_remove,supplier_issue,mech_a,2025-04-07
CHG-04424,P-0990,8,drawing_note,supplier_issue,mech_a,2026-05-05
CHG-04425,P-0990,9,feature_add,customer_request,mech_a,2025-09-19
CHG-04426,P-0990,10,feature_add,cost_reduction,mech_a,2026-03-05
CHG-04427,P-0990,11,drawing_note,test_failure,mech_a,2025-08-26
CHG-04428,P-0991,1,material_change,cost_reduction,mech_a,2023-05-12
CHG-04429,P-0991,2,material_change,cost_reduction,mech_a,2022-07-26
CHG-04430,P-0991,3,drawing_note,supplier_issue,mech_a,2023-02-19
CHG-04431,P-0991,4,dimension_update,design_review,mech_a,2022-09-07
CHG-04432,P-0992,1,drawing_note,design_review,mech_a,2024-11-19
CHG-04433,P-0992,2,dimension_update,supplier_issue,mech_a,2025-01-17
CHG-04434,P-0992,3,material_change,design_review,mech_a,2025-05-01
CHG-04435,P-0992,4,tolerance_tightening,test_failure,mech_a,2025-05-27
CHG-04436,P-0992,5,dimension_update,customer_request,mech_a,2025-03-25
CHG-04437,P-0992,6,feature_remove,test_failure,mech_a,2024-09-07
CHG-04438,P-0993,1,material_change,design_review,hw_integration,2025-04-15
CHG-04439,P-0993,2,feature_add,supplier_issue,hw_integration,2025-06-16
CHG-04440,P-0993,3,feature_add,customer_request,hw_integration,2025-05-25
CHG-04441,P-0993,4,feature_remove,design_review,hw_integration,2025-04-15
CHG-04442,P-0993,5,feature_add,supplier_issue,hw_integration,2026-02-03
CHG-04443,P-0994,1,drawing_note,customer_request,mech_a,2024-08-07
CHG-04444,P-0994,2,drawing_note,cost_reduction,mech_a,2024-08-24
CHG-04445,P-0994,3,feature_add,cost_reduction,mech_a,2024-09-02
CHG-04446,P-0994,4,tolerance_tightening,design_review,mech_a,2024-07-21
CHG-04447,P-0994,5,feature_remove,test_failure,mech_a,2024-09-11
CHG-04448,P-0995,1,dimension_update,supplier_issue,elec_a,2025-06-20
CHG-04449,P-0995,2,drawing_note,customer_request,elec_a,2025-10-31
CHG-04450,P-0995,3,tolerance_tightening,test_failure,elec_a,2026-04-27
CHG-04451,P-0996,1,tolerance_tightening,design_review,mech_a,2025-07-17
CHG-04452,P-0996,2,dimension_update,design_review,mech_a,2024-04-04
CHG-04453,P-0996,3,feature_remove,cost_reduction,mech_a,2024-10-22
CHG-04454,P-0996,4,feature_remove,supplier_issue,mech_a,2024-04-20
CHG-04455,P-0996,5,drawing_note,design_review,mech_a,2024-05-29
CHG-04456,P-0996,6,material_change,supplier_issue,mech_a,2024-12-27
CHG-04457,P-0996,7,tolerance_tightening,test_failure,mech_a,2024-07-24
CHG-04458,P-0996,8,feature_remove,customer_request,mech_a,2024-08-28
CHG-04459,P-0996,9,tolerance_tightening,test_failure,mech_a,2025-05-12
CHG-04460,P-0997,1,drawing_note,supplier_issue,hw_integration,2024-11-21
CHG-04461,P-0997,2,dimension_update,test_failure,hw_integration,2024-09-07
CHG-04462,P-0997,3,drawing_note,supplier_issue,hw_integration,2024-02-11
CHG-04463,P-0997,4,drawing_note,test_failure,hw_integration,2024-08-16
CHG-04464,P-0997,5,drawing_note,cost_reduction,hw_integration,2024-08-26
CHG-04465,P-0997,6,feature_remove,customer_request,hw_integration,2024-11-30
CHG-04466,P-0998,1,drawing_note,design_review,hw_integration,2023-03-29
CHG-04467,P-0998,2,feature_add,supplier_issue,hw_integration,2023-07-19
CHG-04468,P-0998,3,material_change,test_failure,hw_integration,2022-08-14
CHG-04469,P-0998,4,material_change,test_failure,hw_integration,2022-08-17
CHG-04470,P-0998,5,material_change,customer_request,hw_integration,2022-06-26
CHG-04471,P-0999,1,feature_add,customer_request,mech_b,2023-08-29
CHG-04472,P-0999,2,material_change,test_failure,mech_b,2022-10-27
CHG-04473,P-0999,3,drawing_note,supplier_issue,mech_b,2023-09-15
CHG-04474,P-0999,4,dimension_update,customer_request,mech_b,2022-11-25
CHG-04475,P-0999,5,material_change,design_review,mech_b,2023-10-05
CHG-04476,P-1000,1,feature_remove,supplier_issue,mech_a,2025-06-01
CHG-04477,P-1000,2,material_change,design_review,mech_a,2024-06-13
CHG-04478,P-1000,3,feature_remove,test_failure,mech_a,2024-11-30
CHG-04479,P-1000,4,tolerance_tightening,supplier_issue,mech_a,2024-07-17
CHG-04480,P-1001,1,drawing_note,customer_request,mech_b,2025-03-28
CHG-04481,P-1001,2,feature_remove,design_review,mech_b,2025-03-08
CHG-04482,P-1001,3,feature_add,customer_request,mech_b,2025-01-12
CHG-04483,P-1001,4,dimension_update,design_review,mech_b,2024-06-05
CHG-04484,P-1001,5,material_change,supplier_issue,mech_b,2025-01-06
CHG-04485,P-1002,1,dimension_update,supplier_issue,elec_a,2024-10-18
CHG-04486,P-1002,2,tolerance_tightening,customer_request,elec_a,2025-01-04
CHG-04487,P-1002,3,feature_add,supplier_issue,elec_a,2024-07-12
CHG-04488,P-1002,4,drawing_note,customer_request,elec_a,2025-05-27
CHG-04489,P-1002,5,feature_remove,design_review,elec_a,2024-08-29
CHG-04490,P-1002,6,drawing_note,customer_request,elec_a,2025-05-27
CHG-04491,P-1003,1,dimension_update,design_review,elec_a,2023-01-21
CHG-04492,P-1004,1,tolerance_tightening,test_failure,elec_a,2023-03-07
CHG-04493,P-1004,2,feature_remove,cost_reduction,elec_a,2022-08-16
CHG-04494,P-1004,3,tolerance_tightening,customer_request,elec_a,2022-08-17
CHG-04495,P-1004,4,drawing_note,test_failure,elec_a,2022-11-23
CHG-04496,P-1004,5,feature_remove,design_review,elec_a,2023-08-02
CHG-04497,P-1004,6,material_change,test_failure,elec_a,2022-06-14
CHG-04498,P-1004,7,material_change,test_failure,elec_a,2023-02-05
CHG-04499,P-1004,8,feature_add,customer_request,elec_a,2023-08-08
CHG-04500,P-1004,9,drawing_note,design_review,elec_a,2022-05-08
CHG-04501,P-1004,10,material_change,customer_request,elec_a,2023-01-19
CHG-04502,P-1004,11,tolerance_tightening,test_failure,elec_a,2022-09-04
CHG-04503,P-1005,1,material_change,customer_request,elec_a,2023-02-11
CHG-04504,P-1005,2,dimension_update,supplier_issue,elec_a,2022-11-05
CHG-04505,P-1005,3,dimension_update,supplier_issue,elec_a,2022-08-14
CHG-04506,P-1006,1,feature_add,design_review,elec_a,2023-03-17
CHG-04507,P-1006,2,feature_add,design_review,elec_a,2022-07-23
CHG-04508,P-1006,3,feature_add,cost_reduction,elec_a,2023-07-30
CHG-04509,P-1006,4,feature_remove,test_failure,elec_a,2022-08-11
CHG-04510,P-1006,5,tolerance_tightening,design_review,elec_a,2023-01-12
CHG-04511,P-1006,6,dimension_update,test_failure,elec_a,2023-08-01
CHG-04512,P-1007,1,feature_remove,supplier_issue,mech_a,2023-06-15
CHG-04513,P-1007,2,drawing_note,cost_reduction,mech_a,2023-08-16
CHG-04514,P-1007,3,dimension_update,design_review,mech_a,2022-10-22
CHG-04515,P-1007,4,tolerance_tightening,design_review,mech_a,2023-05-25
CHG-04516,P-1007,5,tolerance_tightening,customer_request,mech_a,2023-01-17
CHG-04517,P-1007,6,material_change,cost_reduction,mech_a,2023-04-01
CHG-04518,P-1008,1,drawing_note,design_review,mech_a,2025-06-10
CHG-04519,P-1008,2,dimension_update,design_review,mech_a,2025-07-14
CHG-04520,P-1008,3,feature_remove,supplier_issue,mech_a,2026-09-16
CHG-04521,P-1008,4,drawing_note,design_review,mech_a,2025-07-24
CHG-04522,P-1008,5,dimension_update,design_review,mech_a,2026-09-21
CHG-04523,P-1009,1,material_change,cost_reduction,hw_integration,2025-10-06
CHG-04524,P-1009,2,feature_add,design_review,hw_integration,2025-10-25
CHG-04525,P-1009,3,feature_add,test_failure,hw_integration,2024-11-21
CHG-04526,P-1009,4,feature_add,design_review,hw_integration,2024-12-11
CHG-04527,P-1009,5,drawing_note,supplier_issue,hw_integration,2025-05-09
CHG-04528,P-1009,6,dimension_update,supplier_issue,hw_integration,2024-10-31
CHG-04529,P-1009,7,tolerance_tightening,customer_request,hw_integration,2025-08-06
CHG-04530,P-1010,1,dimension_update,cost_reduction,elec_a,2023-01-29
CHG-04531,P-1010,2,feature_remove,test_failure,elec_a,2022-12-06
CHG-04532,P-1010,3,feature_remove,cost_reduction,elec_a,2023-09-05
CHG-04533,P-1010,4,tolerance_tightening,test_failure,elec_a,2023-02-11
CHG-04534,P-1010,5,drawing_note,customer_request,elec_a,2023-05-19
CHG-04535,P-1010,6,drawing_note,supplier_issue,elec_a,2023-07-12
CHG-04536,P-1011,1,feature_remove,test_failure,hw_integration,2024-05-22
CHG-04537,P-1011,2,tolerance_tightening,supplier_issue,hw_integration,2023-05-28
CHG-04538,P-1011,3,tolerance_tightening,test_failure,hw_integration,2023-03-26
CHG-04539,P-1011,4,dimension_update,supplier_issue,hw_integration,2024-06-06
CHG-04540,P-1011,5,feature_add,customer_request,hw_integration,2023-02-08
CHG-04541,P-1011,6,dimension_update,customer_request,hw_integration,2023-10-31
CHG-04542,P-1011,7,dimension_update,cost_reduction,hw_integration,2023-05-22
CHG-04543,P-1012,1,feature_remove,customer_request,elec_a,2025-09-08
CHG-04544,P-1012,2,drawing_note,design_review,elec_a,2025-10-03
CHG-04545,P-1012,3,material_change,test_failure,elec_a,2025-11-04
CHG-04546,P-1012,4,drawing_note,test_failure,elec_a,2026-02-24
CHG-04547,P-1012,5,feature_add,test_failure,elec_a,2025-03-25
CHG-04548,P-1012,6,drawing_note,test_failure,elec_a,2025-12-15
CHG-04549,P-1013,1,drawing_note,design_review,mech_b,2023-12-16
CHG-04550,P-1013,2,feature_add,customer_request,mech_b,2024-07-06
CHG-04551,P-1014,1,material_change,customer_request,elec_a,2023-07-24
CHG-04552,P-1014,2,feature_add,supplier_issue,elec_a,2023-02-28
CHG-04553,P-1014,3,feature_add,design_review,elec_a,2023-06-21
CHG-04554,P-1015,1,feature_remove,design_review,elec_a,2024-02-23
CHG-04555,P-1015,2,drawing_note,test_failure,elec_a,2024-06-24
CHG-04556,P-1016,1,dimension_update,cost_reduction,mech_a,2023-09-21
CHG-04557,P-1016,2,tolerance_tightening,design_review,mech_a,2023-11-23
CHG-04558,P-1016,3,tolerance_tightening,supplier_issue,mech_a,2023-09-22
CHG-04559,P-1017,1,material_change,customer_request,mech_b,2024-01-16
CHG-04560,P-1017,2,dimension_update,design_review,mech_b,2025-04-04
CHG-04561,P-1017,3,tolerance_tightening,design_review,mech_b,2024-03-08
CHG-04562,P-1017,4,feature_remove,customer_request,mech_b,2025-02-26
CHG-04563,P-1017,5,feature_add,customer_request,mech_b,2024-09-09
CHG-04564,P-1017,6,feature_remove,design_review,mech_b,2024-07-18
CHG-04565,P-1017,7,dimension_update,supplier_issue,mech_b,2024-05-25
CHG-04566,P-1017,8,drawing_note,cost_reduction,mech_b,2024-11-14
CHG-04567,P-1017,9,feature_add,design_review,mech_b,2025-03-06
CHG-04568,P-1018,1,material_change,customer_request,elec_a,2024-11-15
CHG-04569,P-1018,2,feature_add,design_review,elec_a,2024-11-28
CHG-04570,P-1018,3,drawing_note,test_failure,elec_a,2024-10-09
CHG-04571,P-1018,4,feature_add,supplier_issue,elec_a,2024-07-07
CHG-04572,P-1018,5,material_change,cost_reduction,elec_a,2025-03-03
CHG-04573,P-1018,6,dimension_update,design_review,elec_a,2023-12-21
CHG-04574,P-1018,7,drawing_note,supplier_issue,elec_a,2024-06-08
CHG-04575,P-1019,1,feature_add,test_failure,mech_a,2024-04-16
CHG-04576,P-1019,2,tolerance_tightening,cost_reduction,mech_a,2024-06-13
CHG-04577,P-1019,3,dimension_update,supplier_issue,mech_a,2024-12-01
CHG-04578,P-1019,4,feature_remove,design_review,mech_a,2023-11-22
CHG-04579,P-1019,5,material_change,supplier_issue,mech_a,2024-03-25
CHG-04580,P-1020,1,feature_add,customer_request,mech_a,2024-11-08
CHG-04581,P-1020,2,dimension_update,customer_request,mech_a,2024-04-08
CHG-04582,P-1020,3,tolerance_tightening,test_failure,mech_a,2024-06-12
CHG-04583,P-1021,1,dimension_update,cost_reduction,mech_a,2023-08-25
CHG-04584,P-1021,2,drawing_note,test_failure,mech_a,2023-06-17
CHG-04585,P-1021,3,drawing_note,cost_reduction,mech_a,2024-03-29
CHG-04586,P-1021,4,drawing_note,supplier_issue,mech_a,2024-02-24
CHG-04587,P-1022,1,drawing_note,cost_reduction,elec_a,2025-01-11
CHG-04588,P-1022,2,material_change,design_review,elec_a,2024-11-24
CHG-04589,P-1022,3,feature_add,supplier_issue,elec_a,2023-12-21
CHG-04590,P-1023,1,material_change,test_failure,mech_a,2025-05-17
CHG-04591,P-1023,2,drawing_note,supplier_issue,mech_a,2025-12-27
CHG-04592,P-1023,3,drawing_note,test_failure,mech_a,2025-03-20
CHG-04593,P-1024,1,material_change,customer_request,mech_b,2023-07-05
CHG-04594,P-1024,2,material_change,customer_request,mech_b,2023-10-21
CHG-04595,P-1024,3,dimension_update,design_review,mech_b,2023-09-09
CHG-04596,P-1025,1,feature_remove,supplier_issue,mech_a,2026-03-22
CHG-04597,P-1025,2,feature_add,test_failure,mech_a,2026-05-28
CHG-04598,P-1025,3,tolerance_tightening,cost_reduction,mech_a,2025-07-03
CHG-04599,P-1025,4,dimension_update,design_review,mech_a,2025-07-11
CHG-04600,P-1025,5,dimension_update,test_failure,mech_a,2026-07-02
CHG-04601,P-1026,1,dimension_update,customer_request,mech_b,2024-08-29
CHG-04602,P-1026,2,drawing_note,test_failure,mech_b,2024-07-29
CHG-04603,P-1026,3,feature_add,customer_request,mech_b,2024-07-15
CHG-04604,P-1026,4,material_change,test_failure,mech_b,2023-10-06
CHG-04605,P-1026,5,material_change,customer_request,mech_b,2024-04-21
CHG-04606,P-1027,1,material_change,design_review,mech_a,2023-05-09
CHG-04607,P-1027,2,feature_add,supplier_issue,mech_a,2023-05-13
CHG-04608,P-1027,3,material_change,test_failure,mech_a,2024-02-15
CHG-04609,P-1027,4,feature_add,test_failure,mech_a,2023-11-14
CHG-04610,P-1028,1,feature_remove,cost_reduction,hw_integration,2024-08-22
CHG-04611,P-1028,2,tolerance_tightening,supplier_issue,hw_integration,2024-12-24
CHG-04612,P-1028,3,feature_add,design_review,hw_integration,2025-01-12
CHG-04613,P-1028,4,tolerance_tightening,test_failure,hw_integration,2025-05-29
CHG-04614,P-1028,5,material_change,customer_request,hw_integration,2024-09-13
CHG-04615,P-1028,6,drawing_note,cost_reduction,hw_integration,2025-09-02
CHG-04616,P-1029,1,feature_add,supplier_issue,mech_b,2023-12-12
CHG-04617,P-1029,2,tolerance_tightening,design_review,mech_b,2023-12-21
CHG-04618,P-1029,3,feature_add,cost_reduction,mech_b,2024-02-11
CHG-04619,P-1030,1,tolerance_tightening,test_failure,mech_a,2024-08-10
CHG-04620,P-1030,2,feature_add,test_failure,mech_a,2023-11-25
CHG-04621,P-1030,3,drawing_note,design_review,mech_a,2024-05-07
CHG-04622,P-1030,4,drawing_note,cost_reduction,mech_a,2023-11-13
CHG-04623,P-1030,5,tolerance_tightening,test_failure,mech_a,2024-02-22
CHG-04624,P-1030,6,feature_add,customer_request,mech_a,2024-04-13
CHG-04625,P-1031,1,feature_add,cost_reduction,elec_a,2024-09-02
CHG-04626,P-1031,2,material_change,test_failure,elec_a,2023-08-08
CHG-04627,P-1031,3,material_change,customer_request,elec_a,2023-06-16
CHG-04628,P-1032,1,feature_remove,test_failure,hw_integration,2025-03-14
CHG-04629,P-1032,2,tolerance_tightening,test_failure,hw_integration,2024-08-02
CHG-04630,P-1033,1,material_change,design_review,hw_integration,2022-10-29
CHG-04631,P-1033,2,tolerance_tightening,cost_reduction,hw_integration,2022-06-24
CHG-04632,P-1033,3,feature_remove,customer_request,hw_integration,2022-10-06
CHG-04633,P-1033,4,dimension_update,cost_reduction,hw_integration,2022-03-10
CHG-04634,P-1034,1,tolerance_tightening,design_review,hw_integration,2024-01-09
CHG-04635,P-1034,2,material_change,test_failure,hw_integration,2024-08-09
CHG-04636,P-1034,3,material_change,test_failure,hw_integration,2023-12-19
CHG-04637,P-1034,4,material_change,design_review,hw_integration,2023-12-09
CHG-04638,P-1034,5,drawing_note,supplier_issue,hw_integration,2024-04-05
CHG-04639,P-1035,1,dimension_update,design_review,mech_b,2025-06-18
CHG-04640,P-1035,2,material_change,test_failure,mech_b,2025-04-12
CHG-04641,P-1035,3,material_change,design_review,mech_b,2025-09-05
CHG-04642,P-1035,4,dimension_update,test_failure,mech_b,2025-08-20
CHG-04643,P-1035,5,feature_add,supplier_issue,mech_b,2025-08-02
CHG-04644,P-1035,6,material_change,test_failure,mech_b,2024-09-24
CHG-04645,P-1035,7,feature_add,test_failure,mech_b,2025-04-20
CHG-04646,P-1035,8,drawing_note,supplier_issue,mech_b,2025-11-06
CHG-04647,P-1036,1,drawing_note,test_failure,mech_b,2023-10-31
CHG-04648,P-1036,2,dimension_update,design_review,mech_b,2023-07-20
CHG-04649,P-1036,3,dimension_update,customer_request,mech_b,2024-04-18
CHG-04650,P-1036,4,dimension_update,test_failure,mech_b,2024-06-26
CHG-04651,P-1036,5,material_change,cost_reduction,mech_b,2024-06-12
CHG-04652,P-1036,6,dimension_update,customer_request,mech_b,2023-09-24
CHG-04653,P-1037,1,drawing_note,test_failure,mech_b,2024-04-08
CHG-04654,P-1037,2,feature_remove,cost_reduction,mech_b,2025-02-27
CHG-04655,P-1037,3,feature_add,test_failure,mech_b,2024-07-21
CHG-04656,P-1037,4,dimension_update,customer_request,mech_b,2024-02-16
CHG-04657,P-1038,1,feature_remove,test_failure,mech_b,2023-03-25
CHG-04658,P-1038,2,tolerance_tightening,design_review,mech_b,2023-08-04
CHG-04659,P-1038,3,feature_add,customer_request,mech_b,2023-02-25
CHG-04660,P-1038,4,feature_add,customer_request,mech_b,2023-09-30
CHG-04661,P-1038,5,dimension_update,test_failure,mech_b,2024-03-30
CHG-04662,P-1038,6,material_change,design_review,mech_b,2023-07-30
CHG-04663,P-1039,1,drawing_note,supplier_issue,hw_integration,2025-09-09
CHG-04664,P-1039,2,drawing_note,customer_request,hw_integration,2026-03-16
CHG-04665,P-1039,3,material_change,customer_request,hw_integration,2025-06-06
CHG-04666,P-1039,4,feature_remove,test_failure,hw_integration,2025-07-05
CHG-04667,P-1039,5,drawing_note,supplier_issue,hw_integration,2026-01-16
CHG-04668,P-1040,1,dimension_update,cost_reduction,mech_a,2022-12-31
CHG-04669,P-1040,2,material_change,design_review,mech_a,2023-11-04
CHG-04670,P-1040,3,tolerance_tightening,design_review,mech_a,2023-04-16
CHG-04671,P-1041,1,feature_add,supplier_issue,hw_integration,2025-04-05
CHG-04672,P-1041,2,drawing_note,design_review,hw_integration,2025-06-25
CHG-04673,P-1041,3,dimension_update,design_review,hw_integration,2024-12-31
CHG-04674,P-1041,4,drawing_note,test_failure,hw_integration,2025-11-28
CHG-04675,P-1041,5,material_change,design_review,hw_integration,2025-10-24
CHG-04676,P-1041,6,dimension_update,cost_reduction,hw_integration,2025-02-21
CHG-04677,P-1041,7,tolerance_tightening,cost_reduction,hw_integration,2025-03-22
CHG-04678,P-1041,8,material_change,test_failure,hw_integration,2025-05-16
CHG-04679,P-1041,9,feature_add,design_review,hw_integration,2025-01-07
CHG-04680,P-1042,1,dimension_update,cost_reduction,hw_integration,2024-11-06
CHG-04681,P-1042,2,feature_remove,test_failure,hw_integration,2025-06-15
CHG-04682,P-1042,3,drawing_note,design_review,hw_integration,2025-06-07
CHG-04683,P-1042,4,feature_add,cost_reduction,hw_integration,2025-10-08
CHG-04684,P-1043,1,material_change,customer_request,hw_integration,2023-11-03
CHG-04685,P-1043,2,tolerance_tightening,test_failure,hw_integration,2023-11-15
CHG-04686,P-1043,3,feature_add,cost_reduction,hw_integration,2024-05-08
CHG-04687,P-1043,4,dimension_update,design_review,hw_integration,2024-02-21
CHG-04688,P-1043,5,drawing_note,customer_request,hw_integration,2024-03-29
CHG-04689,P-1043,6,feature_remove,design_review,hw_integration,2023-08-29
CHG-04690,P-1043,7,feature_add,test_failure,hw_integration,2024-01-19
CHG-04691,P-1044,1,drawing_note,customer_request,elec_a,2025-07-16
CHG-04692,P-1044,2,dimension_update,design_review,elec_a,2025-07-24
CHG-04693,P-1044,3,drawing_note,supplier_issue,elec_a,2025-08-23
CHG-04694,P-1044,4,drawing_note,design_review,elec_a,2026-06-24
CHG-04695,P-1045,1,feature_remove,design_review,hw_integration,2026-01-18
CHG-04696,P-1045,2,tolerance_tightening,design_review,hw_integration,2026-05-04
CHG-04697,P-1045,3,tolerance_tightening,customer_request,hw_integration,2026-07-14
CHG-04698,P-1046,1,tolerance_tightening,customer_request,mech_a,2022-05-19
CHG-04699,P-1046,2,material_change,test_failure,mech_a,2023-01-12
CHG-04700,P-1046,3,dimension_update,cost_reduction,mech_a,2023-05-10
CHG-04701,P-1046,4,tolerance_tightening,design_review,mech_a,2023-02-05
CHG-04702,P-1046,5,dimension_update,customer_request,mech_a,2022-04-10
CHG-04703,P-1047,1,feature_remove,cost_reduction,hw_integration,2024-10-21
CHG-04704,P-1047,2,feature_remove,customer_request,hw_integration,2025-01-30
CHG-04705,P-1047,3,tolerance_tightening,test_failure,hw_integration,2024-10-14
CHG-04706,P-1047,4,material_change,design_review,hw_integration,2025-04-20
CHG-04707,P-1048,1,drawing_note,design_review,elec_a,2023-05-15
CHG-04708,P-1048,2,drawing_note,test_failure,elec_a,2023-07-06
CHG-04709,P-1048,3,feature_add,test_failure,elec_a,2023-04-24
CHG-04710,P-1048,4,material_change,supplier_issue,elec_a,2023-02-10
CHG-04711,P-1049,1,feature_add,test_failure,hw_integration,2026-08-04
CHG-04712,P-1049,2,tolerance_tightening,design_review,hw_integration,2026-03-01
CHG-04713,P-1049,3,feature_remove,customer_request,hw_integration,2026-07-25
CHG-04714,P-1049,4,dimension_update,design_review,hw_integration,2026-08-08
CHG-04715,P-1050,1,feature_remove,test_failure,mech_a,2026-05-04
CHG-04716,P-1050,2,feature_remove,customer_request,mech_a,2026-04-04
CHG-04717,P-1050,3,feature_remove,supplier_issue,mech_a,2025-09-01
CHG-04718,P-1050,4,material_change,design_review,mech_a,2026-06-24
CHG-04719,P-1050,5,feature_remove,customer_request,mech_a,2026-08-25
CHG-04720,P-1050,6,feature_remove,test_failure,mech_a,2026-05-16
CHG-04721,P-1050,7,material_change,supplier_issue,mech_a,2026-03-12
CHG-04722,P-1050,8,drawing_note,design_review,mech_a,2025-07-31
CHG-04723,P-1051,1,dimension_update,test_failure,hw_integration,2024-03-13
CHG-04724,P-1051,2,feature_remove,customer_request,hw_integration,2023-11-13
CHG-04725,P-1051,3,tolerance_tightening,supplier_issue,hw_integration,2024-08-21
CHG-04726,P-1051,4,feature_add,test_failure,hw_integration,2024-03-14
CHG-04727,P-1051,5,feature_remove,design_review,hw_integration,2023-12-07
CHG-04728,P-1051,6,dimension_update,test_failure,hw_integration,2024-04-27
CHG-04729,P-1051,7,drawing_note,customer_request,hw_integration,2024-04-21
CHG-04730,P-1052,1,drawing_note,supplier_issue,elec_a,2023-12-27
CHG-04731,P-1052,2,tolerance_tightening,design_review,elec_a,2023-10-13
CHG-04732,P-1052,3,feature_remove,design_review,elec_a,2023-03-15
CHG-04733,P-1052,4,dimension_update,cost_reduction,elec_a,2024-07-11
CHG-04734,P-1053,1,feature_remove,cost_reduction,mech_a,2025-03-08
CHG-04735,P-1053,2,feature_add,supplier_issue,mech_a,2024-11-28
CHG-04736,P-1053,3,feature_remove,design_review,mech_a,2026-02-24
CHG-04737,P-1053,4,material_change,supplier_issue,mech_a,2025-10-14
CHG-04738,P-1053,5,dimension_update,supplier_issue,mech_a,2024-12-20
CHG-04739,P-1054,1,material_change,test_failure,elec_a,2024-07-03
CHG-04740,P-1054,2,feature_remove,customer_request,elec_a,2023-08-21
CHG-04741,P-1054,3,drawing_note,test_failure,elec_a,2024-08-10
CHG-04742,P-1054,4,dimension_update,customer_request,elec_a,2024-08-01
CHG-04743,P-1054,5,dimension_update,test_failure,elec_a,2023-10-28
CHG-04744,P-1054,6,material_change,cost_reduction,elec_a,2024-08-19
CHG-04745,P-1055,1,feature_add,customer_request,mech_a,2025-03-27
CHG-04746,P-1055,2,drawing_note,design_review,mech_a,2025-02-01
CHG-04747,P-1055,3,tolerance_tightening,customer_request,mech_a,2024-08-01
CHG-04748,P-1055,4,dimension_update,design_review,mech_a,2024-10-26
CHG-04749,P-1055,5,drawing_note,cost_reduction,mech_a,2025-01-09
CHG-04750,P-1056,1,material_change,cost_reduction,mech_a,2024-07-24
CHG-04751,P-1056,2,material_change,design_review,mech_a,2024-08-07
CHG-04752,P-1056,3,drawing_note,cost_reduction,mech_a,2025-07-22
CHG-04753,P-1056,4,material_change,supplier_issue,mech_a,2024-11-12
CHG-04754,P-1057,1,tolerance_tightening,design_review,elec_a,2023-12-31
CHG-04755,P-1057,2,drawing_note,test_failure,elec_a,2023-05-12
CHG-04756,P-1057,3,feature_add,test_failure,elec_a,2023-07-11
CHG-04757,P-1057,4,feature_add,design_review,elec_a,2023-02-02
CHG-04758,P-1057,5,tolerance_tightening,supplier_issue,elec_a,2023-04-13
CHG-04759,P-1057,6,feature_remove,cost_reduction,elec_a,2024-02-12
CHG-04760,P-1057,7,dimension_update,test_failure,elec_a,2024-02-21
CHG-04761,P-1058,1,feature_add,customer_request,hw_integration,2024-01-24
CHG-04762,P-1058,2,feature_add,test_failure,hw_integration,2024-04-17
CHG-04763,P-1058,3,feature_add,design_review,hw_integration,2024-03-30
CHG-04764,P-1059,1,dimension_update,design_review,mech_a,2026-06-30
CHG-04765,P-1059,2,tolerance_tightening,test_failure,mech_a,2025-04-14
CHG-04766,P-1059,3,tolerance_tightening,supplier_issue,mech_a,2025-10-06
CHG-04767,P-1059,4,dimension_update,test_failure,mech_a,2026-05-05
CHG-04768,P-1059,5,material_change,test_failure,mech_a,2025-08-02
CHG-04769,P-1059,6,feature_add,design_review,mech_a,2025-11-24
CHG-04770,P-1060,1,feature_add,design_review,mech_b,2024-10-05
CHG-04771,P-1060,2,drawing_note,design_review,mech_b,2024-10-07
CHG-04772,P-1060,3,feature_add,design_review,mech_b,2024-10-02
CHG-04773,P-1060,4,material_change,design_review,mech_b,2025-01-08
CHG-04774,P-1061,1,drawing_note,design_review,mech_b,2024-03-19
CHG-04775,P-1061,2,feature_remove,test_failure,mech_b,2024-06-01
CHG-04776,P-1061,3,dimension_update,design_review,mech_b,2024-09-04
CHG-04777,P-1061,4,dimension_update,test_failure,mech_b,2023-08-08
CHG-04778,P-1061,5,feature_add,test_failure,mech_b,2024-10-18
CHG-04779,P-1062,1,dimension_update,supplier_issue,elec_a,2025-04-11
CHG-04780,P-1062,2,tolerance_tightening,design_review,elec_a,2026-03-22
CHG-04781,P-1063,1,feature_remove,design_review,mech_a,2024-11-05
CHG-04782,P-1063,2,tolerance_tightening,cost_reduction,mech_a,2024-03-27
CHG-04783,P-1064,1,dimension_update,test_failure,elec_a,2024-08-29
CHG-04784,P-1064,2,material_change,test_failure,elec_a,2024-09-28
CHG-04785,P-1064,3,drawing_note,cost_reduction,elec_a,2025-04-20
CHG-04786,P-1064,4,material_change,test_failure,elec_a,2024-02-18
CHG-04787,P-1064,5,material_change,cost_reduction,elec_a,2024-10-10
CHG-04788,P-1065,1,material_change,cost_reduction,mech_b,2023-06-07
CHG-04789,P-1065,2,feature_add,design_review,mech_b,2024-04-16
CHG-04790,P-1065,3,dimension_update,supplier_issue,mech_b,2023-06-22
CHG-04791,P-1065,4,feature_remove,test_failure,mech_b,2023-09-17
CHG-04792,P-1065,5,dimension_update,design_review,mech_b,2023-07-26
CHG-04793,P-1065,6,tolerance_tightening,supplier_issue,mech_b,2023-06-23
CHG-04794,P-1066,1,dimension_update,design_review,hw_integration,2025-05-30
CHG-04795,P-1066,2,feature_add,customer_request,hw_integration,2025-06-08
CHG-04796,P-1066,3,material_change,customer_request,hw_integration,2024-07-21
CHG-04797,P-1067,1,feature_remove,customer_request,mech_b,2022-06-02
CHG-04798,P-1067,2,tolerance_tightening,customer_request,mech_b,2023-04-14
CHG-04799,P-1068,1,tolerance_tightening,customer_request,mech_b,2023-01-06
CHG-04800,P-1068,2,material_change,design_review,mech_b,2024-01-21
CHG-04801,P-1068,3,feature_remove,customer_request,mech_b,2023-05-20
CHG-04802,P-1068,4,dimension_update,test_failure,mech_b,2023-07-05
CHG-04803,P-1069,1,material_change,test_failure,mech_a,2025-11-30
CHG-04804,P-1069,2,tolerance_tightening,cost_reduction,mech_a,2024-12-09
CHG-04805,P-1069,3,tolerance_tightening,supplier_issue,mech_a,2024-12-01
CHG-04806,P-1069,4,dimension_update,cost_reduction,mech_a,2025-06-10
CHG-04807,P-1069,5,dimension_update,supplier_issue,mech_a,2025-10-18
CHG-04808,P-1070,1,feature_add,design_review,hw_integration,2023-12-18
CHG-04809,P-1070,2,tolerance_tightening,design_review,hw_integration,2024-01-26
CHG-04810,P-1070,3,material_change,cost_reduction,hw_integration,2023-01-02
CHG-04811,P-1070,4,drawing_note,test_failure,hw_integration,2023-03-01
CHG-04812,P-1071,1,drawing_note,design_review,hw_integration,2025-11-22
CHG-04813,P-1071,2,feature_remove,supplier_issue,hw_integration,2025-07-16
CHG-04814,P-1071,3,tolerance_tightening,test_failure,hw_integration,2026-08-24
CHG-04815,P-1071,4,tolerance_tightening,cost_reduction,hw_integration,2026-04-16
CHG-04816,P-1071,5,feature_remove,test_failure,hw_integration,2025-07-23
CHG-04817,P-1071,6,feature_remove,test_failure,hw_integration,2026-08-04
CHG-04818,P-1071,7,feature_remove,design_review,hw_integration,2026-04-13
CHG-04819,P-1071,8,tolerance_tightening,test_failure,hw_integration,2026-06-18
CHG-04820,P-1071,9,feature_add,design_review,hw_integration,2025-10-16
CHG-04821,P-1071,10,feature_add,customer_request,hw_integration,2025-11-13
CHG-04822,P-1072,1,material_change,design_review,mech_b,2025-10-20
CHG-04823,P-1072,2,material_change,design_review,mech_b,2025-11-29
CHG-04824,P-1072,3,tolerance_tightening,test_failure,mech_b,2026-05-08
CHG-04825,P-1072,4,feature_remove,design_review,mech_b,2026-06-05
CHG-04826,P-1072,5,material_change,design_review,mech_b,2026-04-03
CHG-04827,P-1072,6,drawing_note,customer_request,mech_b,2025-05-22
CHG-04828,P-1073,1,material_change,supplier_issue,mech_b,2023-10-10
CHG-04829,P-1073,2,feature_remove,test_failure,mech_b,2023-11-22
CHG-04830,P-1073,3,dimension_update,customer_request,mech_b,2024-07-13
CHG-04831,P-1073,4,feature_add,customer_request,mech_b,2023-08-19
CHG-04832,P-1073,5,feature_remove,cost_reduction,mech_b,2023-08-19
CHG-04833,P-1073,6,feature_add,design_review,mech_b,2024-03-21
CHG-04834,P-1074,1,dimension_update,cost_reduction,hw_integration,2026-05-05
CHG-04835,P-1074,2,material_change,design_review,hw_integration,2026-05-29
CHG-04836,P-1074,3,drawing_note,design_review,hw_integration,2025-08-03
CHG-04837,P-1074,4,tolerance_tightening,test_failure,hw_integration,2026-02-02
CHG-04838,P-1074,5,feature_add,supplier_issue,hw_integration,2025-05-06
CHG-04839,P-1074,6,dimension_update,test_failure,hw_integration,2025-09-01
CHG-04840,P-1075,1,material_change,design_review,mech_b,2025-07-15
CHG-04841,P-1075,2,tolerance_tightening,design_review,mech_b,2024-08-01
CHG-04842,P-1076,1,dimension_update,customer_request,mech_a,2025-05-05
CHG-04843,P-1076,2,tolerance_tightening,design_review,mech_a,2025-01-27
CHG-04844,P-1076,3,dimension_update,design_review,mech_a,2025-11-25
CHG-04845,P-1076,4,tolerance_tightening,cost_reduction,mech_a,2025-06-23
CHG-04846,P-1076,5,feature_remove,customer_request,mech_a,2024-10-28
CHG-04847,P-1077,1,tolerance_tightening,cost_reduction,mech_a,2024-05-31
CHG-04848,P-1077,2,drawing_note,customer_request,mech_a,2024-04-06
CHG-04849,P-1077,3,material_change,supplier_issue,mech_a,2024-11-10
CHG-04850,P-1077,4,tolerance_tightening,test_failure,mech_a,2024-09-29
CHG-04851,P-1077,5,feature_remove,test_failure,mech_a,2024-03-15
CHG-04852,P-1077,6,tolerance_tightening,supplier_issue,mech_a,2023-11-16
CHG-04853,P-1078,1,material_change,design_review,elec_a,2023-04-04
CHG-04854,P-1078,2,feature_remove,design_review,elec_a,2023-04-11
CHG-04855,P-1079,1,feature_remove,design_review,mech_a,2024-06-24
CHG-04856,P-1079,2,feature_add,supplier_issue,mech_a,2024-05-30
CHG-04857,P-1079,3,tolerance_tightening,supplier_issue,mech_a,2024-12-01
CHG-04858,P-1079,4,drawing_note,design_review,mech_a,2024-01-14
CHG-04859,P-1079,5,feature_remove,test_failure,mech_a,2024-11-29
CHG-04860,P-1080,1,drawing_note,supplier_issue,mech_a,2026-01-21
CHG-04861,P-1080,2,drawing_note,test_failure,mech_a,2025-01-28
CHG-04862,P-1080,3,material_change,design_review,mech_a,2025-08-11
CHG-04863,P-1080,4,material_change,cost_reduction,mech_a,2025-09-27
CHG-04864,P-1080,5,drawing_note,design_review,mech_a,2025-11-26
CHG-04865,P-1080,6,tolerance_tightening,test_failure,mech_a,2025-10-28
CHG-04866,P-1080,7,feature_add,test_failure,mech_a,2025-02-23
CHG-04867,P-1081,1,feature_add,test_failure,mech_a,2022-10-16
CHG-04868,P-1081,2,drawing_note,design_review,mech_a,2022-10-04
CHG-04869,P-1082,1,drawing_note,design_review,hw_integration,2022-06-07
CHG-04870,P-1082,2,drawing_note,cost_reduction,hw_integration,2022-07-13
CHG-04871,P-1082,3,feature_add,test_failure,hw_integration,2022-10-13
CHG-04872,P-1082,4,feature_add,test_failure,hw_integration,2022-09-19
CHG-04873,P-1083,1,dimension_update,supplier_issue,hw_integration,2025-10-03
CHG-04874,P-1083,2,feature_remove,cost_reduction,hw_integration,2025-11-22
CHG-04875,P-1083,3,material_change,test_failure,hw_integration,2024-12-30
CHG-04876,P-1084,1,drawing_note,design_review,hw_integration,2025-03-08
CHG-04877,P-1084,2,feature_remove,customer_request,hw_integration,2024-04-07
CHG-04878,P-1084,3,feature_remove,customer_request,hw_integration,2024-04-13
CHG-04879,P-1084,4,tolerance_tightening,test_failure,hw_integration,2024-11-26
CHG-04880,P-1084,5,feature_add,customer_request,hw_integration,2024-05-05
CHG-04881,P-1084,6,dimension_update,test_failure,hw_integration,2024-04-27
CHG-04882,P-1084,7,feature_remove,design_review,hw_integration,2024-02-25
CHG-04883,P-1085,1,feature_remove,design_review,mech_b,2025-01-11
CHG-04884,P-1085,2,feature_add,cost_reduction,mech_b,2024-01-02
CHG-04885,P-1085,3,tolerance_tightening,supplier_issue,mech_b,2024-03-12
CHG-04886,P-1085,4,material_change,cost_reduction,mech_b,2025-01-03
CHG-04887,P-1085,5,material_change,supplier_issue,mech_b,2024-09-13
CHG-04888,P-1086,1,feature_remove,design_review,mech_b,2025-06-11
CHG-04889,P-1086,2,material_change,customer_request,mech_b,2024-11-10
CHG-04890,P-1086,3,feature_remove,supplier_issue,mech_b,2025-07-10
CHG-04891,P-1086,4,dimension_update,test_failure,mech_b,2024-07-04
CHG-04892,P-1086,5,feature_remove,design_review,mech_b,2025-09-03
CHG-04893,P-1087,1,feature_remove,test_failure,mech_b,2025-04-01
CHG-04894,P-1087,2,feature_remove,design_review,mech_b,2025-04-06
CHG-04895,P-1087,3,dimension_update,test_failure,mech_b,2024-12-28
CHG-04896,P-1087,4,drawing_note,supplier_issue,mech_b,2024-11-24
CHG-04897,P-1088,1,dimension_update,test_failure,elec_a,2024-11-08
CHG-04898,P-1088,2,dimension_update,design_review,elec_a,2024-08-27
CHG-04899,P-1089,1,material_change,test_failure,mech_a,2024-05-12
CHG-04900,P-1090,1,tolerance_tightening,design_review,elec_a,2024-08-20
CHG-04901,P-1090,2,feature_remove,cost_reduction,elec_a,2024-12-24
CHG-04902,P-1090,3,feature_remove,supplier_issue,elec_a,2024-09-06
CHG-04903,P-1090,4,drawing_note,design_review,elec_a,2024-03-18
CHG-04904,P-1091,1,feature_add,design_review,mech_a,2023-04-30
CHG-04905,P-1091,2,feature_add,test_failure,mech_a,2023-03-31
CHG-04906,P-1091,3,feature_add,cost_reduction,mech_a,2023-04-09
CHG-04907,P-1091,4,tolerance_tightening,test_failure,mech_a,2023-04-08
CHG-04908,P-1091,5,dimension_update,design_review,mech_a,2023-03-19
CHG-04909,P-1092,1,feature_add,test_failure,mech_b,2024-10-13
CHG-04910,P-1092,2,feature_remove,customer_request,mech_b,2025-02-23
CHG-04911,P-1092,3,material_change,design_review,mech_b,2024-10-02
CHG-04912,P-1093,1,feature_remove,design_review,mech_b,2024-02-13
CHG-04913,P-1093,2,feature_add,cost_reduction,mech_b,2024-04-19
CHG-04914,P-1093,3,feature_add,design_review,mech_b,2024-01-23
CHG-04915,P-1094,1,tolerance_tightening,customer_request,elec_a,2026-06-27
CHG-04916,P-1094,2,material_change,design_review,elec_a,2026-02-15
CHG-04917,P-1094,3,material_change,cost_reduction,elec_a,2025-09-18
CHG-04918,P-1094,4,drawing_note,customer_request,elec_a,2025-04-06
CHG-04919,P-1095,1,drawing_note,design_review,hw_integration,2023-09-04
CHG-04920,P-1095,2,material_change,test_failure,hw_integration,2023-12-28
CHG-04921,P-1095,3,tolerance_tightening,test_failure,hw_integration,2023-08-25
CHG-04922,P-1096,1,feature_add,design_review,elec_a,2023-04-22
CHG-04923,P-1096,2,feature_remove,test_failure,elec_a,2023-01-07
CHG-04924,P-1096,3,material_change,customer_request,elec_a,2023-05-16
CHG-04925,P-1096,4,tolerance_tightening,cost_reduction,elec_a,2022-10-17
CHG-04926,P-1096,5,material_change,cost_reduction,elec_a,2023-02-01
CHG-04927,P-1096,6,material_change,test_failure,elec_a,2023-01-06
CHG-04928,P-1096,7,drawing_note,cost_reduction,elec_a,2023-04-08
CHG-04929,P-1097,1,dimension_update,test_failure,mech_b,2025-02-08
CHG-04930,P-1097,2,feature_add,supplier_issue,mech_b,2025-04-08
CHG-04931,P-1097,3,dimension_update,design_review,mech_b,2025-04-04
CHG-04932,P-1098,1,feature_add,design_review,elec_a,2022-12-26
CHG-04933,P-1098,2,dimension_update,supplier_issue,elec_a,2022-11-04
CHG-04934,P-1098,3,drawing_note,cost_reduction,elec_a,2023-10-15
CHG-04935,P-1098,4,dimension_update,supplier_issue,elec_a,2023-07-29
CHG-04936,P-1098,5,feature_add,customer_request,elec_a,2022-12-28
CHG-04937,P-1098,6,feature_remove,cost_reduction,elec_a,2022-08-05
CHG-04938,P-1099,1,material_change,supplier_issue,elec_a,2026-06-24
CHG-04939,P-1099,2,drawing_note,cost_reduction,elec_a,2026-02-02
CHG-04940,P-1099,3,drawing_note,cost_reduction,elec_a,2026-05-31
CHG-04941,P-1099,4,tolerance_tightening,test_failure,elec_a,2026-06-19
CHG-04942,P-1099,5,feature_add,design_review,elec_a,2026-07-18
CHG-04943,P-1099,6,tolerance_tightening,design_review,elec_a,2026-07-02
CHG-04944,P-1099,7,drawing_note,cost_reduction,elec_a,2026-02-03
CHG-04945,P-1099,8,dimension_update,supplier_issue,elec_a,2026-08-28
CHG-04946,P-1099,9,feature_remove,customer_request,elec_a,2025-11-13
CHG-04947,P-1099,10,material_change,supplier_issue,elec_a,2025-09-12
CHG-04948,P-1100,1,dimension_update,customer_request,mech_a,2025-05-12
CHG-04949,P-1100,2,material_change,design_review,mech_a,2024-04-21
CHG-04950,P-1101,1,dimension_update,test_failure,hw_integration,2024-09-18
CHG-04951,P-1101,2,dimension_update,cost_reduction,hw_integration,2023-10-27
CHG-04952,P-1101,3,tolerance_tightening,test_failure,hw_integration,2024-09-16
CHG-04953,P-1101,4,feature_remove,cost_reduction,hw_integration,2024-12-23
CHG-04954,P-1101,5,material_change,cost_reduction,hw_integration,2024-02-10
CHG-04955,P-1101,6,feature_add,design_review,hw_integration,2024-09-19
CHG-04956,P-1102,1,tolerance_tightening,design_review,hw_integration,2023-11-04
CHG-04957,P-1102,2,feature_add,test_failure,hw_integration,2022-12-17
CHG-04958,P-1102,3,feature_add,cost_reduction,hw_integration,2024-01-25
CHG-04959,P-1102,4,tolerance_tightening,design_review,hw_integration,2023-11-25
CHG-04960,P-1103,1,drawing_note,test_failure,mech_a,2024-01-03
CHG-04961,P-1103,2,drawing_note,supplier_issue,mech_a,2023-08-27
CHG-04962,P-1104,1,drawing_note,customer_request,mech_a,2023-12-06
CHG-04963,P-1104,2,tolerance_tightening,design_review,mech_a,2022-09-13
CHG-04964,P-1104,3,drawing_note,design_review,mech_a,2023-07-09
CHG-04965,P-1104,4,tolerance_tightening,design_review,mech_a,2023-02-10
CHG-04966,P-1104,5,feature_add,supplier_issue,mech_a,2023-05-24
CHG-04967,P-1105,1,material_change,test_failure,mech_a,2026-04-07
CHG-04968,P-1105,2,tolerance_tightening,customer_request,mech_a,2025-01-14
CHG-04969,P-1105,3,dimension_update,cost_reduction,mech_a,2025-10-28
CHG-04970,P-1106,1,dimension_update,supplier_issue,elec_a,2023-06-14
CHG-04971,P-1106,2,dimension_update,test_failure,elec_a,2022-11-19
CHG-04972,P-1106,3,material_change,supplier_issue,elec_a,2022-12-16
CHG-04973,P-1106,4,feature_add,design_review,elec_a,2024-01-01
CHG-04974,P-1106,5,feature_add,cost_reduction,elec_a,2023-05-22
CHG-04975,P-1106,6,drawing_note,test_failure,elec_a,2023-04-20
CHG-04976,P-1106,7,feature_remove,supplier_issue,elec_a,2023-05-01
CHG-04977,P-1106,8,tolerance_tightening,test_failure,elec_a,2022-10-21
CHG-04978,P-1107,1,feature_add,design_review,mech_a,2022-03-27
CHG-04979,P-1107,2,feature_add,test_failure,mech_a,2022-09-12
CHG-04980,P-1107,3,feature_add,supplier_issue,mech_a,2023-06-12
CHG-04981,P-1107,4,tolerance_tightening,cost_reduction,mech_a,2023-01-17
CHG-04982,P-1108,1,feature_add,test_failure,mech_a,2023-05-04
CHG-04983,P-1108,2,dimension_update,cost_reduction,mech_a,2023-05-09
CHG-04984,P-1108,3,feature_add,design_review,mech_a,2023-08-29
CHG-04985,P-1108,4,tolerance_tightening,design_review,mech_a,2023-05-14
CHG-04986,P-1109,1,feature_remove,customer_request,elec_a,2024-10-28
CHG-04987,P-1109,2,feature_add,test_failure,elec_a,2024-07-31
CHG-04988,P-1109,3,dimension_update,test_failure,elec_a,2024-08-20
CHG-04989,P-1109,4,feature_add,customer_request,elec_a,2024-05-25
CHG-04990,P-1109,5,feature_add,customer_request,elec_a,2024-09-07
CHG-04991,P-1109,6,tolerance_tightening,design_review,elec_a,2024-04-06
CHG-04992,P-1109,7,feature_add,design_review,elec_a,2025-04-06
CHG-04993,P-1110,1,dimension_update,test_failure,mech_a,2023-09-09
CHG-04994,P-1110,2,dimension_update,customer_request,mech_a,2024-01-02
CHG-04995,P-1110,3,feature_add,cost_reduction,mech_a,2024-10-22
CHG-04996,P-1111,1,tolerance_tightening,design_review,mech_a,2023-08-31
CHG-04997,P-1111,2,feature_remove,design_review,mech_a,2023-08-31
CHG-04998,P-1112,1,material_change,supplier_issue,mech_a,2025-06-10
CHG-04999,P-1112,2,tolerance_tightening,test_failure,mech_a,2026-02-18
CHG-05000,P-1112,3,feature_add,design_review,mech_a,2026-05-07
CHG-05001,P-1113,1,material_change,test_failure,elec_a,2023-04-24
CHG-05002,P-1113,2,feature_remove,design_review,elec_a,2023-06-29
CHG-05003,P-1113,3,drawing_note,design_review,elec_a,2023-12-11
CHG-05004,P-1113,4,dimension_update,supplier_issue,elec_a,2024-07-05
CHG-05005,P-1113,5,material_change,test_failure,elec_a,2024-06-02
CHG-05006,P-1113,6,dimension_update,test_failure,elec_a,2024-04-12
CHG-05007,P-1114,1,dimension_update,test_failure,mech_b,2025-02-14
CHG-05008,P-1114,2,feature_add,cost_reduction,mech_b,2025-12-12
CHG-05009,P-1114,3,drawing_note,customer_request,mech_b,2025-05-21
CHG-05010,P-1114,4,drawing_note,customer_request,mech_b,2025-01-23
CHG-05011,P-1114,5,material_change,supplier_issue,mech_b,2026-03-26
CHG-05012,P-1115,1,dimension_update,customer_request,mech_b,2022-12-13
CHG-05013,P-1115,2,tolerance_tightening,design_review,mech_b,2023-08-24
CHG-05014,P-1115,3,drawing_note,test_failure,mech_b,2023-05-12
CHG-05015,P-1115,4,tolerance_tightening,supplier_issue,mech_b,2022-09-03
CHG-05016,P-1116,1,tolerance_tightening,customer_request,elec_a,2024-08-02
CHG-05017,P-1116,2,tolerance_tightening,supplier_issue,elec_a,2024-02-18
CHG-05018,P-1116,3,tolerance_tightening,test_failure,elec_a,2024-08-13
CHG-05019,P-1116,4,feature_add,design_review,elec_a,2024-03-10
CHG-05020,P-1117,1,material_change,supplier_issue,mech_a,2023-01-01
CHG-05021,P-1117,2,material_change,cost_reduction,mech_a,2023-03-17
CHG-05022,P-1117,3,drawing_note,supplier_issue,mech_a,2023-09-19
CHG-05023,P-1117,4,feature_remove,supplier_issue,mech_a,2023-08-26
CHG-05024,P-1117,5,drawing_note,cost_reduction,mech_a,2022-06-23
CHG-05025,P-1117,6,material_change,cost_reduction,mech_a,2023-04-20
CHG-05026,P-1118,1,dimension_update,test_failure,elec_a,2023-04-24
CHG-05027,P-1118,2,dimension_update,customer_request,elec_a,2022-12-24
CHG-05028,P-1118,3,dimension_update,test_failure,elec_a,2023-08-14
CHG-05029,P-1118,4,material_change,test_failure,elec_a,2022-12-13
CHG-05030,P-1118,5,material_change,design_review,elec_a,2023-04-07
CHG-05031,P-1119,1,drawing_note,test_failure,mech_b,2025-05-27
CHG-05032,P-1119,2,material_change,design_review,mech_b,2025-01-28
CHG-05033,P-1119,3,feature_add,supplier_issue,mech_b,2025-08-29
CHG-05034,P-1119,4,feature_remove,test_failure,mech_b,2025-05-04
CHG-05035,P-1120,1,dimension_update,design_review,elec_a,2024-10-07
CHG-05036,P-1120,2,tolerance_tightening,test_failure,elec_a,2024-09-10
CHG-05037,P-1120,3,dimension_update,design_review,elec_a,2025-05-29
CHG-05038,P-1121,1,feature_add,design_review,elec_a,2024-06-19
CHG-05039,P-1121,2,dimension_update,design_review,elec_a,2025-03-27
CHG-05040,P-1121,3,tolerance_tightening,design_review,elec_a,2024-08-31
CHG-05041,P-1122,1,dimension_update,test_failure,elec_a,2023-12-29
CHG-05042,P-1122,2,tolerance_tightening,design_review,elec_a,2024-12-08
CHG-05043,P-1122,3,tolerance_tightening,cost_reduction,elec_a,2024-06-03
CHG-05044,P-1122,4,feature_add,design_review,elec_a,2023-12-12
CHG-05045,P-1122,5,feature_add,design_review,elec_a,2024-08-28
CHG-05046,P-1122,6,material_change,test_failure,elec_a,2024-01-06
CHG-05047,P-1122,7,dimension_update,customer_request,elec_a,2023-08-18
CHG-05048,P-1122,8,drawing_note,customer_request,elec_a,2024-10-03
CHG-05049,P-1122,9,feature_add,customer_request,elec_a,2023-10-29
CHG-05050,P-1123,1,feature_add,supplier_issue,mech_a,2022-12-22
CHG-05051,P-1123,2,feature_remove,cost_reduction,mech_a,2023-06-17
CHG-05052,P-1123,3,tolerance_tightening,supplier_issue,mech_a,2024-03-16
CHG-05053,P-1123,4,feature_add,design_review,mech_a,2023-12-15
CHG-05054,P-1123,5,dimension_update,test_failure,mech_a,2023-08-03
CHG-05055,P-1124,1,feature_remove,cost_reduction,mech_a,2025-09-08
CHG-05056,P-1124,2,tolerance_tightening,design_review,mech_a,2025-07-09
CHG-05057,P-1124,3,feature_add,design_review,mech_a,2025-07-26
CHG-05058,P-1124,4,feature_remove,test_failure,mech_a,2025-11-02
CHG-05059,P-1125,1,drawing_note,design_review,elec_a,2023-09-22
CHG-05060,P-1125,2,feature_remove,test_failure,elec_a,2023-04-23
CHG-05061,P-1125,3,dimension_update,supplier_issue,elec_a,2023-11-06
CHG-05062,P-1125,4,material_change,design_review,elec_a,2022-12-08
CHG-05063,P-1126,1,feature_remove,test_failure,mech_a,2024-03-23
CHG-05064,P-1126,2,drawing_note,design_review,mech_a,2024-04-08
CHG-05065,P-1126,3,dimension_update,test_failure,mech_a,2024-03-24
CHG-05066,P-1126,4,material_change,test_failure,mech_a,2024-07-15
CHG-05067,P-1127,1,material_change,supplier_issue,mech_b,2025-09-17
CHG-05068,P-1127,2,dimension_update,test_failure,mech_b,2025-11-30
CHG-05069,P-1128,1,dimension_update,design_review,elec_a,2025-03-09
CHG-05070,P-1128,2,drawing_note,test_failure,elec_a,2024-10-18
CHG-05071,P-1128,3,material_change,supplier_issue,elec_a,2024-11-23
CHG-05072,P-1128,4,tolerance_tightening,design_review,elec_a,2025-05-07
CHG-05073,P-1129,1,feature_remove,customer_request,hw_integration,2024-12-18
CHG-05074,P-1129,2,drawing_note,design_review,hw_integration,2025-04-12
CHG-05075,P-1130,1,feature_add,test_failure,elec_a,2022-12-03
CHG-05076,P-1130,2,dimension_update,design_review,elec_a,2023-03-22
CHG-05077,P-1130,3,dimension_update,design_review,elec_a,2023-02-07
CHG-05078,P-1130,4,tolerance_tightening,supplier_issue,elec_a,2023-08-08
CHG-05079,P-1130,5,feature_remove,test_failure,elec_a,2023-07-16
CHG-05080,P-1130,6,drawing_note,supplier_issue,elec_a,2023-01-01
CHG-05081,P-1130,7,tolerance_tightening,design_review,elec_a,2023-08-05
CHG-05082,P-1131,1,drawing_note,supplier_issue,hw_integration,2022-08-07
CHG-05083,P-1131,2,feature_add,supplier_issue,hw_integration,2022-04-12
CHG-05084,P-1131,3,feature_remove,supplier_issue,hw_integration,2022-05-09
CHG-05085,P-1131,4,feature_remove,design_review,hw_integration,2022-07-15
CHG-05086,P-1131,5,dimension_update,design_review,hw_integration,2022-03-13
CHG-05087,P-1131,6,drawing_note,test_failure,hw_integration,2022-08-11
CHG-05088,P-1131,7,material_change,design_review,hw_integration,2022-03-19
CHG-05089,P-1132,1,material_change,supplier_issue,elec_a,2026-02-24
CHG-05090,P-1132,2,tolerance_tightening,cost_reduction,elec_a,2025-03-02
CHG-05091,P-1132,3,dimension_update,cost_reduction,elec_a,2026-03-16
CHG-05092,P-1132,4,feature_remove,supplier_issue,elec_a,2025-09-21
CHG-05093,P-1133,1,feature_remove,customer_request,mech_b,2024-07-01
CHG-05094,P-1133,2,feature_add,test_failure,mech_b,2024-12-14
CHG-05095,P-1133,3,material_change,test_failure,mech_b,2025-03-26
CHG-05096,P-1134,1,material_change,customer_request,mech_a,2025-09-20
CHG-05097,P-1134,2,drawing_note,test_failure,mech_a,2024-11-07
CHG-05098,P-1134,3,drawing_note,design_review,mech_a,2025-09-06
CHG-05099,P-1134,4,material_change,cost_reduction,mech_a,2025-04-28
CHG-05100,P-1134,5,feature_remove,supplier_issue,mech_a,2025-02-14
CHG-05101,P-1134,6,feature_remove,cost_reduction,mech_a,2025-07-21
CHG-05102,P-1135,1,material_change,design_review,elec_a,2025-01-08
CHG-05103,P-1135,2,dimension_update,test_failure,elec_a,2025-09-08
CHG-05104,P-1135,3,material_change,supplier_issue,elec_a,2025-05-05
CHG-05105,P-1135,4,feature_add,cost_reduction,elec_a,2025-07-20
CHG-05106,P-1135,5,feature_remove,test_failure,elec_a,2025-12-25
CHG-05107,P-1135,6,material_change,design_review,elec_a,2026-02-04
CHG-05108,P-1136,1,feature_add,test_failure,hw_integration,2023-12-27
CHG-05109,P-1136,2,material_change,design_review,hw_integration,2024-04-08
CHG-05110,P-1136,3,tolerance_tightening,test_failure,hw_integration,2023-12-18
CHG-05111,P-1136,4,feature_remove,cost_reduction,hw_integration,2023-09-05
CHG-05112,P-1136,5,material_change,test_failure,hw_integration,2024-04-10
CHG-05113,P-1136,6,feature_add,design_review,hw_integration,2024-04-02
CHG-05114,P-1136,7,material_change,supplier_issue,hw_integration,2023-11-23
CHG-05115,P-1136,8,drawing_note,cost_reduction,hw_integration,2023-11-05
CHG-05116,P-1136,9,dimension_update,test_failure,hw_integration,2024-01-09
CHG-05117,P-1137,1,tolerance_tightening,cost_reduction,mech_b,2022-09-09
CHG-05118,P-1137,2,dimension_update,cost_reduction,mech_b,2023-09-10
CHG-05119,P-1137,3,dimension_update,design_review,mech_b,2023-01-19
CHG-05120,P-1137,4,feature_remove,test_failure,mech_b,2023-01-22
CHG-05121,P-1137,5,tolerance_tightening,test_failure,mech_b,2023-07-18
CHG-05122,P-1137,6,dimension_update,supplier_issue,mech_b,2022-11-29
CHG-05123,P-1137,7,feature_remove,design_review,mech_b,2023-08-26
CHG-05124,P-1137,8,feature_remove,design_review,mech_b,2022-12-27
CHG-05125,P-1137,9,feature_remove,cost_reduction,mech_b,2023-02-08
CHG-05126,P-1137,10,drawing_note,cost_reduction,mech_b,2023-09-17
CHG-05127,P-1138,1,material_change,cost_reduction,mech_a,2026-09-04
CHG-05128,P-1138,2,material_change,design_review,mech_a,2026-06-16
CHG-05129,P-1138,3,material_change,supplier_issue,mech_a,2026-05-26
CHG-05130,P-1138,4,feature_add,cost_reduction,mech_a,2026-09-06
CHG-05131,P-1139,1,material_change,design_review,mech_a,2023-12-23
CHG-05132,P-1139,2,material_change,test_failure,mech_a,2024-03-29
CHG-05133,P-1139,3,feature_add,design_review,mech_a,2023-07-05
CHG-05134,P-1139,4,material_change,test_failure,mech_a,2024-05-12
CHG-05135,P-1140,1,material_change,design_review,elec_a,2023-01-22
CHG-05136,P-1140,2,feature_remove,design_review,elec_a,2023-04-22
CHG-05137,P-1140,3,drawing_note,cost_reduction,elec_a,2023-06-25
CHG-05138,P-1140,4,dimension_update,cost_reduction,elec_a,2022-10-15
CHG-05139,P-1140,5,dimension_update,design_review,elec_a,2023-06-28
CHG-05140,P-1141,1,material_change,design_review,elec_a,2025-01-29
CHG-05141,P-1141,2,material_change,test_failure,elec_a,2024-06-06
CHG-05142,P-1141,3,drawing_note,design_review,elec_a,2024-04-21
CHG-05143,P-1141,4,drawing_note,test_failure,elec_a,2024-09-30
CHG-05144,P-1141,5,feature_add,supplier_issue,elec_a,2024-01-28
CHG-05145,P-1141,6,feature_remove,customer_request,elec_a,2024-07-30
CHG-05146,P-1141,7,dimension_update,test_failure,elec_a,2024-10-30
CHG-05147,P-1142,1,dimension_update,design_review,mech_a,2022-04-11
CHG-05148,P-1142,2,feature_add,design_review,mech_a,2023-01-15
CHG-05149,P-1143,1,drawing_note,cost_reduction,mech_a,2023-07-01
CHG-05150,P-1143,2,tolerance_tightening,test_failure,mech_a,2023-06-13
CHG-05151,P-1143,3,feature_remove,design_review,mech_a,2023-06-18
CHG-05152,P-1143,4,tolerance_tightening,design_review,mech_a,2022-11-02
CHG-05153,P-1143,5,material_change,supplier_issue,mech_a,2022-10-25
CHG-05154,P-1144,1,tolerance_tightening,cost_reduction,elec_a,2025-03-06
CHG-05155,P-1144,2,material_change,test_failure,elec_a,2025-07-07
CHG-05156,P-1144,3,dimension_update,design_review,elec_a,2024-09-24
CHG-05157,P-1144,4,dimension_update,test_failure,elec_a,2025-05-01
CHG-05158,P-1144,5,feature_remove,design_review,elec_a,2025-10-03
CHG-05159,P-1144,6,material_change,design_review,elec_a,2025-10-29
CHG-05160,P-1144,7,drawing_note,customer_request,elec_a,2025-02-22
CHG-05161,P-1144,8,feature_remove,test_failure,elec_a,2025-10-23
CHG-05162,P-1145,1,dimension_update,supplier_issue,mech_b,2022-12-13
CHG-05163,P-1145,2,feature_remove,design_review,mech_b,2022-10-06
CHG-05164,P-1145,3,material_change,test_failure,mech_b,2022-10-12
CHG-05165,P-1145,4,feature_remove,test_failure,mech_b,2023-06-13
CHG-05166,P-1145,5,material_change,customer_request,mech_b,2023-07-06
CHG-05167,P-1146,1,material_change,design_review,mech_b,2024-12-31
CHG-05168,P-1146,2,feature_add,supplier_issue,mech_b,2024-06-01
CHG-05169,P-1146,3,feature_remove,test_failure,mech_b,2025-03-02
CHG-05170,P-1146,4,drawing_note,customer_request,mech_b,2024-07-07
CHG-05171,P-1147,1,tolerance_tightening,customer_request,mech_b,2024-09-30
CHG-05172,P-1147,2,feature_add,supplier_issue,mech_b,2023-08-19
CHG-05173,P-1147,3,dimension_update,design_review,mech_b,2023-10-28
CHG-05174,P-1147,4,drawing_note,cost_reduction,mech_b,2024-08-30
CHG-05175,P-1148,1,feature_add,design_review,elec_a,2023-02-06
CHG-05176,P-1148,2,dimension_update,design_review,elec_a,2023-06-17
CHG-05177,P-1148,3,material_change,test_failure,elec_a,2022-12-01
CHG-05178,P-1148,4,drawing_note,test_failure,elec_a,2023-03-19
CHG-05179,P-1148,5,feature_remove,cost_reduction,elec_a,2023-09-14
CHG-05180,P-1148,6,material_change,test_failure,elec_a,2023-09-13
CHG-05181,P-1149,1,material_change,customer_request,elec_a,2025-05-17
CHG-05182,P-1149,2,dimension_update,customer_request,elec_a,2025-08-24
CHG-05183,P-1149,3,dimension_update,cost_reduction,elec_a,2026-04-16
CHG-05184,P-1150,1,drawing_note,cost_reduction,mech_a,2023-06-17
CHG-05185,P-1150,2,dimension_update,test_failure,mech_a,2022-09-05
CHG-05186,P-1150,3,feature_add,customer_request,mech_a,2023-01-07
CHG-05187,P-1150,4,drawing_note,design_review,mech_a,2023-03-16
CHG-05188,P-1150,5,drawing_note,cost_reduction,mech_a,2022-11-29
CHG-05189,P-1150,6,drawing_note,customer_request,mech_a,2023-10-11
CHG-05190,P-1150,7,tolerance_tightening,supplier_issue,mech_a,2022-10-03
CHG-05191,P-1150,8,feature_remove,cost_reduction,mech_a,2023-02-09
CHG-05192,P-1150,9,tolerance_tightening,design_review,mech_a,2023-09-08
CHG-05193,P-1150,10,tolerance_tightening,test_failure,mech_a,2023-03-30
CHG-05194,P-1151,1,tolerance_tightening,design_review,mech_a,2025-03-18
CHG-05195,P-1151,2,tolerance_tightening,design_review,mech_a,2025-05-24
CHG-05196,P-1151,3,material_change,supplier_issue,mech_a,2025-03-22
CHG-05197,P-1151,4,feature_add,customer_request,mech_a,2024-09-18
CHG-05198,P-1151,5,tolerance_tightening,supplier_issue,mech_a,2024-12-10
CHG-05199,P-1152,1,feature_remove,cost_reduction,elec_a,2023-02-05
CHG-05200,P-1152,2,feature_remove,cost_reduction,elec_a,2023-10-14
CHG-05201,P-1152,3,drawing_note,design_review,elec_a,2022-07-27
CHG-05202,P-1152,4,material_change,supplier_issue,elec_a,2022-11-11
CHG-05203,P-1152,5,feature_add,design_review,elec_a,2023-05-18
CHG-05205,P-1153,2,feature_remove,design_review,elec_a,2024-06-14
CHG-05206,P-1154,1,feature_remove,design_review,mech_a,2023-05-26
CHG-05207,P-1154,2,feature_remove,test_failure,mech_a,2023-07-01
CHG-05208,P-1155,1,feature_add,cost_reduction,mech_a,2026-04-04
CHG-05209,P-1155,2,material_change,design_review,mech_a,2025-10-02
CHG-05210,P-1155,3,drawing_note,cost_reduction,mech_a,2025-07-09
CHG-05211,P-1155,4,material_change,cost_reduction,mech_a,2026-03-28
CHG-05212,P-1155,5,tolerance_tightening,supplier_issue,mech_a,2026-06-10
CHG-05213,P-1155,6,feature_remove,design_review,mech_a,2026-05-02
CHG-05214,P-1156,1,feature_add,test_failure,elec_a,2024-01-28
CHG-05215,P-1156,2,material_change,customer_request,elec_a,2024-02-09
CHG-05216,P-1156,3,feature_remove,cost_reduction,elec_a,2024-06-05
CHG-05217,P-1156,4,tolerance_tightening,test_failure,elec_a,2023-12-18
CHG-05218,P-1156,5,dimension_update,design_review,elec_a,2024-09-08
CHG-05219,P-1157,1,drawing_note,supplier_issue,mech_b,2022-06-27
CHG-05220,P-1157,2,drawing_note,design_review,mech_b,2022-02-04
CHG-05221,P-1157,3,tolerance_tightening,test_failure,mech_b,2022-04-08
CHG-05222,P-1157,4,drawing_note,design_review,mech_b,2022-11-18
CHG-05223,P-1157,5,feature_remove,supplier_issue,mech_b,2022-11-01
CHG-05224,P-1157,6,drawing_note,customer_request,mech_b,2022-04-28
CHG-05225,P-1157,7,feature_remove,design_review,mech_b,2022-12-03
CHG-05226,P-1157,8,drawing_note,test_failure,mech_b,2023-02-16
CHG-05227,P-1157,9,feature_add,design_review,mech_b,2022-09-22
CHG-05228,P-1158,1,material_change,cost_reduction,mech_a,2022-10-15
CHG-05229,P-1158,2,feature_remove,supplier_issue,mech_a,2022-10-06
CHG-05230,P-1158,3,feature_add,design_review,mech_a,2022-04-27
CHG-05231,P-1158,4,dimension_update,cost_reduction,mech_a,2023-06-26
CHG-05232,P-1158,5,feature_add,supplier_issue,mech_a,2022-06-01
CHG-05233,P-1159,1,feature_remove,supplier_issue,elec_a,2024-02-13
CHG-05234,P-1159,2,tolerance_tightening,cost_reduction,elec_a,2024-08-12
CHG-05235,P-1159,3,dimension_update,supplier_issue,elec_a,2024-08-29
CHG-05236,P-1159,4,tolerance_tightening,supplier_issue,elec_a,2024-10-01
CHG-05237,P-1159,5,material_change,design_review,elec_a,2024-04-29
CHG-05238,P-1159,6,drawing_note,customer_request,elec_a,2024-07-01
CHG-05239,P-1159,7,drawing_note,cost_reduction,elec_a,2024-06-04
CHG-05240,P-1159,8,dimension_update,supplier_issue,elec_a,2024-03-19
CHG-05241,P-1159,9,tolerance_tightening,test_failure,elec_a,2024-01-11
CHG-05242,P-1159,10,material_change,design_review,elec_a,2024-01-03
CHG-05243,P-1159,11,dimension_update,design_review,elec_a,2023-12-11
CHG-05244,P-1160,1,tolerance_tightening,test_failure,mech_a,2025-02-01
CHG-05245,P-1160,2,dimension_update,design_review,mech_a,2023-12-17
CHG-05246,P-1160,3,dimension_update,test_failure,mech_a,2024-11-01
CHG-05247,P-1160,4,tolerance_tightening,design_review,mech_a,2024-09-20
CHG-05248,P-1160,5,drawing_note,supplier_issue,mech_a,2024-11-06
CHG-05249,P-1160,6,drawing_note,customer_request,mech_a,2024-02-13
CHG-05250,P-1161,1,feature_add,design_review,mech_a,2023-03-25
CHG-05251,P-1161,2,feature_add,test_failure,mech_a,2024-06-08
CHG-05252,P-1161,3,drawing_note,test_failure,mech_a,2024-06-28
CHG-05253,P-1161,4,drawing_note,cost_reduction,mech_a,2023-10-03
CHG-05254,P-1161,5,feature_remove,design_review,mech_a,2023-04-01
CHG-05255,P-1162,1,feature_remove,supplier_issue,elec_a,2025-04-19
CHG-05256,P-1162,2,drawing_note,test_failure,elec_a,2025-06-08
CHG-05257,P-1163,1,feature_add,customer_request,mech_a,2025-09-10
CHG-05258,P-1163,2,feature_remove,test_failure,mech_a,2025-03-02
CHG-05259,P-1163,3,feature_remove,design_review,mech_a,2025-09-05
CHG-05260,P-1163,4,feature_add,design_review,mech_a,2026-01-05
CHG-05261,P-1163,5,drawing_note,customer_request,mech_a,2025-11-30
CHG-05262,P-1164,1,tolerance_tightening,cost_reduction,mech_a,2025-02-02
CHG-05263,P-1164,2,drawing_note,test_failure,mech_a,2024-11-24
CHG-05264,P-1164,3,feature_add,design_review,mech_a,2025-08-23
CHG-05265,P-1164,4,drawing_note,supplier_issue,mech_a,2024-08-10
CHG-05266,P-1164,5,material_change,test_failure,mech_a,2025-08-08
CHG-05267,P-1164,6,dimension_update,customer_request,mech_a,2025-06-19
CHG-05268,P-1164,7,dimension_update,cost_reduction,mech_a,2024-09-04
CHG-05269,P-1164,8,drawing_note,test_failure,mech_a,2025-05-03
CHG-05270,P-1165,1,dimension_update,test_failure,hw_integration,2025-02-07
CHG-05271,P-1165,2,feature_remove,test_failure,hw_integration,2025-10-23
CHG-05272,P-1165,3,material_change,design_review,hw_integration,2024-10-01
CHG-05273,P-1165,4,drawing_note,test_failure,hw_integration,2025-04-19
CHG-05274,P-1165,5,dimension_update,customer_request,hw_integration,2024-10-24
CHG-05275,P-1165,6,material_change,cost_reduction,hw_integration,2025-01-01
CHG-05276,P-1165,7,dimension_update,design_review,hw_integration,2025-09-22
CHG-05277,P-1166,1,drawing_note,cost_reduction,mech_a,2026-06-25
CHG-05278,P-1166,2,feature_remove,cost_reduction,mech_a,2025-09-23
CHG-05279,P-1167,1,feature_remove,test_failure,elec_a,2023-12-10
CHG-05280,P-1167,2,feature_add,test_failure,elec_a,2023-05-20
CHG-05281,P-1167,3,material_change,cost_reduction,elec_a,2023-12-04
CHG-05282,P-1167,4,feature_remove,cost_reduction,elec_a,2023-12-30
CHG-05283,P-1168,1,feature_remove,cost_reduction,hw_integration,2023-05-13
CHG-05284,P-1168,2,tolerance_tightening,supplier_issue,hw_integration,2023-08-01
CHG-05285,P-1168,3,feature_remove,cost_reduction,hw_integration,2023-06-03
CHG-05286,P-1168,4,feature_remove,supplier_issue,hw_integration,2022-08-29
CHG-05287,P-1168,5,dimension_update,design_review,hw_integration,2023-04-15
CHG-05288,P-1168,6,material_change,design_review,hw_integration,2023-01-06
CHG-05289,P-1168,7,feature_add,test_failure,hw_integration,2022-08-14
CHG-05290,P-1169,1,material_change,cost_reduction,hw_integration,2022-10-25
CHG-05291,P-1169,2,feature_add,design_review,hw_integration,2022-07-29
CHG-05292,P-1169,3,dimension_update,design_review,hw_integration,2023-06-15
CHG-05293,P-1169,4,feature_add,cost_reduction,hw_integration,2022-12-19
CHG-05294,P-1170,1,dimension_update,test_failure,hw_integration,2022-03-13
CHG-05295,P-1170,2,drawing_note,customer_request,hw_integration,2023-06-08
CHG-05296,P-1170,3,feature_remove,design_review,hw_integration,2023-02-20
CHG-05297,P-1170,4,feature_add,test_failure,hw_integration,2022-02-25
CHG-05298,P-1170,5,feature_add,supplier_issue,hw_integration,2022-08-20
CHG-05299,P-1170,6,material_change,customer_request,hw_integration,2022-03-21
CHG-05300,P-1170,7,material_change,customer_request,hw_integration,2023-02-16
CHG-05301,P-1171,1,drawing_note,test_failure,mech_b,2023-09-11
CHG-05302,P-1171,2,feature_add,cost_reduction,mech_b,2023-11-27
CHG-05303,P-1171,3,material_change,design_review,mech_b,2023-07-09
CHG-05304,P-1171,4,material_change,test_failure,mech_b,2023-01-21
CHG-05305,P-1172,1,tolerance_tightening,test_failure,hw_integration,2022-11-05
CHG-05306,P-1172,2,drawing_note,cost_reduction,hw_integration,2023-05-17
CHG-05307,P-1172,3,material_change,cost_reduction,hw_integration,2022-10-18
CHG-05308,P-1173,1,drawing_note,test_failure,mech_a,2026-04-02
CHG-05309,P-1173,2,feature_add,design_review,mech_a,2025-12-13
CHG-05310,P-1173,3,feature_remove,customer_request,mech_a,2025-09-11
CHG-05311,P-1174,1,tolerance_tightening,design_review,mech_b,2024-05-01
CHG-05312,P-1174,2,tolerance_tightening,test_failure,mech_b,2024-05-01
CHG-05313,P-1174,3,feature_add,customer_request,mech_b,2023-09-08
CHG-05314,P-1175,1,feature_add,design_review,mech_a,2023-11-24
CHG-05315,P-1175,2,feature_remove,design_review,mech_a,2023-07-16
CHG-05316,P-1175,3,drawing_note,design_review,mech_a,2023-08-02
CHG-05317,P-1175,4,tolerance_tightening,test_failure,mech_a,2023-07-19
CHG-05318,P-1175,5,feature_add,test_failure,mech_a,2022-12-19
CHG-05319,P-1176,1,feature_add,design_review,elec_a,2024-10-23
CHG-05320,P-1176,2,feature_add,design_review,elec_a,2024-11-29
CHG-05321,P-1176,3,drawing_note,cost_reduction,elec_a,2024-12-27
CHG-05322,P-1177,1,feature_remove,design_review,hw_integration,2024-02-25
CHG-05323,P-1177,2,drawing_note,supplier_issue,hw_integration,2023-07-18
CHG-05324,P-1177,3,drawing_note,design_review,hw_integration,2024-01-28
CHG-05325,P-1178,1,material_change,customer_request,hw_integration,2022-11-13
CHG-05326,P-1178,2,tolerance_tightening,design_review,hw_integration,2022-08-15
CHG-05327,P-1178,3,dimension_update,test_failure,hw_integration,2023-03-21
CHG-05328,P-1178,4,material_change,test_failure,hw_integration,2022-12-23
CHG-05329,P-1178,5,material_change,test_failure,hw_integration,2023-04-23
CHG-05330,P-1179,1,material_change,cost_reduction,hw_integration,2026-08-03
CHG-05331,P-1179,2,dimension_update,design_review,hw_integration,2026-08-01
CHG-05332,P-1179,3,drawing_note,test_failure,hw_integration,2026-05-01
CHG-05333,P-1179,4,material_change,supplier_issue,hw_integration,2026-09-04
CHG-05334,P-1179,5,material_change,customer_request,hw_integration,2025-12-07
CHG-05335,P-1180,1,feature_remove,cost_reduction,mech_a,2025-08-20
CHG-05336,P-1180,2,feature_remove,test_failure,mech_a,2025-08-18
CHG-05337,P-1180,3,feature_remove,customer_request,mech_a,2025-05-04
CHG-05338,P-1180,4,feature_remove,customer_request,mech_a,2025-05-10
CHG-05339,P-1180,5,drawing_note,design_review,mech_a,2025-08-08
CHG-05340,P-1181,1,feature_add,design_review,hw_integration,2025-10-21
CHG-05341,P-1181,2,drawing_note,customer_request,hw_integration,2025-08-27
CHG-05342,P-1181,3,feature_add,design_review,hw_integration,2025-03-26
CHG-05343,P-1181,4,tolerance_tightening,design_review,hw_integration,2025-07-30
CHG-05344,P-1181,5,feature_add,customer_request,hw_integration,2025-02-19
CHG-05345,P-1181,6,tolerance_tightening,cost_reduction,hw_integration,2025-10-14
CHG-05346,P-1181,7,feature_remove,cost_reduction,hw_integration,2024-12-01
CHG-05347,P-1181,8,dimension_update,design_review,hw_integration,2025-04-13
CHG-05348,P-1181,9,material_change,design_review,hw_integration,2026-02-19
CHG-05349,P-1181,10,dimension_update,test_failure,hw_integration,2025-12-08
CHG-05350,P-1182,1,dimension_update,supplier_issue,elec_a,2025-09-12
CHG-05351,P-1182,2,tolerance_tightening,design_review,elec_a,2026-02-01
CHG-05352,P-1182,3,drawing_note,design_review,elec_a,2025-09-01
CHG-05353,P-1182,4,feature_add,supplier_issue,elec_a,2026-01-04
CHG-05354,P-1182,5,feature_add,design_review,elec_a,2025-10-02
CHG-05355,P-1182,6,feature_add,design_review,elec_a,2025-09-16
CHG-05356,P-1182,7,feature_remove,supplier_issue,elec_a,2026-05-14
CHG-05357,P-1183,1,feature_remove,supplier_issue,mech_b,2025-12-21
CHG-05358,P-1183,2,material_change,design_review,mech_b,2025-09-14
CHG-05359,P-1183,3,feature_add,cost_reduction,mech_b,2025-06-07
CHG-05360,P-1183,4,feature_remove,cost_reduction,mech_b,2025-05-17
CHG-05361,P-1184,1,feature_remove,cost_reduction,mech_a,2024-01-01
CHG-05362,P-1184,2,tolerance_tightening,design_review,mech_a,2024-03-01
CHG-05363,P-1184,3,feature_remove,supplier_issue,mech_a,2023-01-27
CHG-05364,P-1184,4,tolerance_tightening,test_failure,mech_a,2023-06-03
CHG-05365,P-1185,1,feature_remove,test_failure,mech_a,2025-09-08
CHG-05366,P-1185,2,feature_add,design_review,mech_a,2025-10-01
CHG-05367,P-1185,3,tolerance_tightening,supplier_issue,mech_a,2025-12-01
CHG-05368,P-1185,4,material_change,design_review,mech_a,2025-10-14
CHG-05369,P-1185,5,feature_add,customer_request,mech_a,2024-12-21
CHG-05370,P-1185,6,dimension_update,test_failure,mech_a,2025-01-07
CHG-05371,P-1185,7,dimension_update,test_failure,mech_a,2025-12-23
CHG-05372,P-1186,1,feature_remove,test_failure,hw_integration,2022-06-20
CHG-05373,P-1186,2,tolerance_tightening,test_failure,hw_integration,2023-04-24
CHG-05374,P-1186,3,dimension_update,customer_request,hw_integration,2022-10-08
CHG-05375,P-1186,4,tolerance_tightening,design_review,hw_integration,2022-09-23
CHG-05376,P-1187,1,dimension_update,customer_request,mech_b,2023-09-10
CHG-05377,P-1187,2,drawing_note,design_review,mech_b,2024-07-29
CHG-05378,P-1187,3,feature_add,design_review,mech_b,2024-01-08
CHG-05379,P-1188,1,tolerance_tightening,test_failure,elec_a,2025-11-22
CHG-05380,P-1188,2,material_change,test_failure,elec_a,2024-12-01
CHG-05381,P-1188,3,drawing_note,cost_reduction,elec_a,2025-10-18
CHG-05382,P-1189,1,feature_add,cost_reduction,hw_integration,2025-01-30
CHG-05383,P-1189,2,feature_remove,customer_request,hw_integration,2025-01-07
CHG-05384,P-1189,3,feature_add,supplier_issue,hw_integration,2024-10-17
CHG-05385,P-1189,4,drawing_note,test_failure,hw_integration,2025-01-12
CHG-05386,P-1189,5,tolerance_tightening,customer_request,hw_integration,2025-04-14
CHG-05387,P-1190,1,tolerance_tightening,supplier_issue,mech_b,2025-04-07
CHG-05388,P-1190,2,material_change,test_failure,mech_b,2025-11-01
CHG-05389,P-1190,3,tolerance_tightening,design_review,mech_b,2025-03-30
CHG-05390,P-1190,4,tolerance_tightening,test_failure,mech_b,2024-12-24
CHG-05391,P-1190,5,material_change,cost_reduction,mech_b,2025-03-28
CHG-05392,P-1191,1,material_change,design_review,mech_a,2024-11-24
CHG-05393,P-1191,2,feature_add,design_review,mech_a,2025-06-05
CHG-05394,P-1191,3,drawing_note,design_review,mech_a,2025-10-13
CHG-05395,P-1191,4,drawing_note,test_failure,mech_a,2024-09-13
CHG-05396,P-1191,5,drawing_note,test_failure,mech_a,2025-09-20
CHG-05397,P-1192,1,dimension_update,cost_reduction,mech_b,2022-10-17
CHG-05398,P-1192,2,dimension_update,test_failure,mech_b,2022-03-28
CHG-05399,P-1192,3,dimension_update,cost_reduction,mech_b,2022-07-10
CHG-05400,P-1192,4,feature_add,supplier_issue,mech_b,2022-11-18
CHG-05401,P-1192,5,material_change,design_review,mech_b,2022-07-01
CHG-05402,P-1193,1,feature_remove,test_failure,mech_a,2024-02-29
CHG-05403,P-1193,2,tolerance_tightening,customer_request,mech_a,2024-08-03
CHG-05404,P-1193,3,dimension_update,supplier_issue,mech_a,2024-08-27
CHG-05405,P-1193,4,dimension_update,supplier_issue,mech_a,2024-10-06
CHG-05406,P-1193,5,feature_add,cost_reduction,mech_a,2024-08-15
CHG-05407,P-1194,1,drawing_note,design_review,mech_a,2024-05-03
CHG-05408,P-1194,2,dimension_update,supplier_issue,mech_a,2024-07-02
CHG-05409,P-1194,3,tolerance_tightening,test_failure,mech_a,2024-07-05
CHG-05410,P-1194,4,tolerance_tightening,supplier_issue,mech_a,2024-10-05
CHG-05411,P-1194,5,dimension_update,customer_request,mech_a,2024-08-20
CHG-05412,P-1194,6,material_change,test_failure,mech_a,2025-06-23
CHG-05413,P-1195,1,drawing_note,cost_reduction,hw_integration,2023-06-11
CHG-05414,P-1195,2,material_change,supplier_issue,hw_integration,2023-03-26
CHG-05415,P-1195,3,tolerance_tightening,cost_reduction,hw_integration,2023-11-14
CHG-05416,P-1195,4,drawing_note,supplier_issue,hw_integration,2023-11-29
CHG-05417,P-1196,1,dimension_update,test_failure,mech_b,2023-11-01
CHG-05418,P-1196,2,dimension_update,supplier_issue,mech_b,2023-06-29
CHG-05419,P-1196,3,material_change,supplier_issue,mech_b,2023-12-20
CHG-05420,P-1196,4,dimension_update,design_review,mech_b,2023-01-16
CHG-05421,P-1196,5,tolerance_tightening,supplier_issue,mech_b,2023-06-01
CHG-05422,P-1197,1,tolerance_tightening,test_failure,elec_a,2023-12-04
CHG-05423,P-1197,2,drawing_note,customer_request,elec_a,2024-11-14
CHG-05424,P-1197,3,tolerance_tightening,cost_reduction,elec_a,2024-03-23
CHG-05425,P-1197,4,tolerance_tightening,supplier_issue,elec_a,2023-10-11
CHG-05426,P-1197,5,material_change,test_failure,elec_a,2024-08-25
CHG-05427,P-1197,6,feature_add,test_failure,elec_a,2023-10-18
CHG-05428,P-1197,7,feature_remove,design_review,elec_a,2024-06-06
CHG-05429,P-1197,8,dimension_update,customer_request,elec_a,2024-03-23
CHG-05430,P-1198,1,tolerance_tightening,test_failure,elec_a,2024-07-22
CHG-05431,P-1198,2,feature_add,cost_reduction,elec_a,2024-07-20
CHG-05432,P-1198,3,feature_add,customer_request,elec_a,2024-08-18
CHG-05433,P-1198,4,drawing_note,test_failure,elec_a,2024-08-03
CHG-05434,P-1198,5,dimension_update,design_review,elec_a,2024-12-12
CHG-05435,P-1198,6,dimension_update,design_review,elec_a,2024-03-20
CHG-05436,P-1199,1,dimension_update,cost_reduction,elec_a,2025-09-30
CHG-05437,P-1199,2,drawing_note,test_failure,elec_a,2026-04-19
CHG-05438,P-1199,3,feature_add,supplier_issue,elec_a,2026-04-01
CHG-05439,P-1199,4,dimension_update,test_failure,elec_a,2025-02-02
CHG-05440,P-1199,5,drawing_note,design_review,elec_a,2025-03-21
CHG-05441,P-1200,1,feature_add,test_failure,elec_a,2024-12-02
CHG-05442,P-1200,2,drawing_note,test_failure,elec_a,2025-09-22
CHG-05443,P-1200,3,material_change,test_failure,elec_a,2025-01-03
CHG-05444,P-1200,4,feature_add,test_failure,elec_a,2025-09-08
CHG-05445,P-1201,1,material_change,design_review,mech_a,2026-08-31
CHG-05446,P-1201,2,dimension_update,customer_request,mech_a,2025-08-08
CHG-05447,P-1201,3,tolerance_tightening,design_review,mech_a,2025-10-29
CHG-05448,P-1201,4,drawing_note,customer_request,mech_a,2026-06-06
CHG-05449,P-1201,5,material_change,test_failure,mech_a,2026-02-17
CHG-05450,P-1201,6,drawing_note,design_review,mech_a,2026-03-19
CHG-05451,P-1202,1,feature_add,cost_reduction,elec_a,2023-05-15
CHG-05452,P-1202,2,material_change,test_failure,elec_a,2023-04-13
CHG-05453,P-1203,1,feature_remove,cost_reduction,hw_integration,2024-02-24
CHG-05454,P-1203,2,dimension_update,design_review,hw_integration,2023-08-21
CHG-05455,P-1203,3,feature_add,test_failure,hw_integration,2023-10-13
CHG-05456,P-1203,4,feature_remove,design_review,hw_integration,2023-09-08
CHG-05457,P-1204,1,feature_add,test_failure,mech_a,2023-05-08
CHG-05458,P-1204,2,feature_remove,design_review,mech_a,2023-02-26
CHG-05459,P-1204,3,tolerance_tightening,supplier_issue,mech_a,2023-09-24
CHG-05460,P-1204,4,feature_remove,supplier_issue,mech_a,2024-01-15
CHG-05461,P-1204,5,feature_add,cost_reduction,mech_a,2023-06-30
CHG-05462,P-1205,1,dimension_update,cost_reduction,mech_a,2025-11-02
CHG-05463,P-1205,2,feature_add,design_review,mech_a,2025-06-17
CHG-05464,P-1205,3,feature_add,customer_request,mech_a,2026-05-20
CHG-05465,P-1205,4,tolerance_tightening,supplier_issue,mech_a,2025-05-14
CHG-05466,P-1205,5,tolerance_tightening,test_failure,mech_a,2026-04-28
CHG-05467,P-1205,6,material_change,design_review,mech_a,2025-07-09
CHG-05468,P-1206,1,feature_remove,test_failure,elec_a,2025-03-13
CHG-05469,P-1206,2,drawing_note,design_review,elec_a,2024-11-10
CHG-05470,P-1207,1,material_change,supplier_issue,hw_integration,2024-05-31
CHG-05471,P-1207,2,feature_add,test_failure,hw_integration,2023-11-07
CHG-05472,P-1207,3,feature_remove,supplier_issue,hw_integration,2024-03-26
CHG-05473,P-1207,4,material_change,design_review,hw_integration,2024-06-08
CHG-05474,P-1207,5,material_change,test_failure,hw_integration,2024-05-27
CHG-05475,P-1208,1,dimension_update,design_review,mech_b,2024-09-10
CHG-05476,P-1208,2,drawing_note,test_failure,mech_b,2024-09-07
CHG-05477,P-1208,3,dimension_update,customer_request,mech_b,2025-05-06
CHG-05478,P-1208,4,tolerance_tightening,supplier_issue,mech_b,2025-05-02
CHG-05479,P-1208,5,tolerance_tightening,design_review,mech_b,2025-05-12
CHG-05480,P-1209,1,feature_add,cost_reduction,hw_integration,2023-11-23
CHG-05481,P-1209,2,tolerance_tightening,design_review,hw_integration,2023-06-02
CHG-05482,P-1209,3,feature_add,customer_request,hw_integration,2024-01-26
CHG-05483,P-1209,4,feature_add,design_review,hw_integration,2024-05-05
CHG-05484,P-1209,5,dimension_update,design_review,hw_integration,2024-06-08
CHG-05485,P-1209,6,feature_remove,test_failure,hw_integration,2023-07-19
CHG-05486,P-1210,1,material_change,test_failure,mech_a,2026-04-10
CHG-05487,P-1210,2,feature_remove,cost_reduction,mech_a,2026-03-08
CHG-05488,P-1210,3,material_change,customer_request,mech_a,2026-01-28
CHG-05489,P-1210,4,dimension_update,design_review,mech_a,2026-04-28
CHG-05490,P-1210,5,feature_remove,customer_request,mech_a,2025-07-25
CHG-05491,P-1210,6,drawing_note,test_failure,mech_a,2025-12-28
CHG-05492,P-1211,1,drawing_note,supplier_issue,elec_a,2024-11-20
CHG-05493,P-1211,2,tolerance_tightening,design_review,elec_a,2025-06-03
CHG-05494,P-1211,3,drawing_note,cost_reduction,elec_a,2025-04-12
CHG-05495,P-1212,1,drawing_note,design_review,hw_integration,2024-11-09
CHG-05496,P-1212,2,material_change,test_failure,hw_integration,2024-04-25
CHG-05497,P-1212,3,material_change,cost_reduction,hw_integration,2024-02-19
CHG-05498,P-1213,1,dimension_update,test_failure,mech_b,2025-07-22
CHG-05499,P-1213,2,drawing_note,cost_reduction,mech_b,2025-04-11
CHG-05500,P-1213,3,material_change,design_review,mech_b,2024-07-15
CHG-05501,P-1213,4,tolerance_tightening,supplier_issue,mech_b,2025-05-19
CHG-05502,P-1213,5,drawing_note,test_failure,mech_b,2024-11-04
CHG-05503,P-1214,1,drawing_note,test_failure,elec_a,2025-09-27
CHG-05504,P-1214,2,feature_remove,design_review,elec_a,2025-12-03
CHG-05505,P-1214,3,tolerance_tightening,test_failure,elec_a,2025-05-14
CHG-05506,P-1214,4,tolerance_tightening,test_failure,elec_a,2025-08-06
CHG-05507,P-1215,1,tolerance_tightening,cost_reduction,mech_a,2023-09-28
CHG-05508,P-1215,2,material_change,design_review,mech_a,2023-05-23
CHG-05509,P-1215,3,dimension_update,design_review,mech_a,2023-12-03
CHG-05510,P-1215,4,feature_add,design_review,mech_a,2023-06-24
CHG-05511,P-1216,1,drawing_note,test_failure,elec_a,2025-12-03
CHG-05512,P-1216,2,feature_remove,cost_reduction,elec_a,2025-09-11
CHG-05513,P-1216,3,dimension_update,test_failure,elec_a,2024-10-13
CHG-05514,P-1216,4,feature_remove,design_review,elec_a,2025-05-02
CHG-05515,P-1217,1,dimension_update,design_review,elec_a,2025-09-27
CHG-05516,P-1217,2,material_change,design_review,elec_a,2025-06-30
CHG-05517,P-1217,3,material_change,test_failure,elec_a,2025-07-03
CHG-05518,P-1218,1,material_change,design_review,hw_integration,2025-05-19
CHG-05519,P-1218,2,feature_add,cost_reduction,hw_integration,2025-03-05
CHG-05520,P-1218,3,dimension_update,test_failure,hw_integration,2024-12-03
CHG-05521,P-1218,4,feature_remove,test_failure,hw_integration,2024-09-27
CHG-05522,P-1218,5,material_change,supplier_issue,hw_integration,2024-06-26
CHG-05523,P-1219,1,feature_add,test_failure,mech_a,2022-08-30
CHG-05524,P-1219,2,drawing_note,customer_request,mech_a,2023-09-02
CHG-05525,P-1219,3,material_change,cost_reduction,mech_a,2023-08-11
CHG-05526,P-1219,4,dimension_update,cost_reduction,mech_a,2023-01-20
CHG-05527,P-1219,5,feature_remove,test_failure,mech_a,2022-09-05
CHG-05528,P-1219,6,tolerance_tightening,supplier_issue,mech_a,2022-12-31
CHG-05529,P-1219,7,material_change,supplier_issue,mech_a,2023-06-29
CHG-05530,P-1220,1,material_change,design_review,mech_b,2023-04-12
CHG-05531,P-1220,2,feature_remove,supplier_issue,mech_b,2023-06-08
CHG-05532,P-1220,3,dimension_update,design_review,mech_b,2023-05-22
CHG-05533,P-1220,4,feature_remove,design_review,mech_b,2023-08-02
CHG-05534,P-1220,5,drawing_note,test_failure,mech_b,2023-03-29
CHG-05535,P-1221,1,drawing_note,customer_request,elec_a,2022-03-13
CHG-05536,P-1221,2,feature_remove,cost_reduction,elec_a,2022-12-23
CHG-05537,P-1221,3,material_change,cost_reduction,elec_a,2023-06-21
CHG-05538,P-1221,4,feature_remove,cost_reduction,elec_a,2022-04-01
CHG-05539,P-1221,5,feature_remove,design_review,elec_a,2022-05-13
CHG-05540,P-1221,6,material_change,cost_reduction,elec_a,2023-04-25
CHG-05541,P-1221,7,dimension_update,design_review,elec_a,2022-11-29
CHG-05542,P-1222,1,tolerance_tightening,test_failure,hw_integration,2024-04-15
CHG-05543,P-1222,2,drawing_note,test_failure,hw_integration,2022-12-23
CHG-05544,P-1222,3,feature_remove,design_review,hw_integration,2022-12-31
CHG-05545,P-1222,4,feature_add,cost_reduction,hw_integration,2023-04-10
CHG-05546,P-1222,5,drawing_note,design_review,hw_integration,2023-06-24
CHG-05547,P-1222,6,material_change,design_review,hw_integration,2023-11-02
CHG-05548,P-1223,1,drawing_note,design_review,mech_a,2023-03-09
CHG-05549,P-1223,2,material_change,test_failure,mech_a,2022-10-19
CHG-05550,P-1223,3,dimension_update,design_review,mech_a,2023-09-17
CHG-05551,P-1223,4,drawing_note,customer_request,mech_a,2023-04-09
CHG-05552,P-1224,1,feature_remove,design_review,elec_a,2024-11-27
CHG-05553,P-1224,2,material_change,cost_reduction,elec_a,2025-04-24
CHG-05554,P-1224,3,tolerance_tightening,cost_reduction,elec_a,2024-07-19
CHG-05555,P-1225,1,feature_add,supplier_issue,hw_integration,2025-05-27
CHG-05556,P-1225,2,feature_remove,customer_request,hw_integration,2025-10-13
CHG-05557,P-1225,3,feature_remove,customer_request,hw_integration,2025-03-19
CHG-05558,P-1225,4,feature_add,test_failure,hw_integration,2026-06-27
CHG-05559,P-1226,1,drawing_note,design_review,elec_a,2022-12-29
CHG-05560,P-1226,2,dimension_update,test_failure,elec_a,2023-01-07
CHG-05561,P-1226,3,feature_add,cost_reduction,elec_a,2022-09-26
CHG-05562,P-1226,4,feature_add,design_review,elec_a,2023-06-11
CHG-05563,P-1227,1,feature_remove,design_review,mech_b,2023-05-27
CHG-05564,P-1227,2,feature_add,cost_reduction,mech_b,2023-06-13
CHG-05565,P-1227,3,drawing_note,test_failure,mech_b,2023-01-19
CHG-05566,P-1227,4,feature_remove,customer_request,mech_b,2023-04-17
CHG-05567,P-1227,5,material_change,test_failure,mech_b,2023-07-06
CHG-05568,P-1228,1,drawing_note,supplier_issue,mech_a,2022-03-06
CHG-05569,P-1228,2,material_change,test_failure,mech_a,2022-09-22
CHG-05570,P-1228,3,dimension_update,design_review,mech_a,2022-09-24
CHG-05571,P-1228,4,dimension_update,customer_request,mech_a,2022-08-20
CHG-05572,P-1228,5,dimension_update,test_failure,mech_a,2022-12-29
CHG-05573,P-1228,6,dimension_update,design_review,mech_a,2023-02-15
CHG-05574,P-1228,7,material_change,test_failure,mech_a,2022-04-09
CHG-05575,P-1229,1,dimension_update,design_review,mech_b,2022-05-22
CHG-05576,P-1229,2,feature_remove,customer_request,mech_b,2023-04-25
CHG-05577,P-1229,3,material_change,test_failure,mech_b,2023-01-11
CHG-05578,P-1229,4,feature_remove,cost_reduction,mech_b,2023-05-06
CHG-05579,P-1229,5,material_change,cost_reduction,mech_b,2023-04-14
CHG-05580,P-1230,1,dimension_update,design_review,mech_a,2022-04-17
CHG-05581,P-1230,2,feature_remove,design_review,mech_a,2023-03-03
CHG-05582,P-1230,3,tolerance_tightening,cost_reduction,mech_a,2022-07-25
CHG-05583,P-1230,4,feature_remove,supplier_issue,mech_a,2023-02-08
CHG-05584,P-1230,5,feature_add,test_failure,mech_a,2023-01-04
CHG-05585,P-1231,1,feature_remove,customer_request,mech_a,2025-05-21
CHG-05586,P-1231,2,feature_remove,test_failure,mech_a,2024-10-31
CHG-05587,P-1231,3,feature_remove,cost_reduction,mech_a,2025-02-06
CHG-05588,P-1231,4,tolerance_tightening,test_failure,mech_a,2025-06-26
CHG-05589,P-1232,1,tolerance_tightening,design_review,mech_b,2025-11-22
CHG-05590,P-1232,2,material_change,design_review,mech_b,2025-07-08
CHG-05591,P-1232,3,drawing_note,supplier_issue,mech_b,2025-04-26
CHG-05592,P-1233,1,feature_remove,supplier_issue,mech_a,2025-05-05
CHG-05593,P-1233,2,feature_remove,test_failure,mech_a,2025-11-08
CHG-05594,P-1233,3,feature_remove,cost_reduction,mech_a,2025-09-15
CHG-05595,P-1233,4,feature_remove,cost_reduction,mech_a,2025-04-08
CHG-05596,P-1234,1,tolerance_tightening,cost_reduction,mech_a,2025-03-09
CHG-05597,P-1234,2,dimension_update,design_review,mech_a,2024-07-17
CHG-05598,P-1234,3,material_change,test_failure,mech_a,2025-01-29
CHG-05599,P-1234,4,tolerance_tightening,cost_reduction,mech_a,2025-08-29
CHG-05600,P-1234,5,feature_remove,test_failure,mech_a,2024-06-18
CHG-05601,P-1235,1,feature_remove,supplier_issue,elec_a,2023-10-03
CHG-05602,P-1235,2,feature_add,design_review,elec_a,2023-07-31
CHG-05603,P-1235,3,drawing_note,test_failure,elec_a,2023-04-03
CHG-05604,P-1235,4,dimension_update,design_review,elec_a,2022-10-06
CHG-05605,P-1235,5,feature_remove,supplier_issue,elec_a,2022-08-25
CHG-05606,P-1235,6,material_change,test_failure,elec_a,2022-08-28
CHG-05607,P-1236,1,feature_add,test_failure,mech_a,2025-08-06
CHG-05608,P-1236,2,feature_remove,design_review,mech_a,2025-05-05
CHG-05609,P-1236,3,material_change,design_review,mech_a,2026-03-03
CHG-05610,P-1236,4,tolerance_tightening,design_review,mech_a,2024-12-30
CHG-05611,P-1237,1,material_change,test_failure,mech_a,2024-01-10
CHG-05612,P-1238,1,drawing_note,design_review,elec_a,2025-07-20
CHG-05613,P-1238,2,material_change,customer_request,elec_a,2025-12-18
CHG-05614,P-1238,3,drawing_note,customer_request,elec_a,2026-08-20
CHG-05615,P-1238,4,feature_add,cost_reduction,elec_a,2025-07-16
CHG-05616,P-1239,1,feature_add,design_review,hw_integration,2024-02-16
CHG-05617,P-1239,2,feature_remove,supplier_issue,hw_integration,2023-09-15
CHG-05618,P-1239,3,feature_add,design_review,hw_integration,2024-03-17
CHG-05619,P-1239,4,material_change,supplier_issue,hw_integration,2023-08-19
CHG-05620,P-1239,5,dimension_update,design_review,hw_integration,2024-05-15
CHG-05621,P-1240,1,drawing_note,design_review,elec_a,2024-09-03
CHG-05622,P-1240,2,feature_add,design_review,elec_a,2024-09-13
CHG-05623,P-1240,3,dimension_update,cost_reduction,elec_a,2024-11-01
CHG-05624,P-1240,4,material_change,design_review,elec_a,2025-07-11
CHG-05625,P-1240,5,drawing_note,design_review,elec_a,2025-03-25
CHG-05626,P-1240,6,tolerance_tightening,cost_reduction,elec_a,2024-09-14
CHG-05627,P-1240,7,drawing_note,design_review,elec_a,2025-10-12
CHG-05628,P-1240,8,feature_remove,test_failure,elec_a,2025-07-06
CHG-05629,P-1241,1,feature_remove,supplier_issue,mech_a,2024-03-16
CHG-05630,P-1241,2,feature_add,cost_reduction,mech_a,2024-12-01
CHG-05631,P-1241,3,feature_remove,customer_request,mech_a,2024-06-12
CHG-05632,P-1242,1,drawing_note,cost_reduction,mech_a,2025-02-08
CHG-05633,P-1242,2,tolerance_tightening,test_failure,mech_a,2024-06-22
CHG-05634,P-1242,3,drawing_note,supplier_issue,mech_a,2025-01-12
CHG-05635,P-1243,1,tolerance_tightening,design_review,elec_a,2023-03-28
CHG-05636,P-1243,2,material_change,design_review,elec_a,2022-06-18
CHG-05637,P-1244,1,tolerance_tightening,test_failure,elec_a,2024-08-05
CHG-05638,P-1244,2,feature_remove,test_failure,elec_a,2023-10-21
CHG-05639,P-1244,3,feature_add,supplier_issue,elec_a,2023-11-13
CHG-05640,P-1244,4,tolerance_tightening,customer_request,elec_a,2024-04-04
CHG-05641,P-1245,1,feature_add,cost_reduction,mech_b,2022-09-13
CHG-05642,P-1245,2,tolerance_tightening,cost_reduction,mech_b,2023-11-06
CHG-05643,P-1245,3,feature_remove,customer_request,mech_b,2023-09-23
CHG-05644,P-1245,4,feature_add,customer_request,mech_b,2023-10-21
CHG-05645,P-1246,1,material_change,supplier_issue,hw_integration,2025-11-11
CHG-05646,P-1246,2,feature_remove,supplier_issue,hw_integration,2024-11-28
CHG-05647,P-1246,3,dimension_update,customer_request,hw_integration,2025-11-12
CHG-05648,P-1246,4,drawing_note,test_failure,hw_integration,2025-11-25
CHG-05649,P-1247,1,feature_remove,test_failure,hw_integration,2025-01-01
CHG-05650,P-1247,2,feature_remove,test_failure,hw_integration,2025-09-11
CHG-05651,P-1247,3,material_change,test_failure,hw_integration,2024-08-14
CHG-05652,P-1247,4,material_change,test_failure,hw_integration,2025-07-22
CHG-05653,P-1247,5,feature_remove,design_review,hw_integration,2025-06-19
CHG-05654,P-1248,1,material_change,design_review,elec_a,2025-02-17
CHG-05655,P-1248,2,feature_remove,design_review,elec_a,2025-05-08
CHG-05656,P-1248,3,drawing_note,cost_reduction,elec_a,2026-03-04
CHG-05657,P-1248,4,dimension_update,cost_reduction,elec_a,2025-12-11
CHG-05658,P-1248,5,feature_remove,cost_reduction,elec_a,2025-12-09
CHG-05659,P-1249,1,feature_add,design_review,elec_a,2023-08-29
CHG-05660,P-1249,2,drawing_note,test_failure,elec_a,2023-12-31
CHG-05661,P-1249,3,drawing_note,customer_request,elec_a,2024-07-12
CHG-05662,P-1249,4,tolerance_tightening,customer_request,elec_a,2023-09-13
CHG-05663,P-1249,5,dimension_update,supplier_issue,elec_a,2024-04-30
CHG-05664,P-1250,1,tolerance_tightening,test_failure,hw_integration,2026-01-18
CHG-05665,P-1250,2,tolerance_tightening,design_review,hw_integration,2025-03-24
CHG-05666,P-1250,3,dimension_update,test_failure,hw_integration,2025-07-15
CHG-05667,P-1250,4,feature_remove,supplier_issue,hw_integration,2025-05-21
CHG-05668,P-1250,5,material_change,design_review,hw_integration,2025-08-16
CHG-05669,P-1250,6,material_change,customer_request,hw_integration,2024-12-18
CHG-05670,P-1250,7,dimension_update,test_failure,hw_integration,2025-11-30
CHG-05671,P-1251,1,tolerance_tightening,design_review,mech_a,2025-07-14
CHG-05672,P-1251,2,material_change,cost_reduction,mech_a,2025-06-24
CHG-05673,P-1252,1,drawing_note,supplier_issue,elec_a,2023-11-12
CHG-05674,P-1252,2,feature_remove,test_failure,elec_a,2024-11-14
CHG-05675,P-1252,3,material_change,customer_request,elec_a,2024-08-08
CHG-05676,P-1252,4,feature_remove,test_failure,elec_a,2024-12-09
CHG-05677,P-1252,5,drawing_note,supplier_issue,elec_a,2024-02-15
CHG-05678,P-1253,1,drawing_note,supplier_issue,hw_integration,2025-10-17
CHG-05679,P-1253,2,drawing_note,supplier_issue,hw_integration,2025-09-28
CHG-05680,P-1253,3,dimension_update,test_failure,hw_integration,2026-03-19
CHG-05681,P-1254,1,tolerance_tightening,supplier_issue,mech_a,2024-09-29
CHG-05682,P-1254,2,feature_add,test_failure,mech_a,2025-03-20
CHG-05683,P-1254,3,dimension_update,test_failure,mech_a,2025-06-23
CHG-05684,P-1254,4,tolerance_tightening,test_failure,mech_a,2025-12-17
CHG-05685,P-1255,1,feature_remove,design_review,mech_a,2024-01-27
CHG-05686,P-1255,2,material_change,design_review,mech_a,2024-03-22
CHG-05687,P-1255,3,material_change,supplier_issue,mech_a,2023-09-12
CHG-05688,P-1256,1,dimension_update,customer_request,mech_b,2023-09-25
CHG-05689,P-1256,2,drawing_note,customer_request,mech_b,2024-08-03
CHG-05690,P-1256,3,tolerance_tightening,supplier_issue,mech_b,2024-10-05
CHG-05691,P-1257,1,tolerance_tightening,customer_request,mech_b,2022-06-11
CHG-05692,P-1257,2,tolerance_tightening,test_failure,mech_b,2023-09-18
CHG-05693,P-1257,3,tolerance_tightening,design_review,mech_b,2023-07-06
CHG-05694,P-1257,4,drawing_note,design_review,mech_b,2022-08-25
CHG-05695,P-1257,5,dimension_update,cost_reduction,mech_b,2023-02-06
CHG-05696,P-1258,1,feature_add,supplier_issue,hw_integration,2024-08-11
CHG-05697,P-1258,2,dimension_update,test_failure,hw_integration,2023-10-27
CHG-05698,P-1258,3,material_change,design_review,hw_integration,2023-08-07
CHG-05699,P-1258,4,feature_remove,cost_reduction,hw_integration,2024-07-27
CHG-05700,P-1258,5,feature_remove,test_failure,hw_integration,2023-09-22
CHG-05701,P-1259,1,drawing_note,test_failure,mech_b,2023-12-16
CHG-05702,P-1260,1,dimension_update,test_failure,elec_a,2023-04-25
CHG-05703,P-1260,2,tolerance_tightening,cost_reduction,elec_a,2023-07-15
CHG-05704,P-1260,3,feature_add,test_failure,elec_a,2023-07-07
CHG-05705,P-1260,4,feature_remove,test_failure,elec_a,2023-06-24
CHG-05706,P-1260,5,feature_add,test_failure,elec_a,2023-05-20
CHG-05707,P-1260,6,feature_remove,design_review,elec_a,2023-08-17
CHG-05708,P-1261,1,drawing_note,test_failure,hw_integration,2024-02-15
CHG-05709,P-1261,2,feature_remove,customer_request,hw_integration,2023-09-22
CHG-05710,P-1261,3,dimension_update,design_review,hw_integration,2023-12-13
CHG-05711,P-1261,4,material_change,customer_request,hw_integration,2023-07-08
CHG-05712,P-1262,1,drawing_note,design_review,hw_integration,2022-08-13
CHG-05713,P-1262,2,feature_add,supplier_issue,hw_integration,2022-03-28
CHG-05714,P-1262,3,drawing_note,test_failure,hw_integration,2023-02-25
CHG-05715,P-1262,4,tolerance_tightening,cost_reduction,hw_integration,2022-08-01
CHG-05716,P-1263,1,drawing_note,test_failure,elec_a,2023-09-01
CHG-05717,P-1263,2,feature_remove,customer_request,elec_a,2023-12-02
CHG-05718,P-1263,3,tolerance_tightening,design_review,elec_a,2024-10-20
CHG-05719,P-1264,1,dimension_update,design_review,hw_integration,2022-10-15
CHG-05720,P-1264,2,drawing_note,customer_request,hw_integration,2023-10-31
CHG-05721,P-1265,1,feature_add,customer_request,elec_a,2023-06-06
CHG-05722,P-1265,2,drawing_note,supplier_issue,elec_a,2023-03-02
CHG-05723,P-1265,3,drawing_note,customer_request,elec_a,2022-11-20
CHG-05724,P-1265,4,material_change,customer_request,elec_a,2023-09-17
CHG-05725,P-1265,5,drawing_note,design_review,elec_a,2023-01-22
CHG-05726,P-1265,6,feature_add,design_review,elec_a,2023-09-20
CHG-05727,P-1265,7,tolerance_tightening,supplier_issue,elec_a,2023-10-03
CHG-05728,P-1266,1,drawing_note,test_failure,mech_a,2025-06-08
CHG-05729,P-1266,2,material_change,supplier_issue,mech_a,2024-09-19
CHG-05730,P-1266,3,feature_remove,design_review,mech_a,2025-11-03
CHG-05731,P-1266,4,tolerance_tightening,design_review,mech_a,2025-02-23
CHG-05732,P-1266,5,drawing_note,test_failure,mech_a,2024-10-31
CHG-05733,P-1267,1,material_change,supplier_issue,elec_a,2025-05-11
CHG-05734,P-1267,2,material_change,cost_reduction,elec_a,2026-01-10
CHG-05735,P-1267,3,material_change,customer_request,elec_a,2026-05-03
CHG-05736,P-1267,4,tolerance_tightening,design_review,elec_a,2025-12-31
CHG-05737,P-1267,5,dimension_update,test_failure,elec_a,2026-04-07
CHG-05738,P-1267,6,drawing_note,test_failure,elec_a,2025-11-06
CHG-05739,P-1267,7,tolerance_tightening,cost_reduction,elec_a,2025-09-27
CHG-05740,P-1267,8,material_change,supplier_issue,elec_a,2025-08-29
CHG-05741,P-1268,1,tolerance_tightening,customer_request,mech_b,2023-10-04
CHG-05742,P-1268,2,material_change,design_review,mech_b,2022-11-13
CHG-05743,P-1268,3,material_change,supplier_issue,mech_b,2023-08-04
CHG-05744,P-1268,4,dimension_update,test_failure,mech_b,2023-06-14
CHG-05745,P-1268,5,feature_add,cost_reduction,mech_b,2022-10-11
CHG-05746,P-1268,6,dimension_update,test_failure,mech_b,2022-10-28
CHG-05747,P-1268,7,material_change,test_failure,mech_b,2023-01-28
CHG-05748,P-1268,8,tolerance_tightening,test_failure,mech_b,2023-09-28
CHG-05749,P-1269,1,tolerance_tightening,customer_request,mech_b,2024-02-24
CHG-05750,P-1269,2,feature_add,cost_reduction,mech_b,2024-02-04
CHG-05751,P-1269,3,drawing_note,supplier_issue,mech_b,2024-01-13
CHG-05752,P-1269,4,dimension_update,design_review,mech_b,2024-07-28
CHG-05753,P-1270,1,tolerance_tightening,test_failure,elec_a,2025-03-26
CHG-05754,P-1270,2,feature_remove,design_review,elec_a,2025-06-07
CHG-05755,P-1270,3,drawing_note,design_review,elec_a,2025-09-10
CHG-05756,P-1270,4,dimension_update,cost_reduction,elec_a,2025-04-14
CHG-05757,P-1270,5,feature_add,supplier_issue,elec_a,2026-05-25
CHG-05758,P-1270,6,feature_add,design_review,elec_a,2026-06-02
CHG-05759,P-1271,1,feature_remove,test_failure,mech_b,2024-12-29
CHG-05760,P-1271,2,tolerance_tightening,supplier_issue,mech_b,2024-12-02
CHG-05761,P-1271,3,feature_remove,design_review,mech_b,2025-04-06
CHG-05762,P-1271,4,tolerance_tightening,cost_reduction,mech_b,2024-11-14
CHG-05763,P-1271,5,feature_add,test_failure,mech_b,2024-06-25
CHG-05764,P-1272,1,drawing_note,test_failure,mech_a,2022-04-14
CHG-05765,P-1272,2,drawing_note,design_review,mech_a,2022-12-08
CHG-05766,P-1272,3,feature_add,cost_reduction,mech_a,2023-05-15
CHG-05767,P-1272,4,material_change,design_review,mech_a,2022-07-14
CHG-05768,P-1273,1,drawing_note,customer_request,hw_integration,2025-01-03
CHG-05769,P-1273,2,drawing_note,supplier_issue,hw_integration,2025-05-18
CHG-05770,P-1273,3,drawing_note,design_review,hw_integration,2025-02-27
CHG-05771,P-1273,4,dimension_update,design_review,hw_integration,2025-05-07
CHG-05772,P-1273,5,feature_add,design_review,hw_integration,2025-01-25
CHG-05773,P-1274,1,material_change,test_failure,elec_a,2022-03-10
CHG-05774,P-1274,2,material_change,cost_reduction,elec_a,2023-05-25
CHG-05775,P-1274,3,dimension_update,design_review,elec_a,2022-09-06
CHG-05776,P-1275,1,material_change,test_failure,elec_a,2025-05-09
CHG-05777,P-1275,2,material_change,cost_reduction,elec_a,2024-09-22
CHG-05778,P-1275,3,drawing_note,design_review,elec_a,2025-03-16
CHG-05779,P-1275,4,dimension_update,design_review,elec_a,2025-03-19
CHG-05780,P-1275,5,feature_remove,design_review,elec_a,2025-04-25
CHG-05781,P-1275,6,feature_remove,test_failure,elec_a,2025-01-18
CHG-05782,P-1275,7,tolerance_tightening,cost_reduction,elec_a,2024-07-22
CHG-05783,P-1276,1,drawing_note,design_review,hw_integration,2024-10-15
CHG-05784,P-1277,1,feature_remove,customer_request,elec_a,2023-11-13
CHG-05785,P-1277,2,dimension_update,supplier_issue,elec_a,2024-02-20
CHG-05786,P-1277,3,feature_add,design_review,elec_a,2024-12-01
CHG-05787,P-1277,4,feature_add,design_review,elec_a,2024-10-12
CHG-05788,P-1277,5,feature_remove,supplier_issue,elec_a,2024-11-05
CHG-05789,P-1277,6,tolerance_tightening,cost_reduction,elec_a,2024-03-03
CHG-05790,P-1277,7,feature_remove,design_review,elec_a,2024-12-29
CHG-05791,P-1277,8,dimension_update,design_review,elec_a,2024-10-24
CHG-05792,P-1277,9,drawing_note,test_failure,elec_a,2024-09-19
CHG-05793,P-1278,1,dimension_update,test_failure,elec_a,2023-04-14
CHG-05794,P-1278,2,dimension_update,test_failure,elec_a,2023-05-27
CHG-05795,P-1278,3,tolerance_tightening,design_review,elec_a,2023-03-10
CHG-05796,P-1279,1,feature_remove,supplier_issue,hw_integration,2025-07-16
CHG-05797,P-1279,2,feature_remove,design_review,hw_integration,2026-04-10
CHG-05798,P-1279,3,drawing_note,design_review,hw_integration,2025-10-05
CHG-05799,P-1279,4,feature_remove,cost_reduction,hw_integration,2026-03-22
CHG-05800,P-1279,5,material_change,design_review,hw_integration,2025-04-04
CHG-05801,P-1279,6,feature_remove,supplier_issue,hw_integration,2026-02-03
CHG-05802,P-1280,1,dimension_update,customer_request,mech_b,2023-05-10
CHG-05803,P-1280,2,material_change,test_failure,mech_b,2023-03-25
CHG-05804,P-1280,3,material_change,cost_reduction,mech_b,2023-08-27
CHG-05805,P-1280,4,drawing_note,supplier_issue,mech_b,2022-05-29
CHG-05806,P-1280,5,dimension_update,customer_request,mech_b,2022-07-25
CHG-05807,P-1281,1,feature_remove,test_failure,hw_integration,2025-05-23
CHG-05808,P-1281,2,drawing_note,test_failure,hw_integration,2025-11-18
CHG-05809,P-1281,3,tolerance_tightening,test_failure,hw_integration,2026-08-16
CHG-05810,P-1282,1,material_change,supplier_issue,elec_a,2022-05-31
CHG-05811,P-1282,2,tolerance_tightening,customer_request,elec_a,2022-04-21
CHG-05812,P-1282,3,drawing_note,test_failure,elec_a,2022-08-28
CHG-05813,P-1282,4,drawing_note,test_failure,elec_a,2022-05-26
CHG-05814,P-1282,5,material_change,customer_request,elec_a,2023-02-26
CHG-05815,P-1283,1,material_change,design_review,mech_a,2024-02-06
CHG-05816,P-1283,2,dimension_update,supplier_issue,mech_a,2024-02-22
CHG-05817,P-1283,3,dimension_update,design_review,mech_a,2023-02-03
CHG-05818,P-1283,4,feature_remove,cost_reduction,mech_a,2023-03-03
CHG-05819,P-1283,5,material_change,supplier_issue,mech_a,2023-10-31
CHG-05820,P-1283,6,feature_remove,design_review,mech_a,2024-03-25
CHG-05821,P-1284,1,dimension_update,test_failure,mech_a,2024-03-26
CHG-05822,P-1284,2,feature_remove,cost_reduction,mech_a,2024-04-30
CHG-05823,P-1284,3,dimension_update,cost_reduction,mech_a,2024-06-25
CHG-05824,P-1284,4,dimension_update,test_failure,mech_a,2024-04-09
CHG-05825,P-1284,5,dimension_update,test_failure,mech_a,2025-01-30
CHG-05826,P-1284,6,dimension_update,supplier_issue,mech_a,2024-08-18
CHG-05827,P-1284,7,feature_add,supplier_issue,mech_a,2025-02-02
CHG-05828,P-1285,1,feature_add,cost_reduction,hw_integration,2025-02-18
CHG-05829,P-1285,2,drawing_note,customer_request,hw_integration,2024-09-28
CHG-05830,P-1285,3,dimension_update,supplier_issue,hw_integration,2024-12-26
CHG-05831,P-1285,4,material_change,test_failure,hw_integration,2023-10-26
CHG-05832,P-1285,5,feature_add,design_review,hw_integration,2024-02-03
CHG-05833,P-1285,6,feature_remove,design_review,hw_integration,2024-04-08
CHG-05834,P-1285,7,feature_remove,test_failure,hw_integration,2024-12-21
CHG-05835,P-1285,8,dimension_update,supplier_issue,hw_integration,2024-05-06
CHG-05836,P-1286,1,material_change,cost_reduction,hw_integration,2023-10-02
CHG-05837,P-1286,2,tolerance_tightening,design_review,hw_integration,2024-01-04
CHG-05838,P-1286,3,feature_add,design_review,hw_integration,2022-11-28
CHG-05839,P-1286,4,drawing_note,supplier_issue,hw_integration,2023-03-20
CHG-05840,P-1286,5,dimension_update,test_failure,hw_integration,2023-03-22
CHG-05841,P-1286,6,feature_remove,supplier_issue,hw_integration,2023-07-12
CHG-05842,P-1287,1,drawing_note,supplier_issue,hw_integration,2023-01-15
CHG-05843,P-1287,2,material_change,test_failure,hw_integration,2023-02-28
CHG-05844,P-1287,3,dimension_update,test_failure,hw_integration,2023-05-02
CHG-05845,P-1287,4,feature_add,customer_request,hw_integration,2024-03-16
CHG-05846,P-1287,5,material_change,design_review,hw_integration,2023-06-07
CHG-05847,P-1288,1,material_change,customer_request,mech_a,2024-09-23
CHG-05848,P-1288,2,drawing_note,test_failure,mech_a,2024-06-13
CHG-05849,P-1289,1,dimension_update,supplier_issue,hw_integration,2022-06-04
CHG-05850,P-1289,2,material_change,design_review,hw_integration,2023-02-01
CHG-05851,P-1289,3,feature_remove,design_review,hw_integration,2023-03-03
CHG-05852,P-1289,4,dimension_update,design_review,hw_integration,2023-03-14
CHG-05853,P-1290,1,feature_remove,design_review,hw_integration,2023-05-16
CHG-05854,P-1290,2,tolerance_tightening,test_failure,hw_integration,2023-06-09
CHG-05855,P-1290,3,feature_remove,design_review,hw_integration,2023-01-01
CHG-05856,P-1290,4,feature_remove,test_failure,hw_integration,2023-06-10
CHG-05857,P-1290,5,feature_add,test_failure,hw_integration,2023-07-04
CHG-05858,P-1291,1,feature_remove,test_failure,hw_integration,2024-04-17
CHG-05859,P-1291,2,feature_remove,test_failure,hw_integration,2023-09-05
CHG-05860,P-1291,3,drawing_note,customer_request,hw_integration,2023-11-27
CHG-05861,P-1291,4,material_change,cost_reduction,hw_integration,2023-10-11
CHG-05862,P-1291,5,dimension_update,customer_request,hw_integration,2024-07-27
CHG-05863,P-1292,1,feature_add,design_review,mech_b,2022-09-27
CHG-05864,P-1292,2,dimension_update,customer_request,mech_b,2023-04-10
CHG-05865,P-1292,3,drawing_note,design_review,mech_b,2022-09-24
CHG-05866,P-1292,4,feature_remove,design_review,mech_b,2023-01-13
CHG-05867,P-1292,5,tolerance_tightening,test_failure,mech_b,2023-05-27
CHG-05868,P-1293,1,feature_add,design_review,elec_a,2023-02-02
CHG-05869,P-1293,2,drawing_note,supplier_issue,elec_a,2022-05-12
CHG-05870,P-1293,3,drawing_note,test_failure,elec_a,2023-07-03
CHG-05871,P-1293,4,feature_add,design_review,elec_a,2022-07-21
CHG-05872,P-1293,5,feature_remove,design_review,elec_a,2023-07-15
CHG-05873,P-1294,1,feature_remove,design_review,mech_b,2023-01-05
CHG-05874,P-1294,2,feature_add,cost_reduction,mech_b,2023-03-02
CHG-05875,P-1294,3,feature_add,supplier_issue,mech_b,2022-10-27
CHG-05876,P-1294,4,drawing_note,test_failure,mech_b,2022-03-23
CHG-05877,P-1295,1,drawing_note,design_review,mech_a,2025-10-22
CHG-05878,P-1295,2,drawing_note,test_failure,mech_a,2025-03-09
CHG-05879,P-1295,3,dimension_update,test_failure,mech_a,2026-02-02
CHG-05880,P-1295,4,feature_add,customer_request,mech_a,2025-07-31
CHG-05881,P-1295,5,feature_remove,supplier_issue,mech_a,2025-02-21
CHG-05882,P-1295,6,drawing_note,design_review,mech_a,2025-04-26
CHG-05883,P-1295,7,tolerance_tightening,cost_reduction,mech_a,2025-11-05
CHG-05884,P-1296,1,material_change,cost_reduction,elec_a,2022-09-10
CHG-05885,P-1296,2,tolerance_tightening,supplier_issue,elec_a,2022-10-04
CHG-05886,P-1296,3,dimension_update,design_review,elec_a,2023-07-26
CHG-05887,P-1296,4,feature_remove,customer_request,elec_a,2023-06-08
CHG-05888,P-1296,5,material_change,design_review,elec_a,2022-10-29
CHG-05889,P-1297,1,drawing_note,test_failure,mech_a,2023-12-05
CHG-05890,P-1297,2,material_change,design_review,mech_a,2023-02-18
CHG-05891,P-1297,3,material_change,test_failure,mech_a,2023-09-13
CHG-05892,P-1297,4,feature_remove,test_failure,mech_a,2022-10-01
CHG-05893,P-1297,5,material_change,customer_request,mech_a,2023-10-22
CHG-05894,P-1297,6,tolerance_tightening,design_review,mech_a,2023-05-07
CHG-05895,P-1298,1,feature_add,test_failure,mech_a,2025-04-28
CHG-05896,P-1298,2,material_change,design_review,mech_a,2025-11-30
CHG-05897,P-1298,3,drawing_note,customer_request,mech_a,2025-07-03
CHG-05898,P-1298,4,dimension_update,customer_request,mech_a,2025-02-17
CHG-05899,P-1298,5,drawing_note,customer_request,mech_a,2025-01-15
CHG-05900,P-1299,1,tolerance_tightening,test_failure,mech_a,2023-09-12
CHG-05901,P-1299,2,feature_add,design_review,mech_a,2023-09-07
CHG-05902,P-1299,3,material_change,cost_reduction,mech_a,2024-02-21
CHG-05903,P-1299,4,feature_remove,design_review,mech_a,2023-10-30
CHG-05904,P-1299,5,feature_remove,test_failure,mech_a,2024-04-22
CHG-05905,P-1300,1,feature_add,cost_reduction,mech_b,2024-04-19
CHG-05906,P-1300,2,material_change,design_review,mech_b,2024-04-22
CHG-05907,P-1300,3,material_change,test_failure,mech_b,2023-12-13
CHG-05908,P-1301,1,feature_add,design_review,mech_a,2024-12-30
CHG-05909,P-1301,2,tolerance_tightening,design_review,mech_a,2024-08-22
CHG-05910,P-1301,3,material_change,test_failure,mech_a,2024-05-12
CHG-05911,P-1301,4,drawing_note,design_review,mech_a,2025-01-02
CHG-05912,P-1302,1,feature_add,supplier_issue,hw_integration,2024-09-11
CHG-05913,P-1302,2,dimension_update,test_failure,hw_integration,2025-01-04
CHG-05914,P-1302,3,feature_add,customer_request,hw_integration,2024-03-25
CHG-05915,P-1303,1,feature_add,cost_reduction,hw_integration,2023-09-27
CHG-05916,P-1303,2,tolerance_tightening,cost_reduction,hw_integration,2024-02-26
CHG-05917,P-1303,3,feature_remove,design_review,hw_integration,2024-09-26
CHG-05918,P-1303,4,dimension_update,design_review,hw_integration,2024-02-25
CHG-05919,P-1304,1,tolerance_tightening,test_failure,hw_integration,2025-06-04
CHG-05920,P-1304,2,drawing_note,supplier_issue,hw_integration,2025-11-06
CHG-05921,P-1304,3,feature_add,test_failure,hw_integration,2025-08-22
CHG-05922,P-1304,4,material_change,design_review,hw_integration,2025-07-04
CHG-05923,P-1305,1,dimension_update,customer_request,mech_b,2023-12-14
CHG-05924,P-1305,2,drawing_note,cost_reduction,mech_b,2023-11-29
CHG-05925,P-1305,3,material_change,design_review,mech_b,2024-02-13
CHG-05926,P-1306,1,material_change,customer_request,mech_a,2022-11-15
CHG-05927,P-1306,2,tolerance_tightening,customer_request,mech_a,2023-10-18
CHG-05928,P-1306,3,feature_add,test_failure,mech_a,2023-11-30
CHG-05929,P-1306,4,dimension_update,cost_reduction,mech_a,2023-03-05
CHG-05930,P-1306,5,feature_add,customer_request,mech_a,2023-07-19
CHG-05931,P-1306,6,feature_remove,test_failure,mech_a,2023-03-10
CHG-05932,P-1307,1,tolerance_tightening,design_review,elec_a,2023-11-18
CHG-05933,P-1307,2,feature_add,design_review,elec_a,2025-02-01
CHG-05934,P-1307,3,tolerance_tightening,test_failure,elec_a,2024-12-14
CHG-05935,P-1307,4,dimension_update,cost_reduction,elec_a,2024-09-16
CHG-05936,P-1307,5,material_change,cost_reduction,elec_a,2024-01-31
CHG-05937,P-1308,1,drawing_note,test_failure,elec_a,2025-12-26
CHG-05938,P-1308,2,drawing_note,supplier_issue,elec_a,2026-02-15
CHG-05939,P-1308,3,feature_add,supplier_issue,elec_a,2025-07-25
CHG-05940,P-1309,1,tolerance_tightening,test_failure,mech_a,2026-02-22
CHG-05941,P-1309,2,tolerance_tightening,cost_reduction,mech_a,2026-02-11
CHG-05942,P-1309,3,feature_add,customer_request,mech_a,2026-02-05
CHG-05943,P-1309,4,dimension_update,design_review,mech_a,2025-04-26
CHG-05944,P-1310,1,feature_remove,design_review,hw_integration,2025-07-09
CHG-05945,P-1310,2,feature_add,customer_request,hw_integration,2025-01-03
CHG-05946,P-1310,3,dimension_update,test_failure,hw_integration,2025-01-19
CHG-05947,P-1310,4,dimension_update,design_review,hw_integration,2024-12-06
CHG-05948,P-1310,5,dimension_update,design_review,hw_integration,2024-12-29
CHG-05949,P-1310,6,feature_add,design_review,hw_integration,2025-02-15
CHG-05950,P-1311,1,tolerance_tightening,design_review,mech_b,2022-06-14
CHG-05951,P-1311,2,drawing_note,design_review,mech_b,2022-04-04
CHG-05952,P-1311,3,material_change,cost_reduction,mech_b,2023-04-23
CHG-05953,P-1311,4,feature_remove,supplier_issue,mech_b,2022-09-23
CHG-05954,P-1311,5,tolerance_tightening,cost_reduction,mech_b,2022-07-14
CHG-05955,P-1311,6,feature_remove,test_failure,mech_b,2022-03-15
CHG-05956,P-1311,7,tolerance_tightening,design_review,mech_b,2022-05-14
CHG-05957,P-1311,8,dimension_update,design_review,mech_b,2022-05-18
CHG-05958,P-1312,1,dimension_update,cost_reduction,hw_integration,2025-10-25
CHG-05959,P-1312,2,feature_add,design_review,hw_integration,2024-08-08
CHG-05960,P-1312,3,material_change,test_failure,hw_integration,2025-05-08
CHG-05961,P-1313,1,feature_remove,customer_request,mech_a,2023-01-08
CHG-05962,P-1313,2,tolerance_tightening,design_review,mech_a,2023-08-02
CHG-05963,P-1314,1,drawing_note,test_failure,mech_b,2025-08-15
CHG-05964,P-1314,2,dimension_update,test_failure,mech_b,2026-01-02
CHG-05965,P-1314,3,dimension_update,cost_reduction,mech_b,2025-05-13
CHG-05966,P-1314,4,tolerance_tightening,design_review,mech_b,2025-04-18
CHG-05967,P-1314,5,tolerance_tightening,design_review,mech_b,2025-09-21
CHG-05968,P-1314,6,feature_add,customer_request,mech_b,2026-02-15
CHG-05969,P-1315,1,drawing_note,design_review,mech_b,2022-05-25
CHG-05970,P-1315,2,drawing_note,design_review,mech_b,2023-05-27
CHG-05971,P-1315,3,tolerance_tightening,design_review,mech_b,2022-12-23
CHG-05972,P-1315,4,feature_remove,design_review,mech_b,2022-08-09
CHG-05973,P-1315,5,feature_add,cost_reduction,mech_b,2022-07-25
CHG-05974,P-1316,1,dimension_update,test_failure,mech_a,2023-07-09
CHG-05975,P-1316,2,feature_add,test_failure,mech_a,2022-08-23
CHG-05976,P-1316,3,feature_add,design_review,mech_a,2023-05-31
CHG-05977,P-1316,4,dimension_update,design_review,mech_a,2023-07-18
CHG-05978,P-1316,5,dimension_update,design_review,mech_a,2023-05-16
CHG-05979,P-1317,1,tolerance_tightening,test_failure,elec_a,2024-06-10
CHG-05980,P-1317,2,tolerance_tightening,design_review,elec_a,2023-12-07
CHG-05981,P-1318,1,tolerance_tightening,design_review,hw_integration,2024-04-07
CHG-05982,P-1318,2,dimension_update,customer_request,hw_integration,2024-01-26
CHG-05983,P-1318,3,drawing_note,test_failure,hw_integration,2024-01-25
CHG-05984,P-1318,4,tolerance_tightening,supplier_issue,hw_integration,2024-03-25
CHG-05985,P-1319,1,tolerance_tightening,design_review,elec_a,2023-06-03
CHG-05986,P-1319,2,drawing_note,customer_request,elec_a,2024-03-20
CHG-05987,P-1319,3,dimension_update,supplier_issue,elec_a,2023-04-12
CHG-05988,P-1319,4,drawing_note,customer_request,elec_a,2023-08-06
CHG-05989,P-1319,5,material_change,cost_reduction,elec_a,2023-07-23
CHG-05990,P-1320,1,tolerance_tightening,test_failure,mech_b,2024-07-15
CHG-05991,P-1320,2,material_change,customer_request,mech_b,2024-08-27
CHG-05992,P-1320,3,tolerance_tightening,design_review,mech_b,2023-11-04
CHG-05993,P-1320,4,dimension_update,test_failure,mech_b,2024-06-27
CHG-05994,P-1320,5,material_change,cost_reduction,mech_b,2024-06-13
CHG-05995,P-1320,6,material_change,cost_reduction,mech_b,2024-08-23
CHG-05996,P-1321,1,dimension_update,design_review,elec_a,2024-09-07
CHG-05997,P-1321,2,drawing_note,test_failure,elec_a,2025-02-28
CHG-05998,P-1321,3,feature_add,design_review,elec_a,2025-08-26
CHG-05999,P-1321,4,feature_remove,design_review,elec_a,2025-06-17
CHG-06000,P-1322,1,drawing_note,design_review,mech_b,2024-05-27
CHG-06001,P-1322,2,tolerance_tightening,design_review,mech_b,2024-10-15
CHG-06002,P-1322,3,drawing_note,test_failure,mech_b,2025-09-01
CHG-06003,P-1323,1,tolerance_tightening,design_review,mech_b,2024-09-05
CHG-06004,P-1323,2,tolerance_tightening,design_review,mech_b,2025-06-27
CHG-06005,P-1323,3,feature_add,customer_request,mech_b,2024-10-31
CHG-06006,P-1323,4,material_change,cost_reduction,mech_b,2025-10-16
CHG-06007,P-1323,5,drawing_note,customer_request,mech_b,2024-07-24
CHG-06008,P-1324,1,feature_add,test_failure,hw_integration,2024-01-08
CHG-06009,P-1324,2,feature_add,supplier_issue,hw_integration,2023-08-18
CHG-06010,P-1324,3,feature_remove,test_failure,hw_integration,2023-02-16
CHG-06011,P-1324,4,feature_add,design_review,hw_integration,2023-04-29
CHG-06012,P-1324,5,material_change,cost_reduction,hw_integration,2023-06-16
CHG-06013,P-1324,6,material_change,supplier_issue,hw_integration,2023-09-20
CHG-06014,P-1325,1,feature_add,design_review,elec_a,2024-07-08
CHG-06015,P-1325,2,dimension_update,design_review,elec_a,2024-04-05
CHG-06016,P-1325,3,drawing_note,customer_request,elec_a,2024-03-06
CHG-06017,P-1326,1,material_change,customer_request,mech_b,2022-12-21
CHG-06018,P-1326,2,feature_remove,design_review,mech_b,2022-07-14
CHG-06019,P-1326,3,tolerance_tightening,test_failure,mech_b,2023-04-18
CHG-06020,P-1326,4,feature_remove,cost_reduction,mech_b,2023-10-15
CHG-06021,P-1326,5,dimension_update,cost_reduction,mech_b,2023-09-24
CHG-06022,P-1327,1,drawing_note,supplier_issue,mech_b,2023-02-26
CHG-06023,P-1327,2,feature_add,supplier_issue,mech_b,2023-01-31
CHG-06024,P-1327,3,drawing_note,design_review,mech_b,2023-09-19
CHG-06025,P-1327,4,feature_add,test_failure,mech_b,2022-11-12
CHG-06026,P-1327,5,feature_add,supplier_issue,mech_b,2024-01-29
CHG-06027,P-1327,6,tolerance_tightening,supplier_issue,mech_b,2023-08-23
CHG-06028,P-1328,1,tolerance_tightening,supplier_issue,hw_integration,2025-08-28
CHG-06029,P-1328,2,tolerance_tightening,cost_reduction,hw_integration,2025-06-09
CHG-06030,P-1328,3,dimension_update,design_review,hw_integration,2026-08-23
CHG-06031,P-1328,4,material_change,design_review,hw_integration,2025-10-02
CHG-06032,P-1328,5,dimension_update,design_review,hw_integration,2026-06-16
CHG-06033,P-1329,1,feature_add,test_failure,elec_a,2022-06-16
CHG-06034,P-1329,2,feature_remove,supplier_issue,elec_a,2022-05-09
CHG-06035,P-1329,3,feature_add,test_failure,elec_a,2023-05-16
CHG-06036,P-1329,4,feature_remove,test_failure,elec_a,2022-07-27
CHG-06037,P-1329,5,tolerance_tightening,design_review,elec_a,2023-02-25
CHG-06038,P-1330,1,drawing_note,supplier_issue,mech_a,2024-02-18
CHG-06039,P-1330,2,material_change,customer_request,mech_a,2024-07-19
CHG-06040,P-1330,3,tolerance_tightening,test_failure,mech_a,2024-01-03
CHG-06041,P-1331,1,feature_remove,test_failure,hw_integration,2024-01-17
CHG-06042,P-1331,2,feature_add,test_failure,hw_integration,2024-12-28
CHG-06043,P-1331,3,tolerance_tightening,design_review,hw_integration,2024-05-04
CHG-06044,P-1331,4,dimension_update,design_review,hw_integration,2023-12-22
CHG-06045,P-1331,5,drawing_note,design_review,hw_integration,2024-09-09
CHG-06046,P-1332,1,feature_add,customer_request,elec_a,2023-08-30
CHG-06047,P-1332,2,dimension_update,cost_reduction,elec_a,2022-11-21
CHG-06048,P-1332,3,feature_add,design_review,elec_a,2022-12-17
CHG-06049,P-1333,1,drawing_note,cost_reduction,mech_b,2023-04-18
CHG-06050,P-1333,2,feature_add,design_review,mech_b,2023-02-15
CHG-06051,P-1333,3,feature_add,design_review,mech_b,2022-10-08
CHG-06052,P-1333,4,tolerance_tightening,cost_reduction,mech_b,2022-10-04
CHG-06053,P-1333,5,feature_add,supplier_issue,mech_b,2022-12-22
CHG-06054,P-1333,6,dimension_update,cost_reduction,mech_b,2023-06-02
CHG-06055,P-1333,7,drawing_note,customer_request,mech_b,2022-03-15
CHG-06056,P-1334,1,material_change,test_failure,hw_integration,2022-08-02
CHG-06057,P-1335,1,feature_add,customer_request,hw_integration,2024-11-02
CHG-06058,P-1335,2,tolerance_tightening,test_failure,hw_integration,2025-01-11
CHG-06059,P-1335,3,material_change,customer_request,hw_integration,2025-08-09
CHG-06060,P-1335,4,dimension_update,customer_request,hw_integration,2024-11-02
CHG-06061,P-1335,5,drawing_note,design_review,hw_integration,2025-11-27
CHG-06062,P-1335,6,feature_remove,test_failure,hw_integration,2025-03-08
CHG-06063,P-1336,1,feature_remove,customer_request,hw_integration,2024-08-16
CHG-06064,P-1336,2,dimension_update,design_review,hw_integration,2024-08-14
CHG-06065,P-1336,3,material_change,test_failure,hw_integration,2024-10-16
CHG-06066,P-1337,1,dimension_update,design_review,mech_b,2023-12-27
CHG-06067,P-1337,2,dimension_update,test_failure,mech_b,2024-09-29
CHG-06068,P-1337,3,feature_add,cost_reduction,mech_b,2025-02-11
CHG-06069,P-1337,4,material_change,cost_reduction,mech_b,2024-01-15
CHG-06070,P-1337,5,tolerance_tightening,design_review,mech_b,2025-04-13
CHG-06071,P-1337,6,drawing_note,supplier_issue,mech_b,2025-01-12
CHG-06072,P-1337,7,feature_add,design_review,mech_b,2024-03-25
CHG-06073,P-1338,1,dimension_update,customer_request,hw_integration,2023-04-16
CHG-06074,P-1338,2,dimension_update,design_review,hw_integration,2023-05-27
CHG-06075,P-1338,3,material_change,test_failure,hw_integration,2023-05-23
CHG-06076,P-1338,4,tolerance_tightening,cost_reduction,hw_integration,2022-09-07
CHG-06077,P-1339,1,feature_add,cost_reduction,hw_integration,2025-02-15
CHG-06078,P-1339,2,dimension_update,design_review,hw_integration,2025-02-07
CHG-06079,P-1340,1,dimension_update,supplier_issue,hw_integration,2023-05-12
CHG-06080,P-1340,2,dimension_update,supplier_issue,hw_integration,2023-08-29
CHG-06081,P-1340,3,tolerance_tightening,design_review,hw_integration,2023-07-26
CHG-06082,P-1340,4,drawing_note,supplier_issue,hw_integration,2023-03-19
CHG-06083,P-1341,1,feature_add,test_failure,elec_a,2023-10-21
CHG-06084,P-1341,2,drawing_note,design_review,elec_a,2023-06-12
CHG-06085,P-1341,3,drawing_note,cost_reduction,elec_a,2023-11-13
CHG-06086,P-1341,4,feature_add,design_review,elec_a,2023-12-14
CHG-06087,P-1342,1,feature_remove,customer_request,mech_b,2025-06-11
CHG-06088,P-1342,2,feature_remove,test_failure,mech_b,2025-09-18
CHG-06089,P-1342,3,feature_remove,design_review,mech_b,2026-03-13
CHG-06090,P-1342,4,feature_remove,cost_reduction,mech_b,2026-01-24
CHG-06091,P-1342,5,drawing_note,design_review,mech_b,2025-08-10
CHG-06092,P-1343,1,tolerance_tightening,test_failure,mech_a,2024-05-11
CHG-06093,P-1343,2,tolerance_tightening,design_review,mech_a,2023-12-17
CHG-06094,P-1344,1,material_change,design_review,hw_integration,2022-07-13
CHG-06095,P-1344,2,tolerance_tightening,test_failure,hw_integration,2022-10-01
CHG-06096,P-1344,3,feature_add,design_review,hw_integration,2022-09-12
CHG-06097,P-1345,1,feature_remove,design_review,elec_a,2025-01-31
CHG-06098,P-1345,2,material_change,cost_reduction,elec_a,2024-08-22
CHG-06099,P-1345,3,drawing_note,customer_request,elec_a,2024-02-23
CHG-06100,P-1346,1,feature_remove,cost_reduction,hw_integration,2023-01-03
CHG-06101,P-1346,2,feature_remove,customer_request,hw_integration,2023-07-18
CHG-06102,P-1346,3,drawing_note,test_failure,hw_integration,2023-05-28
CHG-06103,P-1347,1,dimension_update,design_review,elec_a,2023-02-18
CHG-06104,P-1347,2,feature_remove,customer_request,elec_a,2022-03-06
CHG-06105,P-1347,3,tolerance_tightening,design_review,elec_a,2023-03-18
CHG-06106,P-1347,4,tolerance_tightening,design_review,elec_a,2022-06-26
CHG-06107,P-1348,1,drawing_note,design_review,elec_a,2024-07-15
CHG-06108,P-1348,2,drawing_note,test_failure,elec_a,2024-12-20
CHG-06109,P-1348,3,material_change,test_failure,elec_a,2025-04-29
CHG-06110,P-1348,4,feature_remove,supplier_issue,elec_a,2025-07-28
CHG-06111,P-1348,5,material_change,design_review,elec_a,2024-05-29
CHG-06112,P-1348,6,feature_remove,test_failure,elec_a,2024-12-26
CHG-06113,P-1349,1,tolerance_tightening,design_review,mech_a,2024-06-05
CHG-06114,P-1349,2,dimension_update,design_review,mech_a,2024-09-29
CHG-06115,P-1349,3,feature_remove,supplier_issue,mech_a,2024-08-09
CHG-06116,P-1349,4,dimension_update,test_failure,mech_a,2025-06-07
CHG-06117,P-1349,5,drawing_note,design_review,mech_a,2024-11-06
CHG-06118,P-1350,1,dimension_update,design_review,mech_b,2023-04-16
CHG-06119,P-1350,2,dimension_update,customer_request,mech_b,2022-12-22
CHG-06120,P-1350,3,drawing_note,cost_reduction,mech_b,2023-10-22
CHG-06121,P-1350,4,dimension_update,design_review,mech_b,2024-01-13
CHG-06122,P-1351,1,drawing_note,customer_request,elec_a,2025-02-18
CHG-06123,P-1351,2,feature_add,customer_request,elec_a,2025-09-23
CHG-06124,P-1351,3,feature_remove,test_failure,elec_a,2024-08-20
CHG-06125,P-1351,4,material_change,supplier_issue,elec_a,2025-10-07
CHG-06126,P-1352,1,tolerance_tightening,design_review,mech_a,2023-03-01
CHG-06127,P-1352,2,feature_add,design_review,mech_a,2022-09-01
CHG-06128,P-1352,3,material_change,design_review,mech_a,2023-03-11
CHG-06129,P-1353,1,dimension_update,customer_request,mech_a,2024-02-03
CHG-06130,P-1353,2,tolerance_tightening,customer_request,mech_a,2024-04-09
CHG-06131,P-1353,3,material_change,test_failure,mech_a,2024-11-21
CHG-06132,P-1353,4,feature_remove,customer_request,mech_a,2024-08-18
CHG-06133,P-1353,5,feature_remove,customer_request,mech_a,2023-11-07
CHG-06134,P-1353,6,dimension_update,test_failure,mech_a,2025-01-11
CHG-06135,P-1354,1,feature_add,design_review,elec_a,2024-08-29
CHG-06136,P-1354,2,dimension_update,cost_reduction,elec_a,2024-03-05
CHG-06137,P-1354,3,dimension_update,test_failure,elec_a,2024-02-28
CHG-06138,P-1354,4,tolerance_tightening,design_review,elec_a,2024-03-11
CHG-06139,P-1355,1,tolerance_tightening,design_review,mech_a,2022-07-26
CHG-06140,P-1356,1,feature_add,cost_reduction,elec_a,2024-08-29
CHG-06141,P-1356,2,feature_add,test_failure,elec_a,2025-02-22
CHG-06142,P-1356,3,dimension_update,test_failure,elec_a,2025-04-10
CHG-06143,P-1356,4,feature_remove,test_failure,elec_a,2024-07-18
CHG-06144,P-1357,1,feature_add,design_review,mech_b,2024-10-02
CHG-06145,P-1357,2,feature_remove,test_failure,mech_b,2024-09-05
CHG-06146,P-1357,3,material_change,design_review,mech_b,2024-08-06
CHG-06147,P-1357,4,dimension_update,design_review,mech_b,2023-10-15
CHG-06148,P-1358,1,drawing_note,test_failure,mech_b,2023-09-18
CHG-06149,P-1358,2,drawing_note,customer_request,mech_b,2023-10-09
CHG-06150,P-1358,3,feature_remove,cost_reduction,mech_b,2024-04-11
CHG-06151,P-1358,4,drawing_note,design_review,mech_b,2024-01-30
CHG-06152,P-1358,5,drawing_note,test_failure,mech_b,2024-02-13
CHG-06153,P-1358,6,tolerance_tightening,customer_request,mech_b,2024-05-10
CHG-06154,P-1359,1,material_change,design_review,mech_a,2024-12-26
CHG-06155,P-1359,2,feature_remove,design_review,mech_a,2024-10-11
CHG-06156,P-1359,3,feature_remove,cost_reduction,mech_a,2025-07-01
CHG-06157,P-1359,4,feature_remove,design_review,mech_a,2024-10-01
CHG-06158,P-1359,5,material_change,supplier_issue,mech_a,2025-03-17
CHG-06159,P-1360,1,feature_add,test_failure,mech_b,2025-11-19
CHG-06160,P-1360,2,drawing_note,design_review,mech_b,2025-04-25
CHG-06161,P-1360,3,material_change,test_failure,mech_b,2025-07-01
CHG-06162,P-1361,1,tolerance_tightening,design_review,elec_a,2024-05-10
CHG-06163,P-1361,2,feature_add,cost_reduction,elec_a,2023-09-24
CHG-06164,P-1361,3,dimension_update,design_review,elec_a,2023-10-04
CHG-06165,P-1361,4,feature_remove,cost_reduction,elec_a,2023-11-28
CHG-06166,P-1362,1,material_change,cost_reduction,elec_a,2025-03-29
CHG-06167,P-1362,2,material_change,test_failure,elec_a,2025-08-12
CHG-06168,P-1362,3,material_change,supplier_issue,elec_a,2024-12-03
CHG-06169,P-1362,4,drawing_note,supplier_issue,elec_a,2025-04-01
CHG-06170,P-1363,1,feature_remove,test_failure,mech_b,2022-12-16
CHG-06171,P-1363,2,material_change,design_review,mech_b,2022-08-23
CHG-06172,P-1363,3,feature_remove,customer_request,mech_b,2022-09-22
CHG-06173,P-1363,4,drawing_note,cost_reduction,mech_b,2022-04-12
CHG-06174,P-1363,5,feature_add,customer_request,mech_b,2022-06-29
CHG-06175,P-1364,1,material_change,test_failure,mech_a,2025-05-21
CHG-06176,P-1364,2,feature_remove,design_review,mech_a,2024-12-28
CHG-06177,P-1364,3,tolerance_tightening,test_failure,mech_a,2024-11-09
CHG-06178,P-1365,1,tolerance_tightening,supplier_issue,hw_integration,2023-04-06
CHG-06179,P-1365,2,drawing_note,cost_reduction,hw_integration,2023-10-15
CHG-06180,P-1365,3,tolerance_tightening,cost_reduction,hw_integration,2023-08-03
CHG-06181,P-1365,4,feature_add,test_failure,hw_integration,2023-05-05
CHG-06182,P-1365,5,drawing_note,design_review,hw_integration,2023-02-27
CHG-06183,P-1365,6,feature_remove,design_review,hw_integration,2023-04-08
CHG-06184,P-1366,1,material_change,test_failure,hw_integration,2025-01-02
CHG-06185,P-1366,2,tolerance_tightening,design_review,hw_integration,2024-02-15
CHG-06186,P-1366,3,material_change,cost_reduction,hw_integration,2024-03-30
CHG-06187,P-1366,4,dimension_update,design_review,hw_integration,2024-11-14
CHG-06188,P-1366,5,material_change,test_failure,hw_integration,2024-07-09
CHG-06189,P-1367,1,feature_add,test_failure,hw_integration,2024-07-31
CHG-06190,P-1367,2,feature_remove,supplier_issue,hw_integration,2025-02-15
CHG-06191,P-1367,3,material_change,test_failure,hw_integration,2024-11-28
CHG-06192,P-1367,4,feature_add,customer_request,hw_integration,2024-10-03
CHG-06193,P-1367,5,dimension_update,test_failure,hw_integration,2024-10-09
CHG-06194,P-1368,1,tolerance_tightening,design_review,mech_b,2025-04-18
CHG-06195,P-1368,2,dimension_update,design_review,mech_b,2025-06-10
CHG-06196,P-1368,3,dimension_update,customer_request,mech_b,2025-09-04
CHG-06197,P-1368,4,tolerance_tightening,test_failure,mech_b,2026-02-05
CHG-06198,P-1368,5,tolerance_tightening,test_failure,mech_b,2025-04-02
CHG-06199,P-1369,1,material_change,supplier_issue,elec_a,2024-05-06
CHG-06200,P-1369,2,dimension_update,test_failure,elec_a,2023-12-23
CHG-06201,P-1369,3,material_change,design_review,elec_a,2025-03-20
CHG-06202,P-1369,4,feature_remove,customer_request,elec_a,2024-12-04
CHG-06203,P-1369,5,feature_remove,design_review,elec_a,2024-10-10
CHG-06204,P-1370,1,drawing_note,customer_request,mech_a,2022-11-29
CHG-06205,P-1370,2,drawing_note,design_review,mech_a,2023-01-12
CHG-06206,P-1370,3,feature_remove,design_review,mech_a,2022-11-17
CHG-06207,P-1371,1,tolerance_tightening,customer_request,hw_integration,2026-04-12
CHG-06208,P-1371,2,drawing_note,design_review,hw_integration,2026-08-21
CHG-06209,P-1371,3,feature_remove,test_failure,hw_integration,2026-06-09
CHG-06210,P-1371,4,dimension_update,customer_request,hw_integration,2026-06-13
CHG-06211,P-1371,5,feature_remove,design_review,hw_integration,2025-12-15
CHG-06212,P-1372,1,material_change,test_failure,mech_a,2023-10-29
CHG-06213,P-1372,2,tolerance_tightening,cost_reduction,mech_a,2025-02-15
CHG-06214,P-1372,3,material_change,test_failure,mech_a,2024-07-27
CHG-06215,P-1372,4,dimension_update,customer_request,mech_a,2024-10-15
CHG-06216,P-1373,1,material_change,design_review,mech_b,2023-06-14
CHG-06217,P-1373,2,tolerance_tightening,test_failure,mech_b,2023-02-01
CHG-06218,P-1373,3,material_change,supplier_issue,mech_b,2023-01-18
CHG-06219,P-1373,4,material_change,customer_request,mech_b,2023-08-14
CHG-06220,P-1374,1,tolerance_tightening,customer_request,hw_integration,2023-07-20
CHG-06221,P-1374,2,tolerance_tightening,design_review,hw_integration,2023-02-18
CHG-06222,P-1374,3,dimension_update,test_failure,hw_integration,2023-09-02
CHG-06223,P-1374,4,dimension_update,design_review,hw_integration,2023-03-13
CHG-06224,P-1374,5,material_change,supplier_issue,hw_integration,2022-12-05
CHG-06225,P-1374,6,drawing_note,customer_request,hw_integration,2023-05-26
CHG-06226,P-1374,7,feature_remove,design_review,hw_integration,2023-04-01
CHG-06227,P-1374,8,drawing_note,design_review,hw_integration,2023-03-19
CHG-06228,P-1375,1,dimension_update,test_failure,elec_a,2023-06-24
CHG-06229,P-1375,2,dimension_update,design_review,elec_a,2022-02-17
CHG-06230,P-1375,3,dimension_update,design_review,elec_a,2022-04-06
CHG-06231,P-1376,1,feature_add,customer_request,hw_integration,2023-04-03
CHG-06232,P-1376,2,feature_add,customer_request,hw_integration,2023-12-26
CHG-06233,P-1376,3,feature_add,test_failure,hw_integration,2023-01-23
CHG-06234,P-1377,1,tolerance_tightening,test_failure,mech_b,2024-02-28
CHG-06235,P-1377,2,dimension_update,design_review,mech_b,2023-10-01
CHG-06236,P-1377,3,feature_add,supplier_issue,mech_b,2023-04-11
CHG-06237,P-1377,4,tolerance_tightening,design_review,mech_b,2024-02-03
CHG-06238,P-1378,1,feature_remove,cost_reduction,mech_a,2026-03-22
CHG-06239,P-1378,2,feature_add,supplier_issue,mech_a,2026-06-04
CHG-06240,P-1378,3,drawing_note,test_failure,mech_a,2025-10-31
CHG-06241,P-1379,1,dimension_update,test_failure,mech_a,2025-03-09
CHG-06242,P-1379,2,drawing_note,supplier_issue,mech_a,2025-11-22
CHG-06243,P-1379,3,feature_add,design_review,mech_a,2024-11-11
CHG-06244,P-1379,4,feature_add,design_review,mech_a,2025-07-20
CHG-06245,P-1380,1,tolerance_tightening,design_review,mech_a,2022-10-24
CHG-06246,P-1380,2,material_change,design_review,mech_a,2022-06-09
CHG-06247,P-1380,3,material_change,test_failure,mech_a,2022-03-27
CHG-06248,P-1380,4,tolerance_tightening,design_review,mech_a,2022-12-17
CHG-06249,P-1381,1,dimension_update,test_failure,mech_a,2023-10-06
CHG-06250,P-1381,2,material_change,cost_reduction,mech_a,2023-10-12
CHG-06251,P-1381,3,feature_remove,supplier_issue,mech_a,2024-04-04
CHG-06252,P-1382,1,material_change,test_failure,mech_b,2024-01-27
CHG-06253,P-1382,2,drawing_note,test_failure,mech_b,2023-12-18
CHG-06254,P-1382,3,tolerance_tightening,cost_reduction,mech_b,2023-08-29
CHG-06255,P-1383,1,feature_remove,test_failure,mech_a,2024-08-29
CHG-06256,P-1383,2,drawing_note,test_failure,mech_a,2024-03-06
CHG-06257,P-1383,3,tolerance_tightening,test_failure,mech_a,2023-08-09
CHG-06258,P-1383,4,feature_remove,customer_request,mech_a,2024-02-09
CHG-06259,P-1384,1,dimension_update,test_failure,mech_a,2023-01-02
CHG-06260,P-1384,2,tolerance_tightening,supplier_issue,mech_a,2022-12-16
CHG-06261,P-1384,3,feature_add,customer_request,mech_a,2023-11-27
CHG-06262,P-1384,4,tolerance_tightening,test_failure,mech_a,2023-03-09
CHG-06263,P-1384,5,feature_remove,test_failure,mech_a,2023-02-27
CHG-06264,P-1384,6,material_change,design_review,mech_a,2023-11-23
CHG-06265,P-1385,1,feature_remove,test_failure,mech_b,2023-10-07
CHG-06266,P-1385,2,feature_add,customer_request,mech_b,2023-06-12
CHG-06267,P-1385,3,feature_add,supplier_issue,mech_b,2023-01-29
CHG-06268,P-1385,4,dimension_update,design_review,mech_b,2023-12-16
CHG-06269,P-1385,5,feature_add,test_failure,mech_b,2023-02-16
CHG-06270,P-1386,1,feature_remove,design_review,elec_a,2024-07-08
CHG-06271,P-1386,2,drawing_note,cost_reduction,elec_a,2025-01-30
CHG-06272,P-1386,3,dimension_update,design_review,elec_a,2025-04-26
CHG-06273,P-1387,1,material_change,design_review,elec_a,2024-12-29
CHG-06274,P-1387,2,drawing_note,supplier_issue,elec_a,2024-01-24
CHG-06275,P-1387,3,drawing_note,customer_request,elec_a,2023-12-12
CHG-06276,P-1387,4,material_change,test_failure,elec_a,2024-12-23
CHG-06277,P-1387,5,tolerance_tightening,test_failure,elec_a,2025-02-13
CHG-06278,P-1387,6,drawing_note,design_review,elec_a,2024-12-24
CHG-06279,P-1387,7,feature_remove,design_review,elec_a,2025-03-02
CHG-06280,P-1388,1,material_change,test_failure,mech_a,2025-03-24
CHG-06281,P-1388,2,feature_remove,test_failure,mech_a,2025-11-11
CHG-06282,P-1388,3,drawing_note,cost_reduction,mech_a,2026-04-10
CHG-06283,P-1388,4,tolerance_tightening,test_failure,mech_a,2025-03-01
CHG-06284,P-1389,1,material_change,design_review,hw_integration,2025-05-14
CHG-06285,P-1389,2,material_change,design_review,hw_integration,2025-10-26
CHG-06286,P-1389,3,drawing_note,customer_request,hw_integration,2026-06-02
CHG-06287,P-1389,4,dimension_update,cost_reduction,hw_integration,2026-03-16
CHG-06288,P-1389,5,material_change,test_failure,hw_integration,2025-07-20
CHG-06289,P-1389,6,material_change,design_review,hw_integration,2025-12-22
CHG-06290,P-1390,1,dimension_update,test_failure,elec_a,2024-04-30
CHG-06291,P-1390,2,dimension_update,design_review,elec_a,2024-06-22
CHG-06292,P-1390,3,material_change,design_review,elec_a,2024-02-23
CHG-06293,P-1390,4,material_change,test_failure,elec_a,2023-07-11
CHG-06294,P-1390,5,feature_add,cost_reduction,elec_a,2023-07-05
CHG-06295,P-1391,1,feature_add,supplier_issue,mech_b,2026-03-19
CHG-06296,P-1391,2,dimension_update,design_review,mech_b,2025-02-07
CHG-06297,P-1391,3,feature_add,design_review,mech_b,2025-10-06
CHG-06298,P-1391,4,dimension_update,design_review,mech_b,2025-11-23
CHG-06299,P-1391,5,drawing_note,test_failure,mech_b,2025-05-24
CHG-06300,P-1392,1,material_change,customer_request,mech_b,2025-07-22
CHG-06301,P-1393,1,material_change,design_review,hw_integration,2024-02-10
CHG-06302,P-1393,2,drawing_note,customer_request,hw_integration,2024-06-22
CHG-06303,P-1393,3,feature_add,design_review,hw_integration,2024-05-11
CHG-06304,P-1393,4,material_change,customer_request,hw_integration,2023-06-29
CHG-06305,P-1393,5,feature_remove,test_failure,hw_integration,2024-06-16
CHG-06306,P-1393,6,dimension_update,design_review,hw_integration,2024-04-21
CHG-06307,P-1394,1,feature_add,test_failure,mech_b,2024-06-04
CHG-06308,P-1394,2,feature_remove,cost_reduction,mech_b,2024-05-06
CHG-06309,P-1394,3,material_change,design_review,mech_b,2024-06-01
CHG-06310,P-1394,4,dimension_update,design_review,mech_b,2024-11-02
CHG-06311,P-1394,5,material_change,design_review,mech_b,2024-04-19
CHG-06312,P-1394,6,feature_add,supplier_issue,mech_b,2024-07-03
CHG-06313,P-1394,7,tolerance_tightening,test_failure,mech_b,2023-10-21
CHG-06314,P-1394,8,drawing_note,test_failure,mech_b,2024-03-31
CHG-06315,P-1395,1,dimension_update,design_review,mech_a,2024-08-20
CHG-06316,P-1395,2,drawing_note,design_review,mech_a,2024-12-14
CHG-06317,P-1395,3,tolerance_tightening,design_review,mech_a,2025-01-26
CHG-06318,P-1395,4,feature_remove,supplier_issue,mech_a,2024-03-20
CHG-06319,P-1396,1,drawing_note,test_failure,mech_b,2026-01-17
CHG-06320,P-1396,2,dimension_update,cost_reduction,mech_b,2026-06-28
CHG-06321,P-1396,3,feature_add,supplier_issue,mech_b,2026-02-12
CHG-06322,P-1396,4,feature_add,supplier_issue,mech_b,2025-10-24
CHG-06323,P-1396,5,feature_remove,customer_request,mech_b,2026-01-01
CHG-06324,P-1396,6,feature_remove,test_failure,mech_b,2026-07-07
CHG-06325,P-1396,7,dimension_update,design_review,mech_b,2025-12-30
CHG-06326,P-1396,8,dimension_update,cost_reduction,mech_b,2026-05-01
CHG-06327,P-1397,1,drawing_note,supplier_issue,mech_a,2025-12-29
CHG-06328,P-1397,2,feature_remove,design_review,mech_a,2025-05-31
CHG-06329,P-1397,3,feature_add,test_failure,mech_a,2025-04-12
CHG-06330,P-1397,4,feature_add,test_failure,mech_a,2025-11-09
CHG-06331,P-1397,5,material_change,cost_reduction,mech_a,2025-11-21
CHG-06332,P-1397,6,feature_add,design_review,mech_a,2025-06-09
CHG-06333,P-1398,1,feature_remove,design_review,mech_a,2025-01-22
CHG-06334,P-1398,2,material_change,design_review,mech_a,2025-06-02
CHG-06335,P-1398,3,material_change,supplier_issue,mech_a,2026-02-10
CHG-06336,P-1398,4,drawing_note,supplier_issue,mech_a,2025-11-16
CHG-06337,P-1398,5,feature_add,supplier_issue,mech_a,2025-06-23
CHG-06338,P-1399,1,feature_remove,test_failure,mech_b,2025-01-02
CHG-06339,P-1399,2,tolerance_tightening,design_review,mech_b,2025-12-16
CHG-06340,P-1399,3,dimension_update,design_review,mech_b,2025-01-11
CHG-06341,P-1400,1,feature_add,cost_reduction,mech_a,2023-02-07
CHG-06342,P-1400,2,material_change,test_failure,mech_a,2023-04-27
CHG-06343,P-1400,3,drawing_note,design_review,mech_a,2023-06-27
CHG-06344,P-1400,4,material_change,test_failure,mech_a,2023-12-19
CHG-06345,P-1400,5,feature_add,design_review,mech_a,2023-09-05
CHG-06346,P-1400,6,tolerance_tightening,test_failure,mech_a,2023-04-07
CHG-06347,P-1401,1,material_change,test_failure,mech_b,2023-02-17
CHG-06348,P-1401,2,tolerance_tightening,cost_reduction,mech_b,2023-08-05
CHG-06349,P-1401,3,feature_add,design_review,mech_b,2023-08-05
CHG-06350,P-1401,4,material_change,customer_request,mech_b,2023-01-12
CHG-06351,P-1402,1,feature_add,design_review,mech_a,2025-12-23
CHG-06352,P-1402,2,dimension_update,test_failure,mech_a,2025-09-06
CHG-06353,P-1403,1,drawing_note,supplier_issue,elec_a,2024-11-19
CHG-06354,P-1403,2,material_change,supplier_issue,elec_a,2024-05-29
CHG-06355,P-1403,3,dimension_update,customer_request,elec_a,2023-12-08
CHG-06356,P-1403,4,tolerance_tightening,customer_request,elec_a,2024-02-10
CHG-06357,P-1404,1,feature_add,customer_request,mech_a,2022-12-05
CHG-06358,P-1404,2,drawing_note,cost_reduction,mech_a,2024-01-11
CHG-06359,P-1404,3,tolerance_tightening,supplier_issue,mech_a,2023-04-16
CHG-06360,P-1404,4,feature_add,customer_request,mech_a,2022-10-13
CHG-06361,P-1405,1,material_change,cost_reduction,mech_a,2024-02-25
CHG-06362,P-1405,2,feature_remove,customer_request,mech_a,2024-04-05
CHG-06363,P-1406,1,drawing_note,cost_reduction,hw_integration,2024-10-31
CHG-06364,P-1406,2,drawing_note,design_review,hw_integration,2024-07-02
CHG-06365,P-1406,3,feature_add,test_failure,hw_integration,2025-01-16
CHG-06366,P-1406,4,material_change,test_failure,hw_integration,2024-10-20
CHG-06367,P-1406,5,tolerance_tightening,test_failure,hw_integration,2024-05-03
CHG-06368,P-1407,1,drawing_note,design_review,mech_a,2024-09-13
CHG-06369,P-1407,2,feature_add,design_review,mech_a,2024-02-05
CHG-06370,P-1407,3,tolerance_tightening,test_failure,mech_a,2025-01-03
CHG-06371,P-1407,4,dimension_update,supplier_issue,mech_a,2024-11-07
CHG-06372,P-1407,5,feature_remove,cost_reduction,mech_a,2024-08-07
CHG-06373,P-1407,6,feature_remove,design_review,mech_a,2025-04-16
CHG-06374,P-1408,1,feature_remove,cost_reduction,mech_b,2023-08-23
CHG-06375,P-1408,2,material_change,supplier_issue,mech_b,2023-08-28
CHG-06376,P-1408,3,tolerance_tightening,customer_request,mech_b,2023-09-06
CHG-06377,P-1408,4,feature_add,design_review,mech_b,2023-06-19
CHG-06378,P-1409,1,feature_remove,supplier_issue,elec_a,2024-03-27
CHG-06379,P-1409,2,feature_remove,design_review,elec_a,2023-05-03
CHG-06380,P-1409,3,dimension_update,cost_reduction,elec_a,2023-08-03
CHG-06381,P-1410,1,drawing_note,test_failure,mech_b,2023-11-26
CHG-06382,P-1410,2,feature_add,supplier_issue,mech_b,2023-05-17
CHG-06383,P-1411,1,dimension_update,design_review,mech_b,2023-01-18
CHG-06384,P-1411,2,drawing_note,supplier_issue,mech_b,2023-06-15
CHG-06385,P-1411,3,drawing_note,test_failure,mech_b,2022-10-22
CHG-06386,P-1411,4,feature_remove,design_review,mech_b,2022-12-09
CHG-06387,P-1412,1,drawing_note,design_review,mech_a,2025-10-30
CHG-06388,P-1412,2,feature_add,test_failure,mech_a,2026-09-30
CHG-06389,P-1412,3,tolerance_tightening,test_failure,mech_a,2026-04-03
CHG-06390,P-1412,4,dimension_update,customer_request,mech_a,2025-10-13
CHG-06391,P-1412,5,tolerance_tightening,design_review,mech_a,2026-05-11
CHG-06392,P-1413,1,tolerance_tightening,design_review,mech_b,2022-05-07
CHG-06393,P-1413,2,feature_remove,test_failure,mech_b,2022-04-18
CHG-06394,P-1413,3,drawing_note,customer_request,mech_b,2022-12-03
CHG-06395,P-1413,4,dimension_update,design_review,mech_b,2022-10-01
CHG-06396,P-1413,5,drawing_note,test_failure,mech_b,2023-02-04
CHG-06397,P-1413,6,tolerance_tightening,supplier_issue,mech_b,2022-11-23
CHG-06398,P-1414,1,feature_remove,customer_request,hw_integration,2025-07-07
CHG-06399,P-1414,2,tolerance_tightening,test_failure,hw_integration,2025-07-02
CHG-06400,P-1414,3,dimension_update,customer_request,hw_integration,2024-12-18
CHG-06401,P-1414,4,dimension_update,supplier_issue,hw_integration,2025-06-19
CHG-06402,P-1415,1,dimension_update,customer_request,elec_a,2024-04-28
CHG-06403,P-1415,2,tolerance_tightening,customer_request,elec_a,2023-04-14
CHG-06404,P-1415,3,material_change,test_failure,elec_a,2023-04-09
CHG-06405,P-1415,4,material_change,test_failure,elec_a,2023-06-11
CHG-06406,P-1415,5,drawing_note,test_failure,elec_a,2023-05-04
CHG-06407,P-1416,1,feature_remove,design_review,hw_integration,2024-12-19
CHG-06408,P-1416,2,dimension_update,customer_request,hw_integration,2024-09-22
CHG-06409,P-1416,3,material_change,design_review,hw_integration,2024-10-08
CHG-06410,P-1416,4,material_change,supplier_issue,hw_integration,2025-02-11
CHG-06411,P-1416,5,dimension_update,supplier_issue,hw_integration,2025-04-11
CHG-06412,P-1416,6,material_change,test_failure,hw_integration,2024-07-19
CHG-06413,P-1416,7,feature_remove,customer_request,hw_integration,2025-02-20
CHG-06414,P-1416,8,drawing_note,design_review,hw_integration,2024-06-30
CHG-06415,P-1417,1,dimension_update,test_failure,elec_a,2023-10-09
CHG-06416,P-1417,2,tolerance_tightening,test_failure,elec_a,2023-11-16
CHG-06417,P-1418,1,drawing_note,customer_request,hw_integration,2025-12-10
CHG-06418,P-1418,2,dimension_update,supplier_issue,hw_integration,2025-08-02
CHG-06419,P-1418,3,tolerance_tightening,supplier_issue,hw_integration,2025-04-26
CHG-06420,P-1418,4,dimension_update,design_review,hw_integration,2026-07-20
CHG-06421,P-1419,1,feature_remove,design_review,mech_b,2025-12-14
CHG-06422,P-1419,2,tolerance_tightening,design_review,mech_b,2026-09-12
CHG-06423,P-1419,3,tolerance_tightening,test_failure,mech_b,2025-06-06
CHG-06424,P-1419,4,feature_remove,design_review,mech_b,2025-07-27
CHG-06425,P-1419,5,feature_remove,design_review,mech_b,2026-04-25
CHG-06426,P-1420,1,feature_add,supplier_issue,elec_a,2023-12-07
CHG-06427,P-1420,2,material_change,cost_reduction,elec_a,2024-06-21
CHG-06428,P-1421,1,feature_add,customer_request,elec_a,2022-10-13
CHG-06429,P-1421,2,material_change,customer_request,elec_a,2022-07-05
CHG-06430,P-1421,3,tolerance_tightening,design_review,elec_a,2022-11-15
CHG-06431,P-1422,1,feature_add,test_failure,hw_integration,2023-05-29
CHG-06432,P-1422,2,tolerance_tightening,test_failure,hw_integration,2022-09-04
CHG-06433,P-1422,3,dimension_update,supplier_issue,hw_integration,2023-04-12
CHG-06434,P-1422,4,feature_add,customer_request,hw_integration,2023-11-29
CHG-06435,P-1422,5,drawing_note,supplier_issue,hw_integration,2023-04-24
CHG-06436,P-1422,6,drawing_note,cost_reduction,hw_integration,2023-07-25
CHG-06437,P-1423,1,feature_remove,cost_reduction,elec_a,2025-09-07
CHG-06438,P-1423,2,tolerance_tightening,customer_request,elec_a,2025-07-03
CHG-06439,P-1423,3,feature_add,design_review,elec_a,2024-11-14
CHG-06440,P-1423,4,feature_add,test_failure,elec_a,2025-01-08
CHG-06441,P-1423,5,material_change,supplier_issue,elec_a,2024-07-02
CHG-06442,P-1423,6,feature_add,customer_request,elec_a,2025-07-06
CHG-06443,P-1424,1,tolerance_tightening,design_review,mech_b,2025-06-15
CHG-06444,P-1424,2,feature_remove,customer_request,mech_b,2025-02-01
CHG-06445,P-1424,3,material_change,test_failure,mech_b,2025-06-08
CHG-06446,P-1424,4,material_change,design_review,mech_b,2025-09-29
CHG-06447,P-1424,5,material_change,customer_request,mech_b,2025-10-12
CHG-06448,P-1425,1,feature_remove,test_failure,mech_a,2023-01-15
CHG-06449,P-1425,2,dimension_update,design_review,mech_a,2022-07-19
CHG-06450,P-1425,3,material_change,test_failure,mech_a,2023-02-06
CHG-06451,P-1425,4,dimension_update,supplier_issue,mech_a,2023-07-02
CHG-06452,P-1426,1,feature_add,design_review,hw_integration,2022-09-21
CHG-06453,P-1426,2,material_change,cost_reduction,hw_integration,2022-08-30
CHG-06454,P-1426,3,tolerance_tightening,test_failure,hw_integration,2022-03-01
CHG-06455,P-1426,4,material_change,supplier_issue,hw_integration,2022-11-21
CHG-06456,P-1426,5,feature_remove,cost_reduction,hw_integration,2023-04-22
CHG-06457,P-1426,6,tolerance_tightening,customer_request,hw_integration,2023-01-20
CHG-06458,P-1427,1,drawing_note,cost_reduction,mech_b,2024-03-26
CHG-06459,P-1427,2,feature_add,cost_reduction,mech_b,2024-09-15
CHG-06460,P-1427,3,material_change,customer_request,mech_b,2025-01-17
CHG-06461,P-1427,4,material_change,design_review,mech_b,2024-01-10
CHG-06462,P-1428,1,feature_remove,test_failure,hw_integration,2025-11-15
CHG-06463,P-1428,2,drawing_note,test_failure,hw_integration,2025-10-27
CHG-06464,P-1428,3,material_change,customer_request,hw_integration,2025-05-12
CHG-06465,P-1428,4,feature_remove,supplier_issue,hw_integration,2025-05-27
CHG-06466,P-1428,5,feature_add,design_review,hw_integration,2025-12-26
CHG-06467,P-1429,1,tolerance_tightening,design_review,elec_a,2025-05-01
CHG-06468,P-1429,2,feature_add,cost_reduction,elec_a,2025-01-13
CHG-06469,P-1429,3,dimension_update,design_review,elec_a,2025-03-27
CHG-06470,P-1429,4,feature_remove,cost_reduction,elec_a,2025-05-28
CHG-06471,P-1429,5,tolerance_tightening,test_failure,elec_a,2025-06-24
CHG-06472,P-1429,6,material_change,design_review,elec_a,2025-07-05
CHG-06473,P-1429,7,feature_add,supplier_issue,elec_a,2024-11-09
CHG-06474,P-1430,1,dimension_update,design_review,mech_a,2022-10-25
CHG-06475,P-1430,2,material_change,cost_reduction,mech_a,2022-07-01
CHG-06476,P-1430,3,drawing_note,cost_reduction,mech_a,2022-12-03
CHG-06477,P-1431,1,tolerance_tightening,design_review,elec_a,2025-06-22
CHG-06478,P-1431,2,drawing_note,test_failure,elec_a,2026-09-29
CHG-06479,P-1431,3,dimension_update,supplier_issue,elec_a,2026-03-03
CHG-06480,P-1431,4,feature_remove,test_failure,elec_a,2025-10-07
CHG-06481,P-1432,1,tolerance_tightening,cost_reduction,mech_b,2023-07-25
CHG-06482,P-1432,2,drawing_note,cost_reduction,mech_b,2024-01-24
CHG-06483,P-1432,3,feature_remove,test_failure,mech_b,2023-01-07
CHG-06484,P-1432,4,material_change,design_review,mech_b,2024-01-25
CHG-06485,P-1432,5,dimension_update,customer_request,mech_b,2023-05-07
CHG-06486,P-1432,6,feature_add,customer_request,mech_b,2024-02-22
CHG-06487,P-1432,7,dimension_update,design_review,mech_b,2023-09-03
CHG-06488,P-1432,8,dimension_update,cost_reduction,mech_b,2023-01-02
CHG-06489,P-1432,9,tolerance_tightening,test_failure,mech_b,2024-02-10
CHG-06490,P-1433,1,tolerance_tightening,cost_reduction,mech_a,2024-02-17
CHG-06491,P-1433,2,material_change,design_review,mech_a,2023-11-21
CHG-06492,P-1434,1,feature_remove,cost_reduction,mech_b,2023-12-26
CHG-06493,P-1434,2,feature_remove,cost_reduction,mech_b,2024-07-19
CHG-06494,P-1434,3,drawing_note,supplier_issue,mech_b,2023-11-18
CHG-06495,P-1434,4,drawing_note,customer_request,mech_b,2024-02-09
CHG-06496,P-1434,5,dimension_update,supplier_issue,mech_b,2023-06-08
CHG-06497,P-1435,1,drawing_note,test_failure,elec_a,2024-11-04
CHG-06498,P-1435,2,feature_remove,design_review,elec_a,2025-06-23
CHG-06499,P-1435,3,dimension_update,design_review,elec_a,2025-02-10
CHG-06500,P-1435,4,feature_add,design_review,elec_a,2025-12-26
CHG-06501,P-1435,5,feature_add,test_failure,elec_a,2025-02-05
CHG-06502,P-1435,6,dimension_update,design_review,elec_a,2025-07-12
CHG-06503,P-1436,1,tolerance_tightening,cost_reduction,mech_a,2023-08-19
CHG-06504,P-1436,2,tolerance_tightening,cost_reduction,mech_a,2024-03-24
CHG-06505,P-1436,3,tolerance_tightening,cost_reduction,mech_a,2024-01-12
CHG-06506,P-1436,4,material_change,test_failure,mech_a,2023-11-22
CHG-06507,P-1436,5,feature_add,customer_request,mech_a,2023-03-13
CHG-06508,P-1437,1,drawing_note,supplier_issue,elec_a,2024-12-26
CHG-06509,P-1437,2,feature_add,supplier_issue,elec_a,2025-01-08
CHG-06510,P-1437,3,dimension_update,test_failure,elec_a,2025-03-13
CHG-06511,P-1437,4,tolerance_tightening,cost_reduction,elec_a,2024-12-14
CHG-06512,P-1437,5,feature_add,test_failure,elec_a,2025-01-19
CHG-06513,P-1438,1,drawing_note,cost_reduction,hw_integration,2024-01-07
CHG-06514,P-1438,2,dimension_update,test_failure,hw_integration,2023-12-18
CHG-06515,P-1438,3,tolerance_tightening,supplier_issue,hw_integration,2023-07-04
CHG-06516,P-1439,1,material_change,test_failure,mech_a,2023-04-29
CHG-06517,P-1439,2,tolerance_tightening,supplier_issue,mech_a,2023-03-04
CHG-06518,P-1439,3,tolerance_tightening,design_review,mech_a,2023-09-28
CHG-06519,P-1440,1,drawing_note,supplier_issue,mech_a,2023-02-08
CHG-06520,P-1440,2,feature_add,design_review,mech_a,2023-07-19
CHG-06521,P-1440,3,feature_remove,test_failure,mech_a,2023-02-22
CHG-06522,P-1440,4,feature_remove,customer_request,mech_a,2023-04-27
CHG-06523,P-1441,1,tolerance_tightening,cost_reduction,mech_a,2024-02-24
CHG-06524,P-1441,2,dimension_update,customer_request,mech_a,2024-07-01
CHG-06525,P-1441,3,feature_remove,design_review,mech_a,2024-05-02
CHG-06526,P-1441,4,feature_remove,test_failure,mech_a,2023-11-26
CHG-06527,P-1442,1,material_change,supplier_issue,elec_a,2022-06-06
CHG-06528,P-1442,2,drawing_note,design_review,elec_a,2022-09-23
CHG-06529,P-1442,3,material_change,cost_reduction,elec_a,2023-02-15
CHG-06530,P-1443,1,feature_add,customer_request,hw_integration,2024-05-05
CHG-06531,P-1443,2,drawing_note,cost_reduction,hw_integration,2024-02-15
CHG-06532,P-1443,3,dimension_update,customer_request,hw_integration,2025-04-04
CHG-06533,P-1443,4,material_change,supplier_issue,hw_integration,2024-06-27
CHG-06534,P-1443,5,drawing_note,design_review,hw_integration,2024-09-14
CHG-06535,P-1444,1,dimension_update,design_review,hw_integration,2025-11-14
CHG-06536,P-1444,2,feature_add,test_failure,hw_integration,2024-12-11
CHG-06537,P-1444,3,feature_add,test_failure,hw_integration,2025-09-19
CHG-06538,P-1445,1,tolerance_tightening,customer_request,mech_a,2024-11-10
CHG-06539,P-1445,2,feature_remove,supplier_issue,mech_a,2024-08-11
CHG-06540,P-1445,3,tolerance_tightening,customer_request,mech_a,2024-06-13
CHG-06541,P-1445,4,material_change,customer_request,mech_a,2025-01-08
CHG-06542,P-1446,1,feature_add,customer_request,mech_b,2024-09-20
CHG-06543,P-1446,2,drawing_note,design_review,mech_b,2023-11-28
CHG-06544,P-1446,3,feature_remove,test_failure,mech_b,2023-09-15
CHG-06545,P-1447,1,feature_add,design_review,mech_a,2023-05-23
CHG-06546,P-1447,2,dimension_update,test_failure,mech_a,2022-10-28
CHG-06547,P-1447,3,material_change,cost_reduction,mech_a,2023-11-05
CHG-06548,P-1448,1,tolerance_tightening,design_review,mech_b,2022-08-18
CHG-06549,P-1448,2,drawing_note,design_review,mech_b,2022-12-26
CHG-06550,P-1449,1,material_change,design_review,mech_b,2022-10-20
CHG-06551,P-1449,2,tolerance_tightening,test_failure,mech_b,2022-11-27
CHG-06552,P-1449,3,feature_add,customer_request,mech_b,2023-04-04
CHG-06553,P-1449,4,feature_remove,design_review,mech_b,2023-08-08
CHG-06554,P-1449,5,tolerance_tightening,cost_reduction,mech_b,2022-09-13
CHG-06555,P-1450,1,material_change,cost_reduction,elec_a,2022-07-08
CHG-06556,P-1450,2,material_change,test_failure,elec_a,2022-07-22
CHG-06557,P-1450,3,material_change,customer_request,elec_a,2023-04-16
CHG-06558,P-1450,4,feature_add,customer_request,elec_a,2023-07-04
CHG-06559,P-1450,5,material_change,test_failure,elec_a,2022-10-30
CHG-06560,P-1451,1,dimension_update,test_failure,hw_integration,2024-02-22
CHG-06561,P-1451,2,feature_remove,design_review,hw_integration,2024-05-28
CHG-06562,P-1452,1,material_change,design_review,hw_integration,2024-03-28
CHG-06563,P-1452,2,feature_add,customer_request,hw_integration,2023-05-19
CHG-06564,P-1452,3,feature_add,cost_reduction,hw_integration,2023-06-12
CHG-06565,P-1452,4,dimension_update,design_review,hw_integration,2023-05-14
CHG-06566,P-1452,5,feature_remove,design_review,hw_integration,2023-03-25
CHG-06567,P-1453,1,tolerance_tightening,cost_reduction,mech_a,2025-08-31
CHG-06568,P-1453,2,feature_add,test_failure,mech_a,2024-05-08
CHG-06569,P-1453,3,material_change,supplier_issue,mech_a,2024-08-07
CHG-06570,P-1453,4,material_change,design_review,mech_a,2025-07-09
CHG-06571,P-1454,1,feature_remove,design_review,mech_a,2024-07-12
CHG-06572,P-1454,2,drawing_note,supplier_issue,mech_a,2023-07-26
CHG-06573,P-1454,3,material_change,customer_request,mech_a,2023-10-28
CHG-06574,P-1454,4,feature_add,design_review,mech_a,2023-10-28
CHG-06575,P-1454,5,material_change,design_review,mech_a,2023-12-27
CHG-06576,P-1454,6,material_change,supplier_issue,mech_a,2023-11-07
CHG-06577,P-1454,7,drawing_note,design_review,mech_a,2024-07-13
CHG-06578,P-1454,8,feature_remove,design_review,mech_a,2024-02-16
CHG-06579,P-1455,1,drawing_note,test_failure,mech_b,2023-04-02
CHG-06580,P-1455,2,material_change,design_review,mech_b,2024-04-18
CHG-06581,P-1455,3,feature_remove,design_review,mech_b,2023-08-18
CHG-06582,P-1455,4,feature_add,test_failure,mech_b,2023-09-06
CHG-06583,P-1456,1,drawing_note,design_review,mech_b,2024-12-06
CHG-06584,P-1456,2,drawing_note,test_failure,mech_b,2024-06-16
CHG-06585,P-1456,3,feature_add,design_review,mech_b,2024-04-22
CHG-06586,P-1456,4,feature_add,cost_reduction,mech_b,2023-11-22
CHG-06587,P-1456,5,feature_add,design_review,mech_b,2024-01-31
CHG-06588,P-1457,1,material_change,supplier_issue,mech_b,2024-06-06
CHG-06589,P-1457,2,drawing_note,customer_request,mech_b,2023-09-12
CHG-06590,P-1457,3,feature_remove,customer_request,mech_b,2024-05-13
CHG-06591,P-1457,4,feature_add,test_failure,mech_b,2023-09-17
CHG-06592,P-1457,5,feature_add,customer_request,mech_b,2023-12-18
CHG-06593,P-1458,1,feature_add,cost_reduction,elec_a,2023-01-21
CHG-06594,P-1458,2,material_change,cost_reduction,elec_a,2022-05-28
CHG-06595,P-1458,3,feature_remove,test_failure,elec_a,2023-07-04
CHG-06596,P-1459,1,feature_remove,design_review,elec_a,2022-05-30
CHG-06597,P-1459,2,drawing_note,design_review,elec_a,2023-05-11
CHG-06598,P-1459,3,dimension_update,test_failure,elec_a,2022-12-21
CHG-06599,P-1459,4,feature_remove,cost_reduction,elec_a,2022-10-30
CHG-06600,P-1459,5,feature_add,cost_reduction,elec_a,2022-12-11
CHG-06601,P-1459,6,feature_add,customer_request,elec_a,2023-01-27
CHG-06602,P-1459,7,dimension_update,customer_request,elec_a,2023-01-31
CHG-06603,P-1460,1,feature_remove,test_failure,hw_integration,2026-08-25
CHG-06604,P-1460,2,tolerance_tightening,design_review,hw_integration,2026-09-20
CHG-06605,P-1460,3,tolerance_tightening,test_failure,hw_integration,2025-07-12
CHG-06606,P-1460,4,dimension_update,customer_request,hw_integration,2026-09-13
CHG-06607,P-1460,5,tolerance_tightening,cost_reduction,hw_integration,2026-02-05
CHG-06608,P-1460,6,feature_remove,design_review,hw_integration,2026-02-28
CHG-06609,P-1461,1,feature_add,design_review,elec_a,2022-07-09
CHG-06610,P-1461,2,feature_add,design_review,elec_a,2023-02-13
CHG-06611,P-1461,3,material_change,supplier_issue,elec_a,2022-11-06
CHG-06612,P-1461,4,tolerance_tightening,cost_reduction,elec_a,2023-01-16
CHG-06613,P-1461,5,feature_remove,design_review,elec_a,2023-03-20
CHG-06614,P-1461,6,feature_remove,design_review,elec_a,2023-09-18
CHG-06615,P-1462,1,material_change,test_failure,mech_b,2023-06-19
CHG-06616,P-1462,2,tolerance_tightening,customer_request,mech_b,2023-08-27
CHG-06617,P-1462,3,drawing_note,customer_request,mech_b,2023-04-16
CHG-06618,P-1462,4,drawing_note,design_review,mech_b,2023-09-29
CHG-06619,P-1462,5,feature_add,cost_reduction,mech_b,2023-11-19
CHG-06620,P-1462,6,tolerance_tightening,design_review,mech_b,2023-08-31
CHG-06621,P-1462,7,feature_add,cost_reduction,mech_b,2024-01-20
CHG-06622,P-1463,1,feature_remove,cost_reduction,mech_a,2024-07-20
CHG-06623,P-1463,2,tolerance_tightening,test_failure,mech_a,2024-02-26
CHG-06624,P-1463,3,feature_add,design_review,mech_a,2023-12-16
CHG-06625,P-1463,4,feature_add,design_review,mech_a,2024-09-11
CHG-06626,P-1464,1,feature_add,cost_reduction,mech_b,2023-09-15
CHG-06627,P-1464,2,feature_remove,customer_request,mech_b,2023-11-05
CHG-06628,P-1464,3,feature_remove,test_failure,mech_b,2024-06-10
CHG-06629,P-1464,4,dimension_update,supplier_issue,mech_b,2023-08-08
CHG-06630,P-1464,5,feature_remove,cost_reduction,mech_b,2024-01-23
CHG-06631,P-1465,1,feature_remove,supplier_issue,hw_integration,2025-01-18
CHG-06632,P-1465,2,material_change,design_review,hw_integration,2025-03-19
CHG-06633,P-1465,3,tolerance_tightening,test_failure,hw_integration,2024-11-30
CHG-06634,P-1465,4,feature_remove,test_failure,hw_integration,2025-06-04
CHG-06635,P-1465,5,tolerance_tightening,test_failure,hw_integration,2025-02-19
CHG-06636,P-1466,1,feature_remove,design_review,hw_integration,2025-09-02
CHG-06637,P-1466,2,dimension_update,design_review,hw_integration,2024-07-02
CHG-06638,P-1466,3,material_change,supplier_issue,hw_integration,2024-11-25
CHG-06639,P-1466,4,dimension_update,cost_reduction,hw_integration,2025-08-18
CHG-06640,P-1466,5,tolerance_tightening,design_review,hw_integration,2025-11-04
CHG-06641,P-1466,6,feature_remove,design_review,hw_integration,2024-09-26
CHG-06642,P-1467,1,feature_add,test_failure,mech_b,2024-04-26
CHG-06643,P-1467,2,material_change,test_failure,mech_b,2024-08-02
CHG-06644,P-1467,3,drawing_note,design_review,mech_b,2025-05-05
CHG-06645,P-1467,4,material_change,test_failure,mech_b,2024-03-03
CHG-06646,P-1468,1,dimension_update,supplier_issue,mech_a,2024-01-09
CHG-06647,P-1468,2,material_change,cost_reduction,mech_a,2024-03-06
CHG-06648,P-1468,3,drawing_note,customer_request,mech_a,2023-08-18
CHG-06649,P-1468,4,feature_add,customer_request,mech_a,2023-12-13
CHG-06650,P-1469,1,tolerance_tightening,design_review,mech_a,2026-08-13
CHG-06651,P-1469,2,feature_add,customer_request,mech_a,2025-06-14
CHG-06652,P-1469,3,drawing_note,design_review,mech_a,2025-09-24
CHG-06653,P-1470,1,feature_remove,test_failure,mech_a,2023-06-26
CHG-06654,P-1470,2,tolerance_tightening,customer_request,mech_a,2022-12-31
CHG-06655,P-1470,3,material_change,design_review,mech_a,2022-12-13
CHG-06656,P-1470,4,tolerance_tightening,test_failure,mech_a,2022-05-05
CHG-06657,P-1470,5,tolerance_tightening,customer_request,mech_a,2022-12-29
CHG-06658,P-1470,6,feature_add,design_review,mech_a,2023-05-16
CHG-06659,P-1470,7,feature_remove,design_review,mech_a,2023-05-29
CHG-06660,P-1471,1,dimension_update,test_failure,elec_a,2023-08-03
CHG-06661,P-1471,2,feature_add,test_failure,elec_a,2024-02-17
CHG-06662,P-1472,1,feature_add,supplier_issue,elec_a,2024-07-29
CHG-06663,P-1472,2,drawing_note,customer_request,elec_a,2023-10-14
CHG-06664,P-1472,3,drawing_note,design_review,elec_a,2023-07-16
CHG-06665,P-1472,4,feature_remove,design_review,elec_a,2023-08-20
CHG-06666,P-1472,5,material_change,test_failure,elec_a,2023-05-31
CHG-06667,P-1472,6,feature_remove,design_review,elec_a,2024-01-25
CHG-06668,P-1472,7,dimension_update,supplier_issue,elec_a,2023-06-18
CHG-06669,P-1473,1,tolerance_tightening,supplier_issue,elec_a,2023-05-27
CHG-06670,P-1473,2,material_change,cost_reduction,elec_a,2024-07-18
CHG-06671,P-1473,3,drawing_note,design_review,elec_a,2024-05-09
CHG-06672,P-1473,4,feature_add,cost_reduction,elec_a,2024-04-28
CHG-06673,P-1474,1,feature_remove,design_review,mech_a,2024-04-30
CHG-06674,P-1474,2,feature_add,test_failure,mech_a,2024-10-25
CHG-06675,P-1474,3,material_change,design_review,mech_a,2025-01-28
CHG-06676,P-1474,4,dimension_update,test_failure,mech_a,2023-12-23
CHG-06677,P-1474,5,feature_remove,supplier_issue,mech_a,2024-07-31
CHG-06678,P-1474,6,material_change,supplier_issue,mech_a,2024-02-02
CHG-06679,P-1475,1,feature_remove,customer_request,mech_b,2022-05-06
CHG-06680,P-1475,2,drawing_note,test_failure,mech_b,2022-10-31
CHG-06681,P-1476,1,feature_remove,design_review,mech_a,2025-09-04
CHG-06682,P-1476,2,drawing_note,design_review,mech_a,2026-04-10
CHG-06683,P-1476,3,tolerance_tightening,design_review,mech_a,2025-05-01
CHG-06684,P-1476,4,feature_add,supplier_issue,mech_a,2025-09-07
CHG-06685,P-1476,5,feature_add,design_review,mech_a,2025-10-24
CHG-06686,P-1476,6,material_change,design_review,mech_a,2024-12-18
CHG-06687,P-1476,7,material_change,design_review,mech_a,2025-01-04
CHG-06688,P-1477,1,material_change,customer_request,mech_b,2023-05-01
CHG-06689,P-1477,2,feature_remove,test_failure,mech_b,2023-09-05
CHG-06690,P-1477,3,tolerance_tightening,customer_request,mech_b,2023-08-01
CHG-06691,P-1477,4,feature_add,cost_reduction,mech_b,2023-11-30
CHG-06692,P-1477,5,drawing_note,design_review,mech_b,2023-10-24
CHG-06693,P-1477,6,dimension_update,design_review,mech_b,2023-08-12
CHG-06694,P-1478,1,dimension_update,test_failure,elec_a,2024-07-12
CHG-06695,P-1478,2,dimension_update,supplier_issue,elec_a,2024-06-13
CHG-06696,P-1478,3,feature_remove,cost_reduction,elec_a,2024-03-07
CHG-06697,P-1478,4,dimension_update,supplier_issue,elec_a,2023-12-26
CHG-06698,P-1478,5,material_change,supplier_issue,elec_a,2024-05-15
CHG-06699,P-1478,6,feature_remove,test_failure,elec_a,2023-05-04
CHG-06700,P-1478,7,dimension_update,customer_request,elec_a,2024-02-07
CHG-06701,P-1479,1,dimension_update,design_review,mech_b,2024-04-20
CHG-06702,P-1479,2,tolerance_tightening,cost_reduction,mech_b,2024-11-07
CHG-06703,P-1479,3,tolerance_tightening,test_failure,mech_b,2025-03-29
CHG-06704,P-1479,4,feature_remove,test_failure,mech_b,2024-11-22
CHG-06705,P-1479,5,feature_add,test_failure,mech_b,2024-06-09
CHG-06706,P-1479,6,feature_remove,design_review,mech_b,2024-02-17
CHG-06707,P-1480,1,feature_add,design_review,elec_a,2026-01-16
CHG-06708,P-1480,2,feature_add,test_failure,elec_a,2025-07-27
CHG-06709,P-1480,3,feature_add,cost_reduction,elec_a,2025-12-12
CHG-06710,P-1480,4,feature_remove,design_review,elec_a,2026-03-26
CHG-06711,P-1480,5,material_change,customer_request,elec_a,2025-05-01
CHG-06712,P-1481,1,dimension_update,cost_reduction,mech_b,2024-01-15
CHG-06713,P-1481,2,dimension_update,test_failure,mech_b,2024-06-06
CHG-06714,P-1481,3,feature_add,test_failure,mech_b,2024-06-19
CHG-06715,P-1482,1,dimension_update,design_review,elec_a,2023-12-10
CHG-06716,P-1482,2,drawing_note,cost_reduction,elec_a,2024-08-30
CHG-06717,P-1482,3,material_change,test_failure,elec_a,2024-08-28
CHG-06718,P-1482,4,drawing_note,test_failure,elec_a,2025-04-05
CHG-06719,P-1483,1,tolerance_tightening,design_review,mech_b,2023-03-07
CHG-06720,P-1483,2,feature_remove,design_review,mech_b,2024-02-01
CHG-06721,P-1483,3,dimension_update,design_review,mech_b,2023-01-28
CHG-06722,P-1484,1,drawing_note,design_review,mech_b,2025-02-08
CHG-06723,P-1484,2,material_change,test_failure,mech_b,2025-01-25
CHG-06724,P-1484,3,material_change,design_review,mech_b,2024-08-28
CHG-06725,P-1484,4,drawing_note,supplier_issue,mech_b,2024-12-08
CHG-06726,P-1484,5,dimension_update,design_review,mech_b,2025-05-03
CHG-06727,P-1485,1,dimension_update,design_review,mech_a,2024-05-27
CHG-06728,P-1485,2,drawing_note,customer_request,mech_a,2025-04-08
CHG-06729,P-1485,3,feature_add,customer_request,mech_a,2024-05-02
CHG-06730,P-1486,1,tolerance_tightening,supplier_issue,elec_a,2023-01-02
CHG-06731,P-1486,2,material_change,cost_reduction,elec_a,2022-09-20
CHG-06732,P-1486,3,material_change,customer_request,elec_a,2022-10-03
CHG-06733,P-1487,1,dimension_update,design_review,hw_integration,2024-05-16
CHG-06734,P-1487,2,tolerance_tightening,design_review,hw_integration,2024-02-24
CHG-06735,P-1487,3,material_change,design_review,hw_integration,2024-03-07
CHG-06736,P-1487,4,tolerance_tightening,cost_reduction,hw_integration,2024-08-11
CHG-06737,P-1487,5,feature_add,test_failure,hw_integration,2023-11-04
CHG-06738,P-1488,1,tolerance_tightening,test_failure,elec_a,2025-10-28
CHG-06739,P-1488,2,feature_add,test_failure,elec_a,2025-06-15
CHG-06740,P-1489,1,material_change,test_failure,elec_a,2026-02-03
CHG-06741,P-1489,2,drawing_note,supplier_issue,elec_a,2025-12-27
CHG-06742,P-1489,3,drawing_note,supplier_issue,elec_a,2025-06-23
CHG-06743,P-1489,4,dimension_update,supplier_issue,elec_a,2025-02-03
CHG-06744,P-1489,5,drawing_note,customer_request,elec_a,2026-03-05
CHG-06745,P-1489,6,feature_add,design_review,elec_a,2026-04-25
CHG-06746,P-1489,7,feature_add,design_review,elec_a,2026-03-02
CHG-06747,P-1490,1,feature_remove,design_review,hw_integration,2023-01-13
CHG-06748,P-1490,2,feature_remove,customer_request,hw_integration,2023-05-10
CHG-06749,P-1491,1,feature_add,supplier_issue,mech_a,2025-06-26
CHG-06750,P-1491,2,feature_remove,design_review,mech_a,2025-07-08
CHG-06751,P-1491,3,feature_add,cost_reduction,mech_a,2024-11-29
CHG-06752,P-1492,1,feature_remove,cost_reduction,hw_integration,2023-09-01
CHG-06753,P-1492,2,tolerance_tightening,test_failure,hw_integration,2024-03-30
CHG-06754,P-1492,3,tolerance_tightening,supplier_issue,hw_integration,2023-12-29
CHG-06755,P-1492,4,material_change,cost_reduction,hw_integration,2024-05-29
CHG-06756,P-1493,1,material_change,supplier_issue,mech_a,2024-11-11
CHG-06757,P-1493,2,drawing_note,test_failure,mech_a,2024-10-30
CHG-06758,P-1493,3,feature_remove,test_failure,mech_a,2025-11-21
CHG-06759,P-1493,4,tolerance_tightening,supplier_issue,mech_a,2025-12-05
CHG-06760,P-1494,1,material_change,cost_reduction,elec_a,2024-04-07
CHG-06761,P-1494,2,drawing_note,customer_request,elec_a,2024-07-23
CHG-06762,P-1494,3,feature_remove,cost_reduction,elec_a,2023-11-04
CHG-06763,P-1495,1,dimension_update,cost_reduction,hw_integration,2024-05-26
CHG-06764,P-1495,2,drawing_note,cost_reduction,hw_integration,2023-08-09
CHG-06765,P-1495,3,feature_add,design_review,hw_integration,2023-06-20
CHG-06766,P-1495,4,drawing_note,test_failure,hw_integration,2024-03-23
CHG-06767,P-1495,5,dimension_update,design_review,hw_integration,2023-12-10
CHG-06768,P-1495,6,feature_remove,cost_reduction,hw_integration,2024-02-12
CHG-06769,P-1495,7,feature_remove,supplier_issue,hw_integration,2023-04-18
CHG-06770,P-1495,8,feature_add,customer_request,hw_integration,2023-11-06
CHG-06771,P-1496,1,feature_add,customer_request,hw_integration,2025-10-31
CHG-06772,P-1496,2,drawing_note,supplier_issue,hw_integration,2026-09-03
CHG-06773,P-1496,3,tolerance_tightening,customer_request,hw_integration,2026-02-16
CHG-06774,P-1496,4,feature_remove,design_review,hw_integration,2026-06-02
CHG-06775,P-1497,1,drawing_note,cost_reduction,mech_b,2023-08-24
CHG-06776,P-1497,2,feature_remove,test_failure,mech_b,2023-08-27
CHG-06777,P-1498,1,tolerance_tightening,test_failure,hw_integration,2023-07-31
CHG-06778,P-1498,2,material_change,cost_reduction,hw_integration,2023-10-31
CHG-06779,P-1499,1,tolerance_tightening,test_failure,elec_a,2026-01-24
CHG-06780,P-1499,2,material_change,cost_reduction,elec_a,2026-03-05
CHG-06781,P-1499,3,feature_remove,test_failure,elec_a,2026-05-01
CHG-06782,P-1499,4,material_change,design_review,elec_a,2026-03-14
CHG-06783,P-1499,5,feature_add,cost_reduction,elec_a,2025-07-23
CHG-06784,P-1499,6,feature_remove,customer_request,elec_a,2025-04-15
CHG-06785,P-1499,7,feature_remove,test_failure,elec_a,2026-06-14
CHG-06786,P-1499,8,material_change,test_failure,elec_a,2025-12-01
CHG-06787,P-1499,9,material_change,design_review,elec_a,2025-04-21
CHG-06788,P-1499,10,dimension_update,design_review,elec_a,2026-02-15
CHG-06789,P-1500,1,feature_remove,test_failure,mech_a,2023-11-30
CHG-06790,P-1501,1,tolerance_tightening,design_review,mech_a,2023-01-12
CHG-06791,P-1501,2,feature_add,customer_request,mech_a,2022-11-07
CHG-06792,P-1502,1,material_change,customer_request,hw_integration,2026-07-07
CHG-06793,P-1502,2,drawing_note,supplier_issue,hw_integration,2026-06-07
CHG-06794,P-1502,3,feature_add,design_review,hw_integration,2025-10-08
CHG-06795,P-1502,4,tolerance_tightening,customer_request,hw_integration,2026-05-13
CHG-06796,P-1503,1,feature_remove,design_review,hw_integration,2024-05-18
CHG-06797,P-1503,2,dimension_update,test_failure,hw_integration,2024-01-02
CHG-06798,P-1503,3,drawing_note,design_review,hw_integration,2023-11-18
CHG-06799,P-1504,1,tolerance_tightening,design_review,hw_integration,2025-07-30
CHG-06800,P-1504,2,material_change,design_review,hw_integration,2024-12-25
CHG-06801,P-1504,3,feature_remove,design_review,hw_integration,2025-07-06
CHG-06802,P-1504,4,dimension_update,test_failure,hw_integration,2024-11-16
CHG-06803,P-1505,1,feature_remove,supplier_issue,mech_b,2023-07-10
CHG-06804,P-1505,2,feature_remove,supplier_issue,mech_b,2023-06-04
CHG-06805,P-1505,3,feature_remove,design_review,mech_b,2022-11-21
CHG-06806,P-1505,4,material_change,cost_reduction,mech_b,2023-07-14
CHG-06807,P-1505,5,tolerance_tightening,design_review,mech_b,2022-12-18
CHG-06808,P-1506,1,tolerance_tightening,cost_reduction,mech_b,2025-07-04
CHG-06809,P-1506,2,feature_remove,test_failure,mech_b,2024-05-26
CHG-06810,P-1506,3,dimension_update,design_review,mech_b,2024-08-11
CHG-06811,P-1506,4,feature_remove,design_review,mech_b,2024-09-02
CHG-06812,P-1506,5,dimension_update,customer_request,mech_b,2025-04-14
CHG-06813,P-1507,1,dimension_update,test_failure,hw_integration,2023-01-16
CHG-06814,P-1507,2,feature_remove,test_failure,hw_integration,2023-08-19
CHG-06815,P-1507,3,material_change,design_review,hw_integration,2022-09-21
CHG-06816,P-1507,4,feature_add,design_review,hw_integration,2023-07-13
CHG-06817,P-1508,1,dimension_update,test_failure,mech_a,2024-06-15
CHG-06818,P-1508,2,feature_remove,test_failure,mech_a,2024-08-27
CHG-06819,P-1508,3,drawing_note,design_review,mech_a,2023-08-11
CHG-06820,P-1509,1,drawing_note,design_review,hw_integration,2023-03-05
CHG-06821,P-1509,2,material_change,test_failure,hw_integration,2022-11-11
CHG-06822,P-1509,3,drawing_note,customer_request,hw_integration,2023-02-25
CHG-06823,P-1509,4,feature_remove,design_review,hw_integration,2023-06-16
CHG-06824,P-1510,1,feature_add,design_review,elec_a,2023-07-21
CHG-06825,P-1510,2,feature_add,supplier_issue,elec_a,2024-10-03
CHG-06826,P-1510,3,feature_add,cost_reduction,elec_a,2023-09-28
CHG-06827,P-1510,4,drawing_note,test_failure,elec_a,2023-07-29
CHG-06828,P-1510,5,feature_remove,test_failure,elec_a,2023-09-26
CHG-06829,P-1511,1,material_change,design_review,elec_a,2023-08-28
CHG-06830,P-1511,2,drawing_note,customer_request,elec_a,2024-08-26
CHG-06831,P-1511,3,tolerance_tightening,cost_reduction,elec_a,2024-09-19
CHG-06832,P-1511,4,material_change,test_failure,elec_a,2024-08-20
CHG-06833,P-1511,5,material_change,design_review,elec_a,2024-08-21
CHG-06834,P-1512,1,tolerance_tightening,cost_reduction,mech_b,2026-05-05
CHG-06835,P-1512,2,dimension_update,test_failure,mech_b,2025-12-05
CHG-06836,P-1512,3,feature_add,customer_request,mech_b,2026-02-23
CHG-06837,P-1512,4,feature_add,test_failure,mech_b,2025-07-12
CHG-06838,P-1512,5,drawing_note,test_failure,mech_b,2026-07-24
CHG-06839,P-1512,6,material_change,test_failure,mech_b,2026-05-29
CHG-06840,P-1513,1,drawing_note,customer_request,hw_integration,2024-05-09
CHG-06841,P-1513,2,tolerance_tightening,design_review,hw_integration,2024-05-26
CHG-06842,P-1513,3,feature_add,design_review,hw_integration,2025-07-18
CHG-06843,P-1513,4,material_change,test_failure,hw_integration,2024-06-19
CHG-06844,P-1513,5,tolerance_tightening,customer_request,hw_integration,2025-03-11
CHG-06845,P-1513,6,dimension_update,design_review,hw_integration,2025-01-02
CHG-06846,P-1514,1,tolerance_tightening,test_failure,elec_a,2023-02-02
CHG-06847,P-1514,2,feature_remove,design_review,elec_a,2022-06-25
CHG-06848,P-1514,3,dimension_update,design_review,elec_a,2023-06-18
CHG-06849,P-1514,4,drawing_note,customer_request,elec_a,2022-11-29
CHG-06850,P-1514,5,dimension_update,customer_request,elec_a,2022-05-27
CHG-06851,P-1514,6,material_change,test_failure,elec_a,2023-04-04
CHG-06852,P-1514,7,dimension_update,design_review,elec_a,2023-07-16
CHG-06853,P-1514,8,feature_add,design_review,elec_a,2023-05-30
CHG-06854,P-1515,1,tolerance_tightening,design_review,mech_a,2024-04-30
CHG-06855,P-1515,2,tolerance_tightening,design_review,mech_a,2023-11-02
CHG-06856,P-1515,3,material_change,design_review,mech_a,2024-07-29
CHG-06857,P-1515,4,material_change,design_review,mech_a,2024-10-17
CHG-06858,P-1516,1,dimension_update,supplier_issue,elec_a,2025-07-09
CHG-06859,P-1516,2,feature_remove,design_review,elec_a,2025-07-28
CHG-06860,P-1516,3,drawing_note,cost_reduction,elec_a,2024-12-08
CHG-06861,P-1517,1,tolerance_tightening,supplier_issue,hw_integration,2024-01-28
CHG-06862,P-1517,2,dimension_update,test_failure,hw_integration,2024-08-19
CHG-06863,P-1517,3,tolerance_tightening,supplier_issue,hw_integration,2024-09-09
CHG-06864,P-1517,4,drawing_note,supplier_issue,hw_integration,2024-03-09
CHG-06865,P-1517,5,feature_remove,supplier_issue,hw_integration,2024-09-24
CHG-06866,P-1518,1,feature_add,design_review,mech_a,2025-03-18
CHG-06867,P-1518,2,drawing_note,customer_request,mech_a,2024-05-28
CHG-06868,P-1518,3,tolerance_tightening,test_failure,mech_a,2024-12-01
CHG-06869,P-1518,4,dimension_update,design_review,mech_a,2025-01-22
CHG-06870,P-1519,1,feature_remove,test_failure,elec_a,2023-11-19
CHG-06871,P-1519,2,drawing_note,supplier_issue,elec_a,2025-01-02
CHG-06872,P-1519,3,material_change,customer_request,elec_a,2024-01-05
CHG-06873,P-1519,4,tolerance_tightening,cost_reduction,elec_a,2024-01-07
CHG-06874,P-1519,5,material_change,test_failure,elec_a,2024-06-24
CHG-06875,P-1519,6,feature_remove,supplier_issue,elec_a,2024-01-11
CHG-06876,P-1519,7,drawing_note,cost_reduction,elec_a,2024-08-18
CHG-06877,P-1519,8,material_change,customer_request,elec_a,2024-12-02
CHG-06878,P-1520,1,dimension_update,customer_request,mech_a,2026-09-09
CHG-06879,P-1520,2,feature_add,cost_reduction,mech_a,2026-05-02
CHG-06880,P-1520,3,material_change,test_failure,mech_a,2026-04-08
CHG-06881,P-1520,4,dimension_update,design_review,mech_a,2026-07-02
CHG-06882,P-1520,5,tolerance_tightening,test_failure,mech_a,2025-12-21
CHG-06883,P-1520,6,dimension_update,cost_reduction,mech_a,2025-08-14
CHG-06884,P-1521,1,tolerance_tightening,test_failure,elec_a,2025-02-12
CHG-06885,P-1521,2,feature_add,supplier_issue,elec_a,2025-04-08
CHG-06886,P-1521,3,material_change,test_failure,elec_a,2024-11-08
CHG-06887,P-1522,1,feature_add,design_review,hw_integration,2025-04-12
CHG-06888,P-1522,2,material_change,design_review,hw_integration,2025-03-22
CHG-06889,P-1522,3,feature_remove,customer_request,hw_integration,2024-02-06
CHG-06890,P-1523,1,feature_add,test_failure,mech_b,2025-06-02
CHG-06891,P-1523,2,feature_add,design_review,mech_b,2025-09-09
CHG-06892,P-1523,3,dimension_update,design_review,mech_b,2025-09-25
CHG-06893,P-1523,4,material_change,design_review,mech_b,2026-08-04
CHG-06894,P-1523,5,tolerance_tightening,customer_request,mech_b,2026-08-28
CHG-06895,P-1523,6,tolerance_tightening,test_failure,mech_b,2025-08-29
CHG-06896,P-1523,7,dimension_update,customer_request,mech_b,2025-07-10
CHG-06897,P-1524,1,material_change,customer_request,mech_a,2023-06-11
CHG-06898,P-1524,2,drawing_note,test_failure,mech_a,2023-08-08
CHG-06899,P-1525,1,feature_remove,design_review,mech_a,2025-06-10
CHG-06900,P-1525,2,material_change,supplier_issue,mech_a,2025-05-03
CHG-06901,P-1525,3,drawing_note,customer_request,mech_a,2025-07-25
CHG-06902,P-1526,1,feature_add,supplier_issue,elec_a,2025-03-11
CHG-06903,P-1526,2,dimension_update,supplier_issue,elec_a,2026-01-01
CHG-06904,P-1526,3,feature_remove,customer_request,elec_a,2024-12-05
CHG-06905,P-1526,4,dimension_update,design_review,elec_a,2025-12-17
CHG-06906,P-1526,5,drawing_note,customer_request,elec_a,2025-08-16
CHG-06907,P-1526,6,dimension_update,customer_request,elec_a,2025-01-10
CHG-06908,P-1527,1,material_change,test_failure,hw_integration,2024-01-31
CHG-06909,P-1527,2,drawing_note,customer_request,hw_integration,2024-04-23
CHG-06910,P-1527,3,dimension_update,customer_request,hw_integration,2024-06-19
CHG-06911,P-1527,4,feature_remove,customer_request,hw_integration,2023-06-28
CHG-06912,P-1528,1,tolerance_tightening,cost_reduction,mech_b,2026-10-14
CHG-06913,P-1528,2,dimension_update,test_failure,mech_b,2026-06-25
CHG-06914,P-1528,3,drawing_note,design_review,mech_b,2025-12-24
CHG-06915,P-1528,4,feature_add,customer_request,mech_b,2025-07-10
CHG-06916,P-1528,5,feature_remove,supplier_issue,mech_b,2026-04-02
CHG-06917,P-1529,1,tolerance_tightening,cost_reduction,hw_integration,2023-10-09
CHG-06918,P-1529,2,tolerance_tightening,cost_reduction,hw_integration,2023-09-27
CHG-06919,P-1529,3,dimension_update,design_review,hw_integration,2023-02-17
CHG-06920,P-1529,4,material_change,design_review,hw_integration,2023-12-27
CHG-06921,P-1529,5,feature_add,cost_reduction,hw_integration,2023-01-30
CHG-06922,P-1530,1,feature_add,customer_request,mech_b,2026-04-04
CHG-06923,P-1530,2,tolerance_tightening,supplier_issue,mech_b,2026-03-06
CHG-06924,P-1530,3,feature_add,supplier_issue,mech_b,2025-10-13
CHG-06925,P-1530,4,tolerance_tightening,design_review,mech_b,2025-07-25
CHG-06926,P-1531,1,dimension_update,test_failure,mech_a,2022-03-28
CHG-06927,P-1531,2,material_change,test_failure,mech_a,2022-07-13
CHG-06928,P-1531,3,feature_remove,test_failure,mech_a,2022-10-07
CHG-06929,P-1532,1,dimension_update,test_failure,elec_a,2023-08-23
CHG-06930,P-1532,2,feature_add,supplier_issue,elec_a,2023-05-28
CHG-06931,P-1533,1,dimension_update,test_failure,hw_integration,2024-01-05
CHG-06932,P-1533,2,feature_add,test_failure,hw_integration,2024-04-07
CHG-06933,P-1533,3,drawing_note,design_review,hw_integration,2023-08-12
CHG-06934,P-1533,4,tolerance_tightening,design_review,hw_integration,2023-02-16
CHG-06935,P-1533,5,drawing_note,design_review,hw_integration,2023-08-13
CHG-06936,P-1533,6,feature_add,test_failure,hw_integration,2023-10-28
CHG-06937,P-1534,1,feature_add,test_failure,mech_b,2023-12-21
CHG-06938,P-1534,2,feature_remove,cost_reduction,mech_b,2024-01-05
CHG-06939,P-1534,3,material_change,design_review,mech_b,2023-04-02
CHG-06940,P-1534,4,drawing_note,test_failure,mech_b,2023-07-13
CHG-06941,P-1534,5,feature_remove,customer_request,mech_b,2023-12-31
CHG-06942,P-1535,1,feature_add,design_review,hw_integration,2023-07-30
CHG-06943,P-1535,2,feature_add,test_failure,hw_integration,2024-11-12
CHG-06944,P-1536,1,feature_remove,supplier_issue,elec_a,2025-07-05
CHG-06945,P-1536,2,drawing_note,design_review,elec_a,2026-01-01
CHG-06946,P-1536,3,drawing_note,customer_request,elec_a,2025-09-06
CHG-06947,P-1536,4,drawing_note,cost_reduction,elec_a,2024-12-21
CHG-06948,P-1537,1,dimension_update,test_failure,mech_b,2023-11-18
CHG-06949,P-1537,2,material_change,design_review,mech_b,2023-07-29
CHG-06950,P-1537,3,feature_add,test_failure,mech_b,2023-12-04
CHG-06951,P-1537,4,dimension_update,supplier_issue,mech_b,2024-03-09
CHG-06952,P-1538,1,feature_remove,cost_reduction,elec_a,2024-02-24
CHG-06953,P-1538,2,dimension_update,test_failure,elec_a,2025-06-10
CHG-06954,P-1538,3,material_change,customer_request,elec_a,2025-06-10
CHG-06955,P-1538,4,feature_remove,customer_request,elec_a,2024-09-22
CHG-06956,P-1539,1,feature_remove,cost_reduction,mech_b,2022-06-09
CHG-06957,P-1539,2,dimension_update,cost_reduction,mech_b,2023-10-07
CHG-06958,P-1539,3,material_change,cost_reduction,mech_b,2023-08-15
CHG-06959,P-1540,1,dimension_update,customer_request,mech_a,2023-02-10
CHG-06960,P-1541,1,feature_add,test_failure,hw_integration,2023-05-25
CHG-06961,P-1541,2,dimension_update,design_review,hw_integration,2024-06-30
CHG-06962,P-1541,3,drawing_note,cost_reduction,hw_integration,2024-01-27
CHG-06963,P-1542,1,feature_remove,supplier_issue,mech_b,2023-08-12
CHG-06964,P-1542,2,drawing_note,test_failure,mech_b,2023-02-06
CHG-06965,P-1542,3,feature_remove,cost_reduction,mech_b,2022-07-14
CHG-06966,P-1542,4,material_change,test_failure,mech_b,2023-09-06
CHG-06967,P-1542,5,drawing_note,supplier_issue,mech_b,2023-03-15
CHG-06968,P-1543,1,feature_add,supplier_issue,elec_a,2023-05-23
CHG-06969,P-1543,2,material_change,supplier_issue,elec_a,2022-08-24
CHG-06970,P-1543,3,feature_remove,design_review,elec_a,2022-12-01
CHG-06971,P-1543,4,feature_add,test_failure,elec_a,2022-08-20
CHG-06972,P-1543,5,drawing_note,customer_request,elec_a,2022-11-21
CHG-06973,P-1544,1,tolerance_tightening,customer_request,elec_a,2022-11-05
CHG-06974,P-1544,2,drawing_note,test_failure,elec_a,2022-09-01
CHG-06975,P-1544,3,feature_remove,design_review,elec_a,2022-10-13
CHG-06976,P-1544,4,tolerance_tightening,design_review,elec_a,2023-07-11
CHG-06977,P-1544,5,feature_add,cost_reduction,elec_a,2023-05-22
CHG-06978,P-1544,6,feature_add,design_review,elec_a,2023-03-19
CHG-06979,P-1545,1,tolerance_tightening,customer_request,mech_a,2023-04-17
CHG-06980,P-1545,2,tolerance_tightening,design_review,mech_a,2023-05-27
CHG-06981,P-1545,3,feature_remove,supplier_issue,mech_a,2023-12-25
CHG-06982,P-1545,4,feature_add,test_failure,mech_a,2023-01-03
CHG-06983,P-1545,5,material_change,design_review,mech_a,2023-02-24
CHG-06984,P-1545,6,feature_add,customer_request,mech_a,2024-01-28
CHG-06985,P-1545,7,feature_remove,supplier_issue,mech_a,2024-03-01
CHG-06986,P-1546,1,material_change,test_failure,elec_a,2023-08-04
CHG-06987,P-1546,2,drawing_note,supplier_issue,elec_a,2023-10-14
CHG-06988,P-1546,3,tolerance_tightening,supplier_issue,elec_a,2022-12-18
CHG-06989,P-1546,4,material_change,test_failure,elec_a,2022-12-17
CHG-06990,P-1547,1,feature_remove,cost_reduction,mech_b,2023-07-29
CHG-06991,P-1547,2,material_change,cost_reduction,mech_b,2023-04-10
CHG-06992,P-1547,3,dimension_update,supplier_issue,mech_b,2022-10-11
CHG-06993,P-1547,4,material_change,supplier_issue,mech_b,2022-10-30
CHG-06994,P-1547,5,drawing_note,design_review,mech_b,2022-08-05
CHG-06995,P-1547,6,feature_remove,supplier_issue,mech_b,2023-03-30
CHG-06996,P-1548,1,dimension_update,test_failure,elec_a,2024-05-23
CHG-06997,P-1548,2,feature_remove,supplier_issue,elec_a,2023-04-03
CHG-06998,P-1548,3,drawing_note,cost_reduction,elec_a,2023-10-24
CHG-06999,P-1548,4,dimension_update,cost_reduction,elec_a,2024-02-25
CHG-07000,P-1548,5,dimension_update,test_failure,elec_a,2023-08-11
CHG-07001,P-1548,6,dimension_update,test_failure,elec_a,2024-04-27
CHG-07002,P-1548,7,drawing_note,supplier_issue,elec_a,2023-11-14
CHG-07003,P-1549,1,dimension_update,cost_reduction,mech_b,2024-03-15
CHG-07004,P-1549,2,dimension_update,customer_request,mech_b,2023-02-15
CHG-07005,P-1550,1,tolerance_tightening,cost_reduction,hw_integration,2025-08-11
CHG-07006,P-1550,2,material_change,design_review,hw_integration,2026-07-15
CHG-07007,P-1550,3,material_change,test_failure,hw_integration,2025-06-08
CHG-07008,P-1550,4,material_change,design_review,hw_integration,2026-04-04
CHG-07009,P-1551,1,feature_add,test_failure,mech_a,2025-01-30
CHG-07010,P-1551,2,drawing_note,cost_reduction,mech_a,2024-12-19
CHG-07011,P-1552,1,feature_add,test_failure,mech_a,2025-05-01
CHG-07012,P-1552,2,dimension_update,design_review,mech_a,2025-01-01
CHG-07013,P-1552,3,feature_add,customer_request,mech_a,2025-05-21
CHG-07014,P-1553,1,material_change,design_review,mech_b,2024-05-27
CHG-07015,P-1553,2,feature_add,customer_request,mech_b,2025-07-26
CHG-07016,P-1553,3,feature_remove,design_review,mech_b,2025-05-10
CHG-07017,P-1553,4,drawing_note,test_failure,mech_b,2025-10-02
CHG-07018,P-1554,1,feature_remove,design_review,mech_a,2022-04-08
CHG-07019,P-1554,2,feature_remove,cost_reduction,mech_a,2022-12-25
CHG-07020,P-1554,3,feature_add,customer_request,mech_a,2023-03-22
CHG-07021,P-1554,4,material_change,supplier_issue,mech_a,2022-11-17
CHG-07022,P-1554,5,tolerance_tightening,test_failure,mech_a,2023-01-18
CHG-07023,P-1554,6,tolerance_tightening,cost_reduction,mech_a,2022-03-12
CHG-07024,P-1555,1,dimension_update,customer_request,mech_a,2023-12-16
CHG-07025,P-1555,2,drawing_note,design_review,mech_a,2024-11-14
CHG-07026,P-1555,3,dimension_update,cost_reduction,mech_a,2025-01-28
CHG-07027,P-1555,4,feature_add,supplier_issue,mech_a,2023-10-01
CHG-07028,P-1555,5,material_change,customer_request,mech_a,2024-04-12
CHG-07029,P-1556,1,feature_remove,customer_request,elec_a,2024-11-22
CHG-07030,P-1556,2,material_change,supplier_issue,elec_a,2025-03-05
CHG-07031,P-1556,3,feature_add,customer_request,elec_a,2025-04-22
CHG-07032,P-1557,1,feature_remove,cost_reduction,hw_integration,2025-08-12
CHG-07033,P-1557,2,material_change,customer_request,hw_integration,2026-02-10
CHG-07034,P-1557,3,drawing_note,supplier_issue,hw_integration,2025-05-11
CHG-07035,P-1557,4,feature_add,supplier_issue,hw_integration,2026-06-12
CHG-07036,P-1558,1,tolerance_tightening,supplier_issue,elec_a,2023-10-11
CHG-07037,P-1558,2,tolerance_tightening,test_failure,elec_a,2024-01-17
CHG-07038,P-1558,3,feature_remove,design_review,elec_a,2024-10-04
CHG-07039,P-1558,4,feature_remove,supplier_issue,elec_a,2024-10-31
CHG-07040,P-1558,5,feature_remove,design_review,elec_a,2024-10-28
CHG-07041,P-1559,1,dimension_update,supplier_issue,mech_b,2023-05-23
CHG-07042,P-1559,2,feature_add,cost_reduction,mech_b,2023-03-11
CHG-07043,P-1559,3,feature_add,test_failure,mech_b,2023-05-18
CHG-07044,P-1559,4,drawing_note,test_failure,mech_b,2023-09-16
CHG-07045,P-1559,5,material_change,cost_reduction,mech_b,2023-09-06
CHG-07046,P-1560,1,feature_add,supplier_issue,hw_integration,2025-05-28
CHG-07047,P-1560,2,dimension_update,test_failure,hw_integration,2025-01-14
CHG-07048,P-1560,3,drawing_note,design_review,hw_integration,2024-09-09
CHG-07049,P-1560,4,feature_add,design_review,hw_integration,2025-01-30
CHG-07050,P-1561,1,feature_remove,customer_request,mech_b,2023-11-25
CHG-07051,P-1561,2,material_change,supplier_issue,mech_b,2023-05-29
CHG-07052,P-1561,3,tolerance_tightening,design_review,mech_b,2022-08-26
CHG-07053,P-1561,4,dimension_update,supplier_issue,mech_b,2023-05-06
CHG-07054,P-1561,5,dimension_update,customer_request,mech_b,2023-11-03
CHG-07055,P-1561,6,feature_remove,cost_reduction,mech_b,2023-09-05
CHG-07056,P-1562,1,tolerance_tightening,supplier_issue,mech_a,2025-03-26
CHG-07057,P-1562,2,material_change,test_failure,mech_a,2025-05-15
CHG-07058,P-1562,3,tolerance_tightening,design_review,mech_a,2025-07-30
CHG-07059,P-1562,4,drawing_note,test_failure,mech_a,2026-02-03
CHG-07060,P-1562,5,dimension_update,customer_request,mech_a,2025-04-03
CHG-07061,P-1562,6,drawing_note,design_review,mech_a,2025-04-09
CHG-07062,P-1562,7,feature_add,test_failure,mech_a,2025-02-12
CHG-07063,P-1562,8,material_change,customer_request,mech_a,2026-03-20
CHG-07064,P-1562,9,dimension_update,test_failure,mech_a,2026-02-07
CHG-07065,P-1562,10,dimension_update,cost_reduction,mech_a,2026-04-21
CHG-07066,P-1562,11,drawing_note,design_review,mech_a,2026-04-21
CHG-07067,P-1562,12,feature_remove,design_review,mech_a,2025-11-28
CHG-07068,P-1563,1,feature_add,customer_request,hw_integration,2024-07-29
CHG-07069,P-1563,2,feature_remove,cost_reduction,hw_integration,2023-10-10
CHG-07070,P-1564,1,feature_add,customer_request,elec_a,2022-10-10
CHG-07071,P-1564,2,material_change,design_review,elec_a,2022-08-05
CHG-07072,P-1564,3,drawing_note,cost_reduction,elec_a,2022-10-05
CHG-07073,P-1565,1,feature_add,design_review,mech_b,2024-01-27
CHG-07074,P-1565,2,feature_add,cost_reduction,mech_b,2024-01-24
CHG-07075,P-1566,1,feature_add,design_review,elec_a,2025-08-28
CHG-07076,P-1566,2,feature_add,test_failure,elec_a,2025-12-24
CHG-07077,P-1566,3,dimension_update,customer_request,elec_a,2025-07-24
CHG-07078,P-1566,4,feature_remove,design_review,elec_a,2026-09-09
CHG-07079,P-1566,5,dimension_update,test_failure,elec_a,2026-03-12
CHG-07080,P-1567,1,tolerance_tightening,supplier_issue,elec_a,2024-01-20
CHG-07081,P-1567,2,tolerance_tightening,test_failure,elec_a,2024-10-18
CHG-07082,P-1567,3,dimension_update,cost_reduction,elec_a,2023-08-24
CHG-07083,P-1567,4,feature_add,design_review,elec_a,2024-08-20
CHG-07084,P-1567,5,tolerance_tightening,design_review,elec_a,2023-09-15
CHG-07085,P-1568,1,dimension_update,supplier_issue,mech_a,2022-05-13
CHG-07086,P-1568,2,drawing_note,supplier_issue,mech_a,2022-12-30
CHG-07087,P-1568,3,drawing_note,cost_reduction,mech_a,2022-09-14
CHG-07088,P-1568,4,material_change,test_failure,mech_a,2023-05-10
CHG-07089,P-1568,5,material_change,customer_request,mech_a,2022-10-17
CHG-07090,P-1568,6,material_change,test_failure,mech_a,2023-01-11
CHG-07091,P-1568,7,material_change,test_failure,mech_a,2023-03-18
CHG-07092,P-1568,8,drawing_note,cost_reduction,mech_a,2022-03-31
CHG-07093,P-1569,1,feature_add,test_failure,mech_a,2024-08-26
CHG-07094,P-1569,2,dimension_update,customer_request,mech_a,2023-09-03
CHG-07095,P-1569,3,feature_remove,test_failure,mech_a,2024-01-08
CHG-07096,P-1569,4,material_change,supplier_issue,mech_a,2024-08-29
CHG-07097,P-1569,5,dimension_update,test_failure,mech_a,2024-04-29
CHG-07098,P-1569,6,drawing_note,cost_reduction,mech_a,2023-06-28
CHG-07099,P-1569,7,drawing_note,test_failure,mech_a,2024-04-14
CHG-07100,P-1569,8,dimension_update,customer_request,mech_a,2023-07-07
CHG-07101,P-1569,9,drawing_note,supplier_issue,mech_a,2024-05-17
CHG-07102,P-1570,1,tolerance_tightening,design_review,elec_a,2025-07-27
CHG-07103,P-1570,2,feature_remove,supplier_issue,elec_a,2025-10-23
CHG-07104,P-1570,3,dimension_update,design_review,elec_a,2024-10-18
CHG-07105,P-1571,1,dimension_update,cost_reduction,mech_a,2022-04-27
CHG-07106,P-1571,2,dimension_update,test_failure,mech_a,2023-04-16
CHG-07107,P-1571,3,tolerance_tightening,test_failure,mech_a,2022-04-12
CHG-07108,P-1571,4,feature_remove,design_review,mech_a,2023-04-13
CHG-07109,P-1571,5,material_change,test_failure,mech_a,2023-01-28
CHG-07110,P-1571,6,drawing_note,test_failure,mech_a,2022-11-10
CHG-07111,P-1572,1,dimension_update,design_review,elec_a,2025-11-12
CHG-07112,P-1573,1,feature_remove,test_failure,mech_b,2025-08-11
CHG-07113,P-1573,2,drawing_note,supplier_issue,mech_b,2025-03-16
CHG-07114,P-1573,3,feature_add,design_review,mech_b,2025-10-30
CHG-07115,P-1574,1,drawing_note,customer_request,mech_a,2024-09-24
CHG-07116,P-1574,2,drawing_note,design_review,mech_a,2025-12-19
CHG-07117,P-1574,3,drawing_note,supplier_issue,mech_a,2025-12-26
CHG-07118,P-1575,1,feature_remove,customer_request,elec_a,2025-10-11
CHG-07119,P-1575,2,drawing_note,supplier_issue,elec_a,2025-06-06
CHG-07120,P-1575,3,feature_add,supplier_issue,elec_a,2025-06-15
CHG-07121,P-1575,4,material_change,test_failure,elec_a,2025-04-07
CHG-07122,P-1575,5,feature_remove,design_review,elec_a,2025-01-22
CHG-07123,P-1576,1,feature_remove,supplier_issue,mech_b,2022-12-16
CHG-07124,P-1576,2,feature_add,customer_request,mech_b,2022-10-14
CHG-07125,P-1576,3,feature_add,design_review,mech_b,2023-08-11
CHG-07126,P-1577,1,material_change,design_review,mech_b,2025-02-10
CHG-07127,P-1577,2,dimension_update,test_failure,mech_b,2025-11-13
CHG-07128,P-1578,1,feature_remove,design_review,mech_a,2023-06-10
CHG-07129,P-1578,2,tolerance_tightening,customer_request,mech_a,2023-03-08
CHG-07130,P-1578,3,dimension_update,design_review,mech_a,2023-12-04
CHG-07131,P-1578,4,tolerance_tightening,design_review,mech_a,2023-07-21
CHG-07132,P-1578,5,tolerance_tightening,cost_reduction,mech_a,2023-10-22
CHG-07133,P-1579,1,feature_add,supplier_issue,elec_a,2023-02-24
CHG-07134,P-1579,2,drawing_note,design_review,elec_a,2022-08-02
CHG-07135,P-1579,3,feature_remove,design_review,elec_a,2022-10-19
CHG-07136,P-1579,4,dimension_update,supplier_issue,elec_a,2022-11-21
CHG-07137,P-1580,1,drawing_note,design_review,hw_integration,2022-03-16
CHG-07138,P-1580,2,feature_remove,design_review,hw_integration,2023-06-26
CHG-07139,P-1580,3,material_change,design_review,hw_integration,2022-09-13
CHG-07140,P-1581,1,drawing_note,design_review,elec_a,2022-12-07
CHG-07141,P-1581,2,feature_add,test_failure,elec_a,2023-11-09
CHG-07142,P-1581,3,feature_remove,customer_request,elec_a,2022-12-15
CHG-07143,P-1582,1,material_change,test_failure,mech_a,2022-06-25
CHG-07144,P-1582,2,dimension_update,customer_request,mech_a,2023-01-03
CHG-07145,P-1582,3,feature_add,cost_reduction,mech_a,2022-11-03
CHG-07146,P-1582,4,feature_remove,design_review,mech_a,2022-07-31
CHG-07147,P-1583,1,feature_remove,cost_reduction,hw_integration,2025-06-03
CHG-07148,P-1583,2,dimension_update,customer_request,hw_integration,2025-06-26
CHG-07149,P-1583,3,dimension_update,customer_request,hw_integration,2025-12-25
CHG-07150,P-1583,4,material_change,design_review,hw_integration,2026-01-09
CHG-07151,P-1583,5,drawing_note,design_review,hw_integration,2025-07-28
CHG-07152,P-1583,6,feature_add,cost_reduction,hw_integration,2025-12-02
CHG-07153,P-1584,1,feature_remove,test_failure,mech_a,2023-03-24
CHG-07154,P-1584,2,material_change,design_review,mech_a,2022-07-24
CHG-07155,P-1584,3,tolerance_tightening,test_failure,mech_a,2022-07-28
CHG-07156,P-1585,1,tolerance_tightening,cost_reduction,mech_b,2024-07-03
CHG-07157,P-1585,2,tolerance_tightening,test_failure,mech_b,2025-01-07
CHG-07158,P-1585,3,feature_remove,test_failure,mech_b,2025-03-02
CHG-07159,P-1585,4,drawing_note,supplier_issue,mech_b,2024-04-07
CHG-07160,P-1585,5,drawing_note,customer_request,mech_b,2025-01-15
CHG-07161,P-1585,6,tolerance_tightening,supplier_issue,mech_b,2025-07-03
CHG-07162,P-1586,1,material_change,test_failure,mech_a,2022-11-28
CHG-07163,P-1586,2,dimension_update,design_review,mech_a,2022-11-06
CHG-07164,P-1586,3,feature_add,design_review,mech_a,2023-05-17
CHG-07165,P-1586,4,feature_add,customer_request,mech_a,2023-04-04
CHG-07166,P-1587,1,dimension_update,test_failure,hw_integration,2025-11-22
CHG-07167,P-1587,2,feature_add,customer_request,hw_integration,2025-09-30
CHG-07168,P-1587,3,drawing_note,test_failure,hw_integration,2025-08-15
CHG-07169,P-1587,4,drawing_note,test_failure,hw_integration,2025-07-25
CHG-07170,P-1587,5,tolerance_tightening,test_failure,hw_integration,2025-06-13
CHG-07171,P-1588,1,material_change,cost_reduction,mech_a,2024-03-24
CHG-07172,P-1588,2,feature_remove,design_review,mech_a,2023-12-20
CHG-07173,P-1588,3,feature_add,supplier_issue,mech_a,2025-04-19
CHG-07174,P-1588,4,tolerance_tightening,cost_reduction,mech_a,2024-08-06
CHG-07175,P-1588,5,dimension_update,design_review,mech_a,2024-07-23
CHG-07176,P-1588,6,feature_add,customer_request,mech_a,2024-08-23
CHG-07177,P-1589,1,material_change,design_review,elec_a,2024-01-25
CHG-07178,P-1589,2,feature_remove,test_failure,elec_a,2024-09-13
CHG-07179,P-1589,3,tolerance_tightening,test_failure,elec_a,2025-01-13
CHG-07180,P-1589,4,drawing_note,design_review,elec_a,2024-05-08
CHG-07181,P-1589,5,material_change,test_failure,elec_a,2024-06-07
CHG-07182,P-1590,1,drawing_note,supplier_issue,mech_a,2022-06-21
CHG-07183,P-1590,2,feature_remove,supplier_issue,mech_a,2023-01-20
CHG-07184,P-1590,3,feature_remove,design_review,mech_a,2022-10-31
CHG-07185,P-1590,4,feature_remove,cost_reduction,mech_a,2022-09-19
CHG-07186,P-1591,1,feature_add,test_failure,mech_a,2025-05-31
CHG-07187,P-1592,1,feature_remove,customer_request,elec_a,2023-12-18
CHG-07188,P-1592,2,feature_remove,design_review,elec_a,2024-06-24
CHG-07189,P-1592,3,dimension_update,design_review,elec_a,2023-07-25
CHG-07190,P-1592,4,tolerance_tightening,test_failure,elec_a,2023-07-10
CHG-07191,P-1593,1,material_change,supplier_issue,hw_integration,2023-07-17
CHG-07192,P-1593,2,tolerance_tightening,design_review,hw_integration,2022-12-01
CHG-07193,P-1593,3,dimension_update,design_review,hw_integration,2023-07-28
CHG-07194,P-1593,4,feature_add,supplier_issue,hw_integration,2022-07-16
CHG-07195,P-1594,1,dimension_update,customer_request,mech_a,2024-08-02
CHG-07196,P-1594,2,dimension_update,test_failure,mech_a,2025-01-12
CHG-07197,P-1594,3,feature_add,design_review,mech_a,2024-12-31
CHG-07198,P-1594,4,feature_add,supplier_issue,mech_a,2025-06-14
CHG-07199,P-1594,5,feature_add,design_review,mech_a,2024-09-14
CHG-07200,P-1595,1,feature_add,test_failure,mech_a,2025-05-19
CHG-07201,P-1595,2,drawing_note,test_failure,mech_a,2025-10-10
CHG-07203,P-1595,4,feature_add,test_failure,mech_a,2025-07-24
CHG-07204,P-1596,1,dimension_update,supplier_issue,mech_b,2022-10-22
CHG-07205,P-1596,2,tolerance_tightening,test_failure,mech_b,2022-02-27
CHG-07206,P-1596,3,dimension_update,design_review,mech_b,2022-11-05
CHG-07207,P-1596,4,drawing_note,test_failure,mech_b,2023-01-22
CHG-07208,P-1597,1,feature_add,test_failure,hw_integration,2023-06-26
CHG-07209,P-1597,2,feature_remove,design_review,hw_integration,2022-11-23
CHG-07210,P-1597,3,feature_add,customer_request,hw_integration,2023-06-28
CHG-07211,P-1598,1,drawing_note,customer_request,mech_a,2025-06-03
CHG-07212,P-1598,2,tolerance_tightening,design_review,mech_a,2024-07-19
CHG-07213,P-1599,1,feature_remove,customer_request,mech_a,2022-12-01
CHG-07214,P-1599,2,material_change,customer_request,mech_a,2022-10-07
CHG-07215,P-1599,3,material_change,test_failure,mech_a,2022-12-14
CHG-07216,P-1599,4,drawing_note,test_failure,mech_a,2022-07-04
CHG-07217,P-1600,1,dimension_update,test_failure,mech_b,2024-11-05
CHG-07218,P-1600,2,feature_remove,design_review,mech_b,2025-12-07
CHG-07219,P-1600,3,feature_add,customer_request,mech_b,2025-08-09
CHG-07220,P-1600,4,feature_add,customer_request,mech_b,2025-09-20
CHG-07221,P-1600,5,drawing_note,design_review,mech_b,2025-12-08
CHG-07222,P-1600,6,tolerance_tightening,test_failure,mech_b,2025-06-20
CHG-07223,P-1600,7,tolerance_tightening,cost_reduction,mech_b,2025-07-31
CHG-07224,P-1601,1,material_change,cost_reduction,mech_b,2025-01-19
CHG-07225,P-1601,2,tolerance_tightening,supplier_issue,mech_b,2025-03-09
CHG-07226,P-1601,3,tolerance_tightening,test_failure,mech_b,2024-07-27
CHG-07227,P-1602,1,feature_remove,customer_request,mech_a,2024-08-12
CHG-07228,P-1602,2,material_change,customer_request,mech_a,2024-12-13
CHG-07229,P-1602,3,feature_add,customer_request,mech_a,2024-12-02
CHG-07230,P-1602,4,material_change,supplier_issue,mech_a,2024-02-02
CHG-07231,P-1603,1,dimension_update,test_failure,elec_a,2023-12-23
CHG-07232,P-1603,2,drawing_note,cost_reduction,elec_a,2023-09-04
CHG-07233,P-1603,3,feature_add,supplier_issue,elec_a,2023-05-04
CHG-07234,P-1603,4,material_change,customer_request,elec_a,2023-05-20
CHG-07235,P-1603,5,material_change,design_review,elec_a,2023-11-21
CHG-07236,P-1603,6,dimension_update,customer_request,elec_a,2023-08-06
CHG-07237,P-1603,7,tolerance_tightening,test_failure,elec_a,2024-06-11
CHG-07238,P-1603,8,tolerance_tightening,design_review,elec_a,2023-09-08
CHG-07239,P-1604,1,feature_add,test_failure,elec_a,2023-09-06
CHG-07240,P-1604,2,feature_add,test_failure,elec_a,2023-12-04
CHG-07241,P-1605,1,tolerance_tightening,test_failure,mech_a,2023-06-17
CHG-07242,P-1605,2,drawing_note,design_review,mech_a,2023-03-17
CHG-07243,P-1605,3,tolerance_tightening,design_review,mech_a,2022-06-28
CHG-07244,P-1605,4,drawing_note,customer_request,mech_a,2022-08-26
CHG-07245,P-1605,5,dimension_update,design_review,mech_a,2022-08-30
CHG-07246,P-1605,6,dimension_update,design_review,mech_a,2023-08-13
CHG-07247,P-1605,7,dimension_update,design_review,mech_a,2022-05-23
CHG-07248,P-1606,1,dimension_update,test_failure,elec_a,2024-10-03
CHG-07249,P-1606,2,material_change,test_failure,elec_a,2024-11-24
CHG-07250,P-1606,3,dimension_update,test_failure,elec_a,2025-10-10
CHG-07251,P-1607,1,material_change,customer_request,mech_a,2025-04-20
CHG-07252,P-1607,2,material_change,design_review,mech_a,2024-06-07
CHG-07253,P-1608,1,tolerance_tightening,test_failure,elec_a,2024-03-26
CHG-07254,P-1608,2,drawing_note,supplier_issue,elec_a,2024-11-24
CHG-07255,P-1608,3,feature_add,test_failure,elec_a,2024-12-15
CHG-07256,P-1608,4,tolerance_tightening,test_failure,elec_a,2024-01-30
CHG-07257,P-1609,1,tolerance_tightening,cost_reduction,mech_b,2025-10-26
CHG-07258,P-1609,2,feature_remove,test_failure,mech_b,2024-10-27
CHG-07259,P-1609,3,drawing_note,design_review,mech_b,2024-10-06
CHG-07260,P-1609,4,drawing_note,design_review,mech_b,2026-02-02
CHG-07261,P-1609,5,feature_remove,supplier_issue,mech_b,2025-10-01
CHG-07262,P-1610,1,feature_remove,supplier_issue,mech_a,2024-11-04
CHG-07263,P-1610,2,material_change,customer_request,mech_a,2024-08-11
CHG-07264,P-1611,1,material_change,test_failure,mech_a,2023-11-24
CHG-07265,P-1611,2,feature_remove,test_failure,mech_a,2023-11-03
CHG-07266,P-1611,3,material_change,design_review,mech_a,2024-08-27
CHG-07267,P-1611,4,material_change,supplier_issue,mech_a,2024-05-19
CHG-07268,P-1611,5,feature_add,design_review,mech_a,2024-08-08
CHG-07269,P-1611,6,tolerance_tightening,design_review,mech_a,2024-06-23
CHG-07270,P-1612,1,feature_add,design_review,hw_integration,2025-10-17
CHG-07271,P-1612,2,tolerance_tightening,customer_request,hw_integration,2025-03-13
CHG-07272,P-1612,3,feature_remove,test_failure,hw_integration,2025-07-25
CHG-07273,P-1612,4,feature_remove,test_failure,hw_integration,2025-08-15
CHG-07274,P-1613,1,drawing_note,customer_request,elec_a,2025-07-05
CHG-07275,P-1613,2,dimension_update,supplier_issue,elec_a,2025-08-07
CHG-07276,P-1613,3,drawing_note,design_review,elec_a,2026-02-06
CHG-07277,P-1613,4,drawing_note,test_failure,elec_a,2026-05-21
CHG-07278,P-1613,5,material_change,customer_request,elec_a,2025-09-04
CHG-07279,P-1614,1,drawing_note,test_failure,elec_a,2025-04-28
CHG-07280,P-1614,2,tolerance_tightening,cost_reduction,elec_a,2025-10-21
CHG-07281,P-1614,3,drawing_note,supplier_issue,elec_a,2025-03-18
CHG-07282,P-1614,4,drawing_note,cost_reduction,elec_a,2026-01-31
CHG-07283,P-1614,5,drawing_note,customer_request,elec_a,2025-04-30
CHG-07284,P-1614,6,dimension_update,cost_reduction,elec_a,2024-12-10
CHG-07285,P-1614,7,feature_remove,customer_request,elec_a,2025-05-11
CHG-07286,P-1615,1,drawing_note,customer_request,mech_a,2023-11-08
CHG-07287,P-1615,2,material_change,cost_reduction,mech_a,2024-09-17
CHG-07288,P-1616,1,material_change,customer_request,mech_a,2023-11-25
CHG-07289,P-1616,2,feature_remove,supplier_issue,mech_a,2024-04-10
CHG-07290,P-1616,3,material_change,test_failure,mech_a,2023-06-19
CHG-07291,P-1617,1,dimension_update,design_review,mech_a,2023-01-22
CHG-07292,P-1617,2,drawing_note,supplier_issue,mech_a,2022-09-01
CHG-07293,P-1617,3,dimension_update,test_failure,mech_a,2023-09-09
CHG-07294,P-1618,1,feature_add,cost_reduction,mech_b,2023-08-30
CHG-07295,P-1618,2,tolerance_tightening,design_review,mech_b,2023-08-30
CHG-07296,P-1618,3,feature_add,cost_reduction,mech_b,2023-10-09
CHG-07297,P-1618,4,drawing_note,test_failure,mech_b,2023-09-18
CHG-07298,P-1618,5,dimension_update,supplier_issue,mech_b,2024-09-08
CHG-07299,P-1618,6,material_change,customer_request,mech_b,2023-09-09
CHG-07300,P-1619,1,feature_add,cost_reduction,mech_b,2025-11-13
CHG-07301,P-1619,2,dimension_update,design_review,mech_b,2025-11-18
CHG-07302,P-1619,3,dimension_update,test_failure,mech_b,2025-02-27
CHG-07303,P-1620,1,material_change,test_failure,hw_integration,2025-05-14
CHG-07304,P-1620,2,feature_add,test_failure,hw_integration,2025-05-18
CHG-07305,P-1620,3,material_change,supplier_issue,hw_integration,2025-01-05
CHG-07306,P-1620,4,dimension_update,customer_request,hw_integration,2025-12-26
CHG-07307,P-1620,5,feature_remove,test_failure,hw_integration,2024-12-15
CHG-07308,P-1620,6,drawing_note,supplier_issue,hw_integration,2025-02-15
CHG-07309,P-1620,7,tolerance_tightening,customer_request,hw_integration,2025-04-16
CHG-07310,P-1621,1,drawing_note,test_failure,hw_integration,2023-04-16
CHG-07311,P-1621,2,tolerance_tightening,test_failure,hw_integration,2023-05-17
CHG-07312,P-1621,3,feature_add,cost_reduction,hw_integration,2023-02-13
CHG-07313,P-1621,4,dimension_update,design_review,hw_integration,2023-06-15
CHG-07314,P-1621,5,feature_remove,test_failure,hw_integration,2023-10-21
CHG-07315,P-1621,6,feature_remove,test_failure,hw_integration,2023-09-29
CHG-07316,P-1622,1,dimension_update,cost_reduction,mech_b,2024-01-21
CHG-07317,P-1622,2,feature_add,design_review,mech_b,2024-06-15
CHG-07318,P-1622,3,feature_remove,customer_request,mech_b,2024-03-29
CHG-07319,P-1623,1,tolerance_tightening,customer_request,mech_b,2024-05-26
CHG-07320,P-1623,2,drawing_note,design_review,mech_b,2024-08-20
CHG-07321,P-1623,3,drawing_note,test_failure,mech_b,2025-06-23
CHG-07322,P-1623,4,feature_remove,test_failure,mech_b,2025-02-21
CHG-07323,P-1623,5,feature_add,supplier_issue,mech_b,2025-04-26
CHG-07324,P-1624,1,feature_remove,design_review,mech_b,2024-12-27
CHG-07325,P-1624,2,drawing_note,supplier_issue,mech_b,2024-07-24
CHG-07326,P-1624,3,material_change,design_review,mech_b,2025-05-01
CHG-07327,P-1624,4,drawing_note,customer_request,mech_b,2024-05-29
CHG-07328,P-1624,5,feature_remove,supplier_issue,mech_b,2025-01-18
CHG-07329,P-1625,1,dimension_update,supplier_issue,elec_a,2025-11-11
CHG-07330,P-1625,2,feature_remove,design_review,elec_a,2025-10-14
CHG-07331,P-1625,3,feature_add,design_review,elec_a,2026-04-17
CHG-07332,P-1625,4,dimension_update,supplier_issue,elec_a,2025-09-16
CHG-07333,P-1625,5,feature_add,supplier_issue,elec_a,2026-03-01
CHG-07334,P-1626,1,drawing_note,test_failure,elec_a,2022-11-26
CHG-07335,P-1626,2,material_change,design_review,elec_a,2022-09-20
CHG-07336,P-1627,1,material_change,customer_request,elec_a,2024-10-24
CHG-07337,P-1627,2,material_change,test_failure,elec_a,2024-02-19
CHG-07338,P-1627,3,feature_add,cost_reduction,elec_a,2024-06-29
CHG-07339,P-1628,1,drawing_note,test_failure,mech_a,2023-04-27
CHG-07340,P-1628,2,tolerance_tightening,cost_reduction,mech_a,2022-07-22
CHG-07341,P-1628,3,dimension_update,customer_request,mech_a,2023-07-13
CHG-07342,P-1628,4,feature_remove,test_failure,mech_a,2023-07-05
CHG-07343,P-1628,5,feature_add,supplier_issue,mech_a,2022-07-17
CHG-07344,P-1629,1,feature_add,design_review,mech_b,2025-05-16
CHG-07345,P-1629,2,feature_add,customer_request,mech_b,2024-12-29
CHG-07346,P-1629,3,material_change,test_failure,mech_b,2024-12-03
CHG-07347,P-1630,1,feature_remove,cost_reduction,hw_integration,2024-02-24
CHG-07348,P-1630,2,feature_add,design_review,hw_integration,2024-10-28
CHG-07349,P-1630,3,tolerance_tightening,test_failure,hw_integration,2025-01-11
CHG-07350,P-1631,1,feature_add,supplier_issue,mech_b,2024-02-07
CHG-07351,P-1631,2,drawing_note,design_review,mech_b,2023-09-02
CHG-07352,P-1631,3,feature_add,supplier_issue,mech_b,2024-09-17
CHG-07353,P-1632,1,feature_remove,customer_request,mech_a,2025-12-02
CHG-07354,P-1632,2,feature_remove,test_failure,mech_a,2024-12-18
CHG-07355,P-1632,3,dimension_update,test_failure,mech_a,2025-04-13
CHG-07356,P-1632,4,dimension_update,test_failure,mech_a,2025-12-21
CHG-07357,P-1632,5,dimension_update,supplier_issue,mech_a,2024-11-28
CHG-07358,P-1633,1,dimension_update,design_review,mech_a,2025-03-01
CHG-07359,P-1633,2,feature_remove,cost_reduction,mech_a,2025-06-11
CHG-07360,P-1633,3,material_change,supplier_issue,mech_a,2026-03-17
CHG-07361,P-1633,4,feature_add,design_review,mech_a,2025-04-02
CHG-07362,P-1633,5,feature_add,design_review,mech_a,2025-04-28
CHG-07363,P-1634,1,tolerance_tightening,design_review,mech_a,2024-02-17
CHG-07364,P-1634,2,feature_remove,design_review,mech_a,2023-06-19
CHG-07365,P-1634,3,feature_remove,cost_reduction,mech_a,2024-05-29
CHG-07366,P-1634,4,dimension_update,test_failure,mech_a,2024-04-01
CHG-07367,P-1634,5,feature_remove,supplier_issue,mech_a,2024-03-19
CHG-07368,P-1634,6,feature_remove,test_failure,mech_a,2023-07-07
CHG-07369,P-1634,7,feature_add,test_failure,mech_a,2023-08-31
CHG-07370,P-1635,1,material_change,test_failure,hw_integration,2025-07-16
CHG-07371,P-1635,2,feature_add,design_review,hw_integration,2025-01-17
CHG-07372,P-1635,3,dimension_update,supplier_issue,hw_integration,2025-07-21
CHG-07373,P-1635,4,feature_add,test_failure,hw_integration,2025-11-13
CHG-07374,P-1636,1,material_change,test_failure,mech_a,2025-12-26
CHG-07375,P-1636,2,tolerance_tightening,test_failure,mech_a,2025-08-26
CHG-07376,P-1636,3,feature_remove,customer_request,mech_a,2025-09-23
CHG-07377,P-1636,4,drawing_note,test_failure,mech_a,2026-07-29
CHG-07378,P-1636,5,material_change,design_review,mech_a,2025-09-17
CHG-07379,P-1636,6,feature_add,customer_request,mech_a,2026-05-03
CHG-07380,P-1637,1,tolerance_tightening,customer_request,elec_a,2023-07-14
CHG-07381,P-1637,2,material_change,supplier_issue,elec_a,2022-09-29
CHG-07382,P-1637,3,dimension_update,supplier_issue,elec_a,2022-05-11
CHG-07383,P-1637,4,feature_add,supplier_issue,elec_a,2022-11-01
CHG-07384,P-1637,5,feature_remove,design_review,elec_a,2022-11-08
CHG-07385,P-1637,6,material_change,supplier_issue,elec_a,2023-05-05
CHG-07386,P-1638,1,feature_add,cost_reduction,mech_b,2025-12-15
CHG-07387,P-1638,2,drawing_note,test_failure,mech_b,2025-04-20
CHG-07388,P-1638,3,feature_add,design_review,mech_b,2025-07-23
CHG-07389,P-1638,4,drawing_note,design_review,mech_b,2025-02-26
CHG-07390,P-1639,1,material_change,cost_reduction,mech_a,2022-06-28
CHG-07391,P-1639,2,feature_add,customer_request,mech_a,2023-08-23
CHG-07392,P-1639,3,drawing_note,cost_reduction,mech_a,2023-06-04
CHG-07393,P-1640,1,drawing_note,design_review,hw_integration,2024-12-16
CHG-07394,P-1640,2,drawing_note,test_failure,hw_integration,2025-09-11
CHG-07395,P-1640,3,material_change,customer_request,hw_integration,2025-03-30
CHG-07396,P-1640,4,drawing_note,design_review,hw_integration,2025-09-11
CHG-07397,P-1640,5,feature_add,cost_reduction,hw_integration,2025-09-19
CHG-07398,P-1641,1,drawing_note,supplier_issue,elec_a,2024-11-05
CHG-07399,P-1641,2,dimension_update,cost_reduction,elec_a,2024-08-17
CHG-07400,P-1641,3,feature_add,test_failure,elec_a,2024-07-28
CHG-07401,P-1642,1,drawing_note,customer_request,hw_integration,2025-08-19
CHG-07402,P-1642,2,drawing_note,design_review,hw_integration,2026-03-10
CHG-07403,P-1642,3,dimension_update,design_review,hw_integration,2025-07-08
CHG-07404,P-1642,4,dimension_update,design_review,hw_integration,2025-05-14
CHG-07405,P-1642,5,tolerance_tightening,design_review,hw_integration,2025-08-12
CHG-07406,P-1642,6,dimension_update,design_review,hw_integration,2025-12-30
CHG-07407,P-1643,1,material_change,design_review,hw_integration,2025-02-14
CHG-07408,P-1643,2,tolerance_tightening,design_review,hw_integration,2024-10-15
CHG-07409,P-1643,3,drawing_note,test_failure,hw_integration,2025-03-23
CHG-07410,P-1643,4,drawing_note,design_review,hw_integration,2025-04-18
CHG-07411,P-1643,5,material_change,cost_reduction,hw_integration,2024-02-27
CHG-07412,P-1643,6,tolerance_tightening,design_review,hw_integration,2024-09-01
CHG-07413,P-1643,7,dimension_update,customer_request,hw_integration,2024-04-13
CHG-07414,P-1643,8,material_change,test_failure,hw_integration,2024-01-04
CHG-07415,P-1644,1,dimension_update,cost_reduction,hw_integration,2023-10-20
CHG-07416,P-1644,2,dimension_update,supplier_issue,hw_integration,2023-07-14
CHG-07417,P-1644,3,material_change,design_review,hw_integration,2023-09-09
CHG-07418,P-1644,4,material_change,customer_request,hw_integration,2023-09-03
CHG-07419,P-1644,5,feature_remove,test_failure,hw_integration,2023-05-12
CHG-07420,P-1644,6,feature_remove,supplier_issue,hw_integration,2023-06-17
CHG-07421,P-1644,7,material_change,test_failure,hw_integration,2023-09-30
CHG-07422,P-1644,8,feature_remove,design_review,hw_integration,2022-12-14
CHG-07423,P-1644,9,dimension_update,cost_reduction,hw_integration,2023-04-27
CHG-07424,P-1644,10,material_change,test_failure,hw_integration,2023-06-07
CHG-07425,P-1645,1,tolerance_tightening,test_failure,elec_a,2025-02-18
CHG-07426,P-1645,2,feature_remove,supplier_issue,elec_a,2024-12-26
CHG-07427,P-1645,3,feature_remove,design_review,elec_a,2025-05-19
CHG-07428,P-1645,4,feature_remove,design_review,elec_a,2025-05-09
CHG-07429,P-1645,5,dimension_update,supplier_issue,elec_a,2025-01-19
CHG-07430,P-1646,1,dimension_update,design_review,elec_a,2023-04-15
CHG-07431,P-1646,2,feature_remove,design_review,elec_a,2023-12-26
CHG-07432,P-1646,3,material_change,test_failure,elec_a,2024-04-05
CHG-07433,P-1646,4,material_change,test_failure,elec_a,2023-08-12
CHG-07434,P-1647,1,feature_remove,supplier_issue,elec_a,2022-02-12
CHG-07435,P-1647,2,material_change,cost_reduction,elec_a,2023-06-15
CHG-07436,P-1648,1,dimension_update,test_failure,mech_b,2023-10-07
CHG-07437,P-1648,2,feature_remove,cost_reduction,mech_b,2022-10-22
CHG-07438,P-1648,3,dimension_update,cost_reduction,mech_b,2022-06-15
CHG-07439,P-1648,4,material_change,design_review,mech_b,2023-02-27
CHG-07440,P-1649,1,dimension_update,design_review,mech_a,2026-05-01
CHG-07441,P-1649,2,dimension_update,test_failure,mech_a,2025-11-11
CHG-07442,P-1650,1,dimension_update,design_review,mech_b,2023-07-06
CHG-07443,P-1650,2,material_change,design_review,mech_b,2024-06-11
CHG-07444,P-1650,3,dimension_update,design_review,mech_b,2024-06-17
CHG-07445,P-1650,4,feature_add,cost_reduction,mech_b,2024-06-22
CHG-07446,P-1650,5,tolerance_tightening,test_failure,mech_b,2023-07-13
CHG-07447,P-1650,6,dimension_update,design_review,mech_b,2023-10-14
CHG-07448,P-1650,7,dimension_update,supplier_issue,mech_b,2023-11-05
CHG-07449,P-1650,8,feature_add,design_review,mech_b,2024-04-30
CHG-07450,P-1651,1,feature_remove,design_review,mech_b,2022-10-24
CHG-07451,P-1651,2,dimension_update,design_review,mech_b,2023-08-14
CHG-07452,P-1651,3,tolerance_tightening,design_review,mech_b,2023-03-18
CHG-07453,P-1651,4,dimension_update,test_failure,mech_b,2023-05-17
CHG-07454,P-1651,5,drawing_note,supplier_issue,mech_b,2023-08-07
CHG-07455,P-1652,1,material_change,customer_request,mech_a,2022-03-05
CHG-07456,P-1652,2,material_change,design_review,mech_a,2022-04-23
CHG-07457,P-1652,3,feature_add,test_failure,mech_a,2022-04-06
CHG-07458,P-1652,4,dimension_update,cost_reduction,mech_a,2022-05-27
CHG-07459,P-1652,5,dimension_update,design_review,mech_a,2023-02-27
CHG-07460,P-1652,6,feature_add,design_review,mech_a,2023-03-21
CHG-07461,P-1653,1,dimension_update,design_review,hw_integration,2022-04-19
CHG-07462,P-1653,2,material_change,design_review,hw_integration,2022-07-22
CHG-07463,P-1653,3,dimension_update,test_failure,hw_integration,2022-11-09
CHG-07464,P-1653,4,drawing_note,customer_request,hw_integration,2022-11-18
CHG-07465,P-1654,1,tolerance_tightening,design_review,hw_integration,2024-10-04
CHG-07466,P-1654,2,drawing_note,supplier_issue,hw_integration,2025-05-25
CHG-07467,P-1654,3,drawing_note,cost_reduction,hw_integration,2024-12-12
CHG-07468,P-1654,4,feature_remove,test_failure,hw_integration,2025-12-06
CHG-07469,P-1654,5,feature_remove,design_review,hw_integration,2025-12-01
CHG-07470,P-1654,6,feature_add,design_review,hw_integration,2025-04-10
CHG-07471,P-1654,7,tolerance_tightening,design_review,hw_integration,2025-06-04
CHG-07472,P-1655,1,feature_add,design_review,mech_b,2023-07-23
CHG-07473,P-1655,2,tolerance_tightening,supplier_issue,mech_b,2023-06-13
CHG-07474,P-1655,3,tolerance_tightening,test_failure,mech_b,2022-10-13
CHG-07475,P-1655,4,drawing_note,customer_request,mech_b,2023-07-12
CHG-07476,P-1655,5,drawing_note,design_review,mech_b,2023-04-19
CHG-07477,P-1656,1,dimension_update,customer_request,mech_b,2025-11-17
CHG-07478,P-1656,2,feature_remove,customer_request,mech_b,2025-02-18
CHG-07479,P-1656,3,feature_remove,cost_reduction,mech_b,2025-05-29
CHG-07480,P-1656,4,feature_add,design_review,mech_b,2025-07-07
CHG-07481,P-1656,5,material_change,design_review,mech_b,2024-12-14
CHG-07482,P-1656,6,material_change,supplier_issue,mech_b,2025-09-09
CHG-07483,P-1657,1,tolerance_tightening,supplier_issue,hw_integration,2024-02-15
CHG-07484,P-1657,2,feature_add,design_review,hw_integration,2024-02-16
CHG-07485,P-1657,3,material_change,test_failure,hw_integration,2024-04-07
CHG-07486,P-1657,4,tolerance_tightening,customer_request,hw_integration,2024-11-06
CHG-07487,P-1657,5,drawing_note,test_failure,hw_integration,2024-08-16
CHG-07488,P-1657,6,material_change,cost_reduction,hw_integration,2024-06-26
CHG-07489,P-1658,1,tolerance_tightening,customer_request,mech_b,2023-06-03
CHG-07490,P-1659,1,drawing_note,customer_request,elec_a,2026-02-15
CHG-07491,P-1659,2,dimension_update,test_failure,elec_a,2026-03-22
CHG-07492,P-1659,3,feature_remove,design_review,elec_a,2025-12-18
CHG-07493,P-1659,4,feature_remove,test_failure,elec_a,2026-01-19
CHG-07494,P-1659,5,drawing_note,test_failure,elec_a,2025-04-02
CHG-07495,P-1659,6,material_change,customer_request,elec_a,2026-04-20
CHG-07496,P-1660,1,material_change,customer_request,elec_a,2024-05-06
CHG-07497,P-1660,2,dimension_update,supplier_issue,elec_a,2024-07-15
CHG-07498,P-1660,3,dimension_update,cost_reduction,elec_a,2024-03-16
CHG-07499,P-1660,4,tolerance_tightening,supplier_issue,elec_a,2024-07-06
CHG-07500,P-1660,5,tolerance_tightening,design_review,elec_a,2024-12-29
CHG-07501,P-1660,6,dimension_update,cost_reduction,elec_a,2024-10-17
CHG-07502,P-1660,7,feature_remove,cost_reduction,elec_a,2023-10-19
CHG-07503,P-1660,8,dimension_update,test_failure,elec_a,2024-11-06
CHG-07504,P-1661,1,dimension_update,design_review,mech_b,2024-08-10
CHG-07505,P-1661,2,dimension_update,test_failure,mech_b,2024-03-16
CHG-07506,P-1662,1,feature_add,test_failure,hw_integration,2025-02-16
CHG-07507,P-1662,2,drawing_note,supplier_issue,hw_integration,2024-12-01
CHG-07508,P-1663,1,drawing_note,cost_reduction,mech_a,2024-07-22
CHG-07509,P-1663,2,feature_remove,design_review,mech_a,2024-08-24
CHG-07510,P-1663,3,drawing_note,customer_request,mech_a,2025-08-06
CHG-07511,P-1663,4,drawing_note,supplier_issue,mech_a,2025-08-05
CHG-07512,P-1663,5,material_change,test_failure,mech_a,2024-10-06
CHG-07513,P-1663,6,material_change,test_failure,mech_a,2024-06-10
CHG-07514,P-1664,1,tolerance_tightening,test_failure,mech_a,2025-11-15
CHG-07515,P-1664,2,feature_remove,supplier_issue,mech_a,2025-02-23
CHG-07516,P-1664,3,feature_add,design_review,mech_a,2024-12-26
CHG-07517,P-1664,4,tolerance_tightening,test_failure,mech_a,2025-08-04
CHG-07518,P-1665,1,material_change,test_failure,elec_a,2024-07-28
CHG-07519,P-1665,2,dimension_update,design_review,elec_a,2024-07-30
CHG-07520,P-1665,3,feature_add,customer_request,elec_a,2024-12-07
CHG-07521,P-1665,4,material_change,test_failure,elec_a,2025-01-26
CHG-07522,P-1665,5,feature_add,cost_reduction,elec_a,2024-07-28
CHG-07523,P-1665,6,feature_add,cost_reduction,elec_a,2024-11-13
CHG-07524,P-1665,7,drawing_note,design_review,elec_a,2024-07-07
CHG-07525,P-1666,1,drawing_note,cost_reduction,elec_a,2025-09-30
CHG-07526,P-1666,2,tolerance_tightening,supplier_issue,elec_a,2026-04-05
CHG-07527,P-1666,3,feature_remove,test_failure,elec_a,2026-01-08
CHG-07528,P-1666,4,feature_add,test_failure,elec_a,2025-09-16
CHG-07529,P-1667,1,feature_add,test_failure,hw_integration,2023-11-17
CHG-07530,P-1667,2,tolerance_tightening,test_failure,hw_integration,2023-08-14
CHG-07531,P-1667,3,feature_remove,test_failure,hw_integration,2023-09-24
CHG-07532,P-1667,4,feature_add,customer_request,hw_integration,2024-01-14
CHG-07533,P-1668,1,feature_add,customer_request,elec_a,2023-01-01
CHG-07534,P-1668,2,material_change,test_failure,elec_a,2023-09-07
CHG-07535,P-1668,3,tolerance_tightening,test_failure,elec_a,2022-10-28
CHG-07536,P-1668,4,feature_add,test_failure,elec_a,2023-10-10
CHG-07537,P-1669,1,drawing_note,design_review,mech_a,2023-03-07
CHG-07538,P-1669,2,tolerance_tightening,design_review,mech_a,2023-07-14
CHG-07539,P-1669,3,feature_add,customer_request,mech_a,2023-09-17
CHG-07540,P-1669,4,dimension_update,supplier_issue,mech_a,2022-10-08
CHG-07541,P-1669,5,material_change,test_failure,mech_a,2023-05-15
CHG-07542,P-1669,6,dimension_update,test_failure,mech_a,2023-06-26
CHG-07543,P-1670,1,tolerance_tightening,design_review,hw_integration,2023-01-23
CHG-07544,P-1670,2,feature_add,supplier_issue,hw_integration,2023-03-04
CHG-07545,P-1670,3,material_change,customer_request,hw_integration,2023-02-13
CHG-07546,P-1670,4,drawing_note,supplier_issue,hw_integration,2023-10-25
CHG-07547,P-1670,5,feature_add,test_failure,hw_integration,2022-11-12
CHG-07548,P-1670,6,tolerance_tightening,test_failure,hw_integration,2023-12-20
CHG-07549,P-1671,1,feature_remove,supplier_issue,mech_b,2024-12-03
CHG-07550,P-1671,2,drawing_note,test_failure,mech_b,2024-10-02
CHG-07551,P-1671,3,feature_remove,design_review,mech_b,2026-01-24
CHG-07552,P-1671,4,feature_add,supplier_issue,mech_b,2025-09-28
CHG-07553,P-1671,5,tolerance_tightening,design_review,mech_b,2025-01-28
CHG-07554,P-1672,1,dimension_update,test_failure,mech_a,2025-04-02
CHG-07555,P-1672,2,tolerance_tightening,test_failure,mech_a,2025-01-04
CHG-07556,P-1672,3,drawing_note,design_review,mech_a,2025-07-01
CHG-07557,P-1672,4,material_change,test_failure,mech_a,2025-11-01
CHG-07558,P-1672,5,tolerance_tightening,customer_request,mech_a,2025-10-12
CHG-07559,P-1672,6,material_change,test_failure,mech_a,2026-03-02
CHG-07560,P-1672,7,material_change,test_failure,mech_a,2025-08-17
CHG-07561,P-1673,1,tolerance_tightening,design_review,elec_a,2023-05-19
CHG-07562,P-1673,2,dimension_update,customer_request,elec_a,2023-07-06
CHG-07563,P-1673,3,dimension_update,test_failure,elec_a,2023-11-14
CHG-07564,P-1673,4,dimension_update,design_review,elec_a,2023-07-19
CHG-07565,P-1673,5,material_change,test_failure,elec_a,2024-04-07
CHG-07566,P-1674,1,feature_remove,supplier_issue,mech_a,2023-07-26
CHG-07567,P-1674,2,feature_remove,supplier_issue,mech_a,2023-06-09
CHG-07568,P-1674,3,feature_add,cost_reduction,mech_a,2022-08-13
CHG-07569,P-1674,4,drawing_note,cost_reduction,mech_a,2022-12-28
CHG-07570,P-1675,1,dimension_update,test_failure,mech_b,2024-10-30
CHG-07571,P-1675,2,tolerance_tightening,design_review,mech_b,2025-03-15
CHG-07572,P-1675,3,feature_remove,cost_reduction,mech_b,2024-08-12
CHG-07573,P-1675,4,drawing_note,cost_reduction,mech_b,2024-08-22
CHG-07574,P-1676,1,material_change,supplier_issue,mech_b,2025-11-20
CHG-07575,P-1676,2,drawing_note,design_review,mech_b,2025-10-13
CHG-07576,P-1676,3,dimension_update,test_failure,mech_b,2026-01-20
CHG-07577,P-1676,4,feature_add,test_failure,mech_b,2025-02-07
CHG-07578,P-1677,1,feature_remove,supplier_issue,mech_a,2022-10-16
CHG-07579,P-1677,2,dimension_update,test_failure,mech_a,2022-06-19
CHG-07580,P-1677,3,feature_remove,supplier_issue,mech_a,2022-11-24
CHG-07581,P-1677,4,material_change,cost_reduction,mech_a,2022-10-10
CHG-07582,P-1677,5,feature_remove,design_review,mech_a,2023-05-30
CHG-07583,P-1678,1,dimension_update,supplier_issue,hw_integration,2023-01-15
CHG-07584,P-1678,2,material_change,customer_request,hw_integration,2023-10-08
CHG-07585,P-1678,3,feature_add,test_failure,hw_integration,2023-05-30
CHG-07586,P-1678,4,feature_add,supplier_issue,hw_integration,2022-07-24
CHG-07587,P-1678,5,tolerance_tightening,supplier_issue,hw_integration,2023-02-15
CHG-07588,P-1679,1,drawing_note,design_review,elec_a,2024-05-02
CHG-07589,P-1679,2,tolerance_tightening,supplier_issue,elec_a,2024-05-29
CHG-07590,P-1679,3,tolerance_tightening,design_review,elec_a,2023-04-15
CHG-07591,P-1680,1,material_change,test_failure,hw_integration,2023-09-04
CHG-07592,P-1680,2,material_change,test_failure,hw_integration,2024-12-14
CHG-07593,P-1680,3,dimension_update,cost_reduction,hw_integration,2023-10-05
CHG-07594,P-1680,4,feature_add,design_review,hw_integration,2023-11-13
CHG-07595,P-1680,5,material_change,cost_reduction,hw_integration,2024-12-09
CHG-07596,P-1681,1,material_change,supplier_issue,mech_b,2023-05-01
CHG-07597,P-1681,2,tolerance_tightening,customer_request,mech_b,2023-06-19
CHG-07598,P-1681,3,feature_add,supplier_issue,mech_b,2023-03-08
CHG-07599,P-1682,1,feature_add,design_review,elec_a,2024-05-29
CHG-07600,P-1682,2,dimension_update,supplier_issue,elec_a,2024-11-15
CHG-07601,P-1682,3,material_change,design_review,elec_a,2024-06-27
CHG-07602,P-1682,4,drawing_note,design_review,elec_a,2024-09-08
CHG-07603,P-1683,1,drawing_note,cost_reduction,hw_integration,2024-10-08
CHG-07604,P-1683,2,feature_add,customer_request,hw_integration,2024-05-21
CHG-07605,P-1683,3,feature_add,test_failure,hw_integration,2023-12-14
CHG-07606,P-1684,1,feature_add,design_review,mech_a,2024-10-18
CHG-07607,P-1684,2,tolerance_tightening,design_review,mech_a,2025-06-12
CHG-07608,P-1684,3,drawing_note,design_review,mech_a,2025-10-15
CHG-07609,P-1684,4,drawing_note,test_failure,mech_a,2025-04-03
CHG-07610,P-1684,5,drawing_note,design_review,mech_a,2024-11-23
CHG-07611,P-1684,6,drawing_note,design_review,mech_a,2025-05-06
CHG-07612,P-1684,7,tolerance_tightening,design_review,mech_a,2024-12-08
CHG-07613,P-1685,1,feature_add,cost_reduction,hw_integration,2026-02-27
CHG-07614,P-1685,2,feature_remove,test_failure,hw_integration,2025-09-23
CHG-07615,P-1685,3,feature_remove,customer_request,hw_integration,2025-08-24
CHG-07616,P-1685,4,tolerance_tightening,customer_request,hw_integration,2025-10-01
CHG-07617,P-1686,1,drawing_note,test_failure,mech_a,2022-08-23
CHG-07618,P-1686,2,drawing_note,design_review,mech_a,2023-09-04
CHG-07619,P-1686,3,tolerance_tightening,design_review,mech_a,2022-06-24
CHG-07620,P-1686,4,tolerance_tightening,design_review,mech_a,2022-05-29
CHG-07621,P-1686,5,material_change,cost_reduction,mech_a,2022-12-26
CHG-07622,P-1686,6,tolerance_tightening,cost_reduction,mech_a,2022-09-10
CHG-07623,P-1686,7,tolerance_tightening,test_failure,mech_a,2023-10-02
CHG-07624,P-1687,1,drawing_note,supplier_issue,hw_integration,2024-01-30
CHG-07625,P-1687,2,dimension_update,design_review,hw_integration,2024-07-29
CHG-07626,P-1687,3,feature_add,customer_request,hw_integration,2023-11-06
CHG-07627,P-1687,4,dimension_update,supplier_issue,hw_integration,2023-09-03
CHG-07628,P-1688,1,feature_add,customer_request,elec_a,2026-03-23
CHG-07629,P-1688,2,tolerance_tightening,design_review,elec_a,2025-01-09
CHG-07630,P-1688,3,feature_remove,design_review,elec_a,2025-02-27
CHG-07631,P-1688,4,dimension_update,supplier_issue,elec_a,2026-01-23
CHG-07632,P-1688,5,dimension_update,test_failure,elec_a,2026-03-03
CHG-07633,P-1688,6,drawing_note,design_review,elec_a,2025-06-10
CHG-07634,P-1689,1,tolerance_tightening,cost_reduction,elec_a,2022-12-05
CHG-07635,P-1689,2,feature_remove,cost_reduction,elec_a,2023-01-08
CHG-07636,P-1689,3,feature_remove,design_review,elec_a,2023-04-11
CHG-07637,P-1689,4,material_change,supplier_issue,elec_a,2022-12-08
CHG-07638,P-1689,5,tolerance_tightening,design_review,elec_a,2022-05-14
CHG-07639,P-1689,6,dimension_update,customer_request,elec_a,2022-03-06
CHG-07640,P-1689,7,drawing_note,test_failure,elec_a,2022-03-31
CHG-07641,P-1690,1,dimension_update,design_review,mech_a,2025-03-04
CHG-07642,P-1690,2,dimension_update,design_review,mech_a,2025-06-05
CHG-07643,P-1690,3,material_change,design_review,mech_a,2026-04-24
CHG-07644,P-1690,4,feature_add,customer_request,mech_a,2025-09-20
CHG-07645,P-1690,5,feature_remove,supplier_issue,mech_a,2025-01-02
CHG-07646,P-1690,6,feature_add,design_review,mech_a,2025-06-28
CHG-07647,P-1691,1,material_change,cost_reduction,elec_a,2024-08-22
CHG-07648,P-1691,2,tolerance_tightening,design_review,elec_a,2024-07-17
CHG-07649,P-1691,3,tolerance_tightening,cost_reduction,elec_a,2024-01-17
CHG-07650,P-1691,4,feature_remove,customer_request,elec_a,2023-10-26
CHG-07651,P-1691,5,feature_remove,design_review,elec_a,2023-12-13
CHG-07652,P-1691,6,dimension_update,test_failure,elec_a,2023-06-29
CHG-07653,P-1692,1,feature_add,supplier_issue,elec_a,2025-07-09
CHG-07654,P-1692,2,material_change,customer_request,elec_a,2025-02-13
CHG-07655,P-1692,3,dimension_update,cost_reduction,elec_a,2025-06-13
CHG-07656,P-1692,4,feature_add,supplier_issue,elec_a,2025-05-01
CHG-07657,P-1693,1,drawing_note,design_review,hw_integration,2025-05-13
CHG-07658,P-1693,2,tolerance_tightening,supplier_issue,hw_integration,2024-10-25
CHG-07659,P-1693,3,drawing_note,supplier_issue,hw_integration,2024-10-23
CHG-07660,P-1693,4,material_change,supplier_issue,hw_integration,2024-08-17
CHG-07661,P-1693,5,feature_add,design_review,hw_integration,2024-03-21
CHG-07662,P-1693,6,feature_add,test_failure,hw_integration,2025-01-09
CHG-07663,P-1693,7,material_change,design_review,hw_integration,2025-05-22
CHG-07664,P-1694,1,tolerance_tightening,design_review,hw_integration,2025-05-13
CHG-07665,P-1694,2,material_change,design_review,hw_integration,2026-03-27
CHG-07666,P-1694,3,feature_add,customer_request,hw_integration,2025-06-08
CHG-07667,P-1694,4,feature_remove,design_review,hw_integration,2026-01-18
CHG-07668,P-1694,5,dimension_update,design_review,hw_integration,2025-06-26
CHG-07669,P-1695,1,feature_remove,test_failure,mech_b,2022-08-31
CHG-07670,P-1695,2,material_change,customer_request,mech_b,2022-08-08
CHG-07671,P-1695,3,feature_remove,cost_reduction,mech_b,2022-11-12
CHG-07672,P-1695,4,feature_add,customer_request,mech_b,2023-06-16
CHG-07673,P-1695,5,tolerance_tightening,design_review,mech_b,2022-08-24
CHG-07674,P-1695,6,dimension_update,design_review,mech_b,2022-09-16
CHG-07675,P-1696,1,tolerance_tightening,design_review,mech_b,2025-11-20
CHG-07676,P-1696,2,feature_add,supplier_issue,mech_b,2025-03-11
CHG-07677,P-1696,3,feature_remove,cost_reduction,mech_b,2025-07-28
CHG-07678,P-1696,4,tolerance_tightening,cost_reduction,mech_b,2026-04-30
CHG-07679,P-1696,5,feature_add,supplier_issue,mech_b,2025-04-17
CHG-07680,P-1697,1,feature_add,cost_reduction,mech_b,2024-04-09
CHG-07681,P-1697,2,material_change,cost_reduction,mech_b,2024-08-27
CHG-07682,P-1697,3,feature_add,test_failure,mech_b,2024-11-02
CHG-07683,P-1698,1,feature_remove,cost_reduction,mech_b,2024-09-19
CHG-07684,P-1698,2,feature_remove,test_failure,mech_b,2024-10-29
CHG-07685,P-1698,3,feature_add,test_failure,mech_b,2025-05-12
CHG-07686,P-1699,1,feature_add,test_failure,mech_a,2025-02-08
CHG-07687,P-1699,2,feature_add,design_review,mech_a,2025-03-12
CHG-07688,P-1699,3,tolerance_tightening,supplier_issue,mech_a,2024-11-12
CHG-07689,P-1699,4,drawing_note,design_review,mech_a,2025-06-01
CHG-07690,P-1699,5,tolerance_tightening,design_review,mech_a,2025-04-13
CHG-07691,P-1699,6,dimension_update,test_failure,mech_a,2025-10-07
CHG-07692,P-1699,7,drawing_note,test_failure,mech_a,2025-03-16
CHG-07693,P-1700,1,feature_add,cost_reduction,mech_a,2025-05-03
CHG-07694,P-1700,2,material_change,cost_reduction,mech_a,2024-07-12
CHG-07695,P-1700,3,drawing_note,customer_request,mech_a,2024-11-24
CHG-07696,P-1700,4,feature_add,test_failure,mech_a,2024-03-05
CHG-07697,P-1701,1,feature_remove,customer_request,hw_integration,2023-08-12
CHG-07698,P-1701,2,feature_add,design_review,hw_integration,2024-08-22
CHG-07699,P-1701,3,drawing_note,test_failure,hw_integration,2023-09-06
CHG-07700,P-1702,1,drawing_note,cost_reduction,mech_b,2025-03-03
CHG-07701,P-1702,2,dimension_update,customer_request,mech_b,2025-07-19
CHG-07702,P-1702,3,feature_remove,design_review,mech_b,2025-07-14
CHG-07703,P-1703,1,feature_remove,design_review,mech_b,2025-01-02
CHG-07704,P-1703,2,material_change,customer_request,mech_b,2024-11-08
CHG-07705,P-1704,1,feature_add,design_review,elec_a,2026-06-21
CHG-07706,P-1704,2,feature_remove,supplier_issue,elec_a,2026-06-03
CHG-07707,P-1704,3,feature_add,test_failure,elec_a,2026-01-07
CHG-07708,P-1704,4,tolerance_tightening,test_failure,elec_a,2026-01-10
CHG-07709,P-1704,5,dimension_update,design_review,elec_a,2026-02-22
CHG-07710,P-1705,1,drawing_note,customer_request,elec_a,2025-01-25
CHG-07711,P-1705,2,tolerance_tightening,customer_request,elec_a,2025-08-05
CHG-07712,P-1705,3,feature_remove,cost_reduction,elec_a,2025-07-03
CHG-07713,P-1705,4,drawing_note,test_failure,elec_a,2025-08-26
CHG-07714,P-1706,1,drawing_note,customer_request,mech_b,2024-06-04
CHG-07715,P-1706,2,feature_add,supplier_issue,mech_b,2025-01-15
CHG-07716,P-1706,3,dimension_update,design_review,mech_b,2024-08-24
CHG-07717,P-1706,4,drawing_note,design_review,mech_b,2024-06-13
CHG-07718,P-1706,5,dimension_update,design_review,mech_b,2024-10-31
CHG-07719,P-1706,6,tolerance_tightening,cost_reduction,mech_b,2025-07-09
CHG-07720,P-1707,1,feature_add,customer_request,hw_integration,2024-12-18
CHG-07721,P-1707,2,feature_add,customer_request,hw_integration,2024-06-14
CHG-07722,P-1707,3,feature_remove,cost_reduction,hw_integration,2024-02-26
CHG-07723,P-1707,4,material_change,cost_reduction,hw_integration,2024-09-04
CHG-07724,P-1707,5,feature_remove,design_review,hw_integration,2025-02-23
CHG-07725,P-1707,6,dimension_update,customer_request,hw_integration,2024-01-15
CHG-07726,P-1707,7,drawing_note,supplier_issue,hw_integration,2024-06-24
CHG-07727,P-1707,8,material_change,test_failure,hw_integration,2025-02-12
CHG-07728,P-1708,1,material_change,design_review,mech_a,2023-12-21
CHG-07729,P-1708,2,drawing_note,supplier_issue,mech_a,2023-04-22
CHG-07730,P-1708,3,dimension_update,customer_request,mech_a,2023-10-21
CHG-07731,P-1709,1,tolerance_tightening,design_review,mech_b,2025-02-09
CHG-07732,P-1709,2,dimension_update,supplier_issue,mech_b,2024-09-28
CHG-07733,P-1709,3,dimension_update,supplier_issue,mech_b,2025-09-11
CHG-07734,P-1710,1,feature_remove,design_review,mech_a,2023-06-09
CHG-07735,P-1710,2,feature_add,cost_reduction,mech_a,2024-02-06
CHG-07736,P-1710,3,tolerance_tightening,test_failure,mech_a,2023-08-02
CHG-07737,P-1710,4,feature_add,test_failure,mech_a,2023-05-12
CHG-07738,P-1710,5,tolerance_tightening,test_failure,mech_a,2024-01-13
CHG-07739,P-1711,1,dimension_update,customer_request,elec_a,2025-02-06
CHG-07740,P-1711,2,feature_add,design_review,elec_a,2024-05-11
CHG-07741,P-1711,3,dimension_update,test_failure,elec_a,2025-06-21
CHG-07742,P-1711,4,feature_add,customer_request,elec_a,2024-11-07
CHG-07743,P-1711,5,dimension_update,test_failure,elec_a,2024-05-11
CHG-07744,P-1712,1,drawing_note,cost_reduction,mech_a,2025-05-10
CHG-07745,P-1713,1,dimension_update,customer_request,hw_integration,2023-11-07
CHG-07746,P-1713,2,material_change,cost_reduction,hw_integration,2024-04-08
CHG-07747,P-1713,3,feature_add,test_failure,hw_integration,2024-04-30
CHG-07748,P-1713,4,drawing_note,supplier_issue,hw_integration,2024-06-29
CHG-07749,P-1714,1,material_change,cost_reduction,elec_a,2026-04-06
CHG-07750,P-1714,2,drawing_note,supplier_issue,elec_a,2025-07-09
CHG-07751,P-1714,3,material_change,supplier_issue,elec_a,2026-09-03
CHG-07752,P-1714,4,drawing_note,customer_request,elec_a,2026-07-30
CHG-07753,P-1714,5,tolerance_tightening,supplier_issue,elec_a,2025-09-02
CHG-07754,P-1714,6,dimension_update,design_review,elec_a,2026-09-07
CHG-07755,P-1715,1,material_change,design_review,mech_a,2023-06-28
CHG-07756,P-1715,2,drawing_note,customer_request,mech_a,2023-03-28
CHG-07757,P-1715,3,drawing_note,test_failure,mech_a,2022-12-17
CHG-07758,P-1716,1,feature_remove,customer_request,elec_a,2022-11-16
CHG-07759,P-1716,2,dimension_update,supplier_issue,elec_a,2024-01-11
CHG-07760,P-1716,3,material_change,customer_request,elec_a,2022-12-06
CHG-07761,P-1716,4,material_change,customer_request,elec_a,2023-12-17
CHG-07762,P-1716,5,tolerance_tightening,test_failure,elec_a,2023-06-06
CHG-07763,P-1716,6,feature_add,test_failure,elec_a,2023-04-02
CHG-07764,P-1717,1,drawing_note,design_review,mech_b,2023-01-28
CHG-07765,P-1717,2,feature_add,customer_request,mech_b,2023-11-07
CHG-07766,P-1717,3,material_change,test_failure,mech_b,2023-06-14
CHG-07767,P-1717,4,feature_remove,test_failure,mech_b,2024-01-28
CHG-07768,P-1717,5,feature_add,cost_reduction,mech_b,2023-02-26
CHG-07769,P-1718,1,tolerance_tightening,customer_request,elec_a,2026-05-14
CHG-07770,P-1718,2,drawing_note,design_review,elec_a,2025-07-11
CHG-07771,P-1719,1,dimension_update,cost_reduction,mech_a,2024-05-29
CHG-07772,P-1719,2,tolerance_tightening,test_failure,mech_a,2024-10-13
CHG-07773,P-1719,3,feature_remove,test_failure,mech_a,2025-01-08
CHG-07774,P-1720,1,dimension_update,test_failure,elec_a,2024-02-07
CHG-07775,P-1720,2,drawing_note,test_failure,elec_a,2024-02-19
CHG-07776,P-1720,3,tolerance_tightening,design_review,elec_a,2023-06-27
CHG-07777,P-1720,4,material_change,supplier_issue,elec_a,2023-12-09
CHG-07778,P-1721,1,feature_remove,test_failure,mech_a,2026-09-15
CHG-07779,P-1721,2,drawing_note,design_review,mech_a,2026-02-14
CHG-07780,P-1721,3,feature_remove,test_failure,mech_a,2026-03-02
CHG-07781,P-1722,1,feature_remove,design_review,mech_a,2024-03-01
CHG-07782,P-1722,2,tolerance_tightening,test_failure,mech_a,2023-07-11
CHG-07783,P-1722,3,tolerance_tightening,customer_request,mech_a,2024-10-11
CHG-07784,P-1722,4,material_change,design_review,mech_a,2024-10-12
CHG-07785,P-1722,5,drawing_note,design_review,mech_a,2023-08-26
CHG-07786,P-1722,6,feature_remove,customer_request,mech_a,2024-06-13
CHG-07787,P-1722,7,drawing_note,supplier_issue,mech_a,2023-12-31
CHG-07788,P-1723,1,dimension_update,supplier_issue,elec_a,2023-04-29
CHG-07789,P-1723,2,drawing_note,supplier_issue,elec_a,2023-05-30
CHG-07790,P-1723,3,feature_add,test_failure,elec_a,2022-12-18
CHG-07791,P-1723,4,tolerance_tightening,test_failure,elec_a,2023-01-05
CHG-07792,P-1723,5,feature_remove,supplier_issue,elec_a,2023-11-30
CHG-07793,P-1724,1,material_change,design_review,elec_a,2025-11-17
CHG-07794,P-1724,2,dimension_update,design_review,elec_a,2025-03-26
CHG-07795,P-1725,1,drawing_note,design_review,mech_b,2022-12-30
CHG-07796,P-1725,2,drawing_note,test_failure,mech_b,2023-02-24
CHG-07797,P-1725,3,tolerance_tightening,cost_reduction,mech_b,2023-11-20
CHG-07798,P-1725,4,material_change,customer_request,mech_b,2022-09-24
CHG-07799,P-1725,5,feature_add,design_review,mech_b,2023-05-23
CHG-07800,P-1725,6,drawing_note,design_review,mech_b,2022-11-22
CHG-07801,P-1726,1,feature_add,test_failure,mech_a,2026-08-04
CHG-07802,P-1726,2,feature_add,design_review,mech_a,2026-05-08
CHG-07803,P-1727,1,drawing_note,test_failure,mech_b,2023-03-30
CHG-07804,P-1727,2,material_change,customer_request,mech_b,2022-08-21
CHG-07805,P-1727,3,feature_remove,cost_reduction,mech_b,2023-04-05
CHG-07806,P-1727,4,feature_add,supplier_issue,mech_b,2022-06-10
CHG-07807,P-1728,1,dimension_update,test_failure,hw_integration,2024-09-09
CHG-07808,P-1728,2,feature_remove,design_review,hw_integration,2024-07-24
CHG-07809,P-1728,3,drawing_note,design_review,hw_integration,2025-02-02
CHG-07810,P-1729,1,tolerance_tightening,supplier_issue,elec_a,2024-05-07
CHG-07811,P-1729,2,dimension_update,test_failure,elec_a,2025-03-02
CHG-07812,P-1729,3,material_change,design_review,elec_a,2025-05-27
CHG-07813,P-1729,4,feature_remove,test_failure,elec_a,2024-12-19
CHG-07814,P-1729,5,tolerance_tightening,design_review,elec_a,2024-10-09
CHG-07815,P-1730,1,feature_add,design_review,mech_a,2025-09-07
CHG-07816,P-1730,2,dimension_update,supplier_issue,mech_a,2026-01-15
CHG-07817,P-1730,3,drawing_note,design_review,mech_a,2025-05-25
CHG-07818,P-1730,4,tolerance_tightening,design_review,mech_a,2026-05-01
CHG-07819,P-1730,5,dimension_update,customer_request,mech_a,2025-07-12
CHG-07820,P-1730,6,tolerance_tightening,supplier_issue,mech_a,2025-07-25
CHG-07821,P-1730,7,material_change,test_failure,mech_a,2026-06-08
CHG-07822,P-1731,1,tolerance_tightening,supplier_issue,hw_integration,2025-09-12
CHG-07823,P-1731,2,material_change,design_review,hw_integration,2026-06-13
CHG-07824,P-1731,3,drawing_note,design_review,hw_integration,2026-07-21
CHG-07825,P-1731,4,feature_remove,test_failure,hw_integration,2025-07-31
CHG-07826,P-1731,5,feature_add,test_failure,hw_integration,2025-11-04
CHG-07827,P-1731,6,feature_add,test_failure,hw_integration,2025-11-08
CHG-07828,P-1732,1,dimension_update,customer_request,mech_b,2026-01-15
CHG-07829,P-1732,2,tolerance_tightening,design_review,mech_b,2025-04-16
CHG-07830,P-1732,3,feature_remove,design_review,mech_b,2026-01-19
CHG-07831,P-1732,4,material_change,design_review,mech_b,2026-02-16
CHG-07832,P-1732,5,tolerance_tightening,design_review,mech_b,2025-01-24
CHG-07833,P-1733,1,dimension_update,cost_reduction,elec_a,2026-06-18
CHG-07834,P-1734,1,dimension_update,test_failure,mech_a,2026-04-27
CHG-07835,P-1734,2,feature_remove,supplier_issue,mech_a,2025-12-27
CHG-07836,P-1735,1,material_change,customer_request,mech_b,2024-08-28
CHG-07837,P-1735,2,tolerance_tightening,supplier_issue,mech_b,2023-12-21
CHG-07838,P-1736,1,drawing_note,design_review,hw_integration,2025-08-17
CHG-07839,P-1736,2,feature_add,customer_request,hw_integration,2025-06-16
CHG-07840,P-1736,3,tolerance_tightening,customer_request,hw_integration,2026-03-03
CHG-07841,P-1737,1,feature_remove,supplier_issue,mech_b,2025-08-08
CHG-07842,P-1737,2,drawing_note,test_failure,mech_b,2025-09-11
CHG-07843,P-1737,3,drawing_note,test_failure,mech_b,2025-10-09
CHG-07844,P-1737,4,feature_add,test_failure,mech_b,2025-09-25
CHG-07845,P-1737,5,dimension_update,design_review,mech_b,2025-08-24
CHG-07846,P-1738,1,material_change,design_review,mech_a,2024-03-02
CHG-07847,P-1738,2,feature_add,customer_request,mech_a,2024-09-02
CHG-07848,P-1738,3,tolerance_tightening,design_review,mech_a,2024-04-27
CHG-07849,P-1738,4,drawing_note,customer_request,mech_a,2023-10-02
CHG-07850,P-1738,5,feature_add,design_review,mech_a,2023-06-07
CHG-07851,P-1739,1,dimension_update,cost_reduction,mech_a,2025-02-23
CHG-07852,P-1739,2,tolerance_tightening,customer_request,mech_a,2025-10-26
CHG-07853,P-1739,3,feature_remove,customer_request,mech_a,2025-09-01
CHG-07854,P-1739,4,material_change,test_failure,mech_a,2025-11-23
CHG-07855,P-1739,5,feature_add,customer_request,mech_a,2025-07-31
CHG-07856,P-1739,6,tolerance_tightening,test_failure,mech_a,2025-12-18
CHG-07857,P-1740,1,tolerance_tightening,design_review,hw_integration,2023-01-07
CHG-07858,P-1740,2,material_change,test_failure,hw_integration,2022-09-24
CHG-07859,P-1740,3,tolerance_tightening,design_review,hw_integration,2022-09-07
CHG-07860,P-1740,4,feature_add,design_review,hw_integration,2022-12-30
CHG-07861,P-1740,5,feature_remove,test_failure,hw_integration,2022-02-21
CHG-07862,P-1740,6,dimension_update,supplier_issue,hw_integration,2022-02-28
CHG-07863,P-1741,1,feature_add,supplier_issue,hw_integration,2022-05-24
CHG-07864,P-1741,2,dimension_update,design_review,hw_integration,2023-09-10
CHG-07865,P-1741,3,feature_add,design_review,hw_integration,2022-07-20
CHG-07866,P-1741,4,dimension_update,cost_reduction,hw_integration,2023-03-13
CHG-07867,P-1741,5,material_change,test_failure,hw_integration,2022-12-18
CHG-07868,P-1741,6,dimension_update,design_review,hw_integration,2022-08-17
CHG-07869,P-1742,1,dimension_update,design_review,mech_a,2023-08-10
CHG-07870,P-1742,2,drawing_note,test_failure,mech_a,2022-11-14
CHG-07871,P-1742,3,material_change,supplier_issue,mech_a,2023-06-11
CHG-07872,P-1742,4,dimension_update,customer_request,mech_a,2022-12-19
CHG-07873,P-1742,5,dimension_update,supplier_issue,mech_a,2023-09-20
CHG-07874,P-1743,1,drawing_note,design_review,hw_integration,2024-11-30
CHG-07875,P-1743,2,material_change,test_failure,hw_integration,2025-02-27
CHG-07876,P-1743,3,dimension_update,design_review,hw_integration,2024-07-07
CHG-07877,P-1743,4,drawing_note,customer_request,hw_integration,2025-01-04
CHG-07878,P-1743,5,feature_add,supplier_issue,hw_integration,2024-06-25
CHG-07879,P-1744,1,feature_remove,test_failure,hw_integration,2022-04-17
CHG-07880,P-1744,2,material_change,supplier_issue,hw_integration,2023-03-06
CHG-07881,P-1744,3,dimension_update,customer_request,hw_integration,2023-02-02
CHG-07882,P-1744,4,dimension_update,design_review,hw_integration,2022-07-19
CHG-07883,P-1745,1,dimension_update,customer_request,mech_b,2023-12-01
CHG-07884,P-1745,2,tolerance_tightening,test_failure,mech_b,2023-09-13
CHG-07885,P-1745,3,drawing_note,test_failure,mech_b,2024-01-09
CHG-07886,P-1745,4,tolerance_tightening,design_review,mech_b,2023-09-06
CHG-07887,P-1745,5,tolerance_tightening,supplier_issue,mech_b,2023-07-29
CHG-07888,P-1746,1,feature_remove,supplier_issue,elec_a,2023-02-09
CHG-07889,P-1746,2,drawing_note,cost_reduction,elec_a,2022-11-09
CHG-07890,P-1746,3,drawing_note,design_review,elec_a,2023-03-26
CHG-07891,P-1746,4,feature_remove,customer_request,elec_a,2023-05-22
CHG-07892,P-1746,5,feature_add,design_review,elec_a,2023-03-02
CHG-07893,P-1746,6,feature_add,customer_request,elec_a,2023-01-28
CHG-07894,P-1746,7,tolerance_tightening,customer_request,elec_a,2023-06-10
CHG-07895,P-1747,1,dimension_update,test_failure,mech_b,2022-12-09
CHG-07896,P-1747,2,tolerance_tightening,design_review,mech_b,2023-11-09
CHG-07897,P-1747,3,tolerance_tightening,test_failure,mech_b,2024-01-19
CHG-07898,P-1747,4,material_change,test_failure,mech_b,2023-05-20
CHG-07899,P-1747,5,feature_add,test_failure,mech_b,2023-09-20
CHG-07900,P-1747,6,tolerance_tightening,customer_request,mech_b,2024-01-12
CHG-07901,P-1748,1,material_change,design_review,mech_a,2023-01-24
CHG-07902,P-1748,2,drawing_note,design_review,mech_a,2023-03-22
CHG-07903,P-1748,3,feature_remove,test_failure,mech_a,2022-06-26
CHG-07904,P-1748,4,feature_remove,design_review,mech_a,2023-05-30
CHG-07905,P-1748,5,feature_remove,design_review,mech_a,2022-10-20
CHG-07906,P-1749,1,material_change,test_failure,elec_a,2023-11-27
CHG-07907,P-1749,2,dimension_update,cost_reduction,elec_a,2023-06-29
CHG-07908,P-1749,3,dimension_update,supplier_issue,elec_a,2023-09-03
CHG-07909,P-1749,4,dimension_update,design_review,elec_a,2023-07-28
CHG-07910,P-1749,5,tolerance_tightening,test_failure,elec_a,2024-02-19
CHG-07911,P-1749,6,dimension_update,design_review,elec_a,2023-12-15
CHG-07912,P-1750,1,dimension_update,customer_request,mech_a,2024-01-15
CHG-07913,P-1750,2,material_change,design_review,mech_a,2023-01-22
CHG-07914,P-1750,3,feature_remove,supplier_issue,mech_a,2023-06-07
CHG-07915,P-1750,4,tolerance_tightening,design_review,mech_a,2023-05-11
CHG-07916,P-1750,5,dimension_update,supplier_issue,mech_a,2023-10-10
CHG-07917,P-1751,1,tolerance_tightening,supplier_issue,mech_b,2025-01-18
CHG-07918,P-1751,2,dimension_update,test_failure,mech_b,2024-10-02
CHG-07919,P-1751,3,feature_add,supplier_issue,mech_b,2025-10-12
CHG-07920,P-1751,4,material_change,test_failure,mech_b,2025-05-15
CHG-07921,P-1752,1,feature_add,design_review,mech_b,2025-04-15
CHG-07922,P-1752,2,tolerance_tightening,customer_request,mech_b,2025-04-06
CHG-07923,P-1752,3,feature_add,customer_request,mech_b,2024-10-10
CHG-07924,P-1753,1,dimension_update,design_review,mech_a,2023-10-31
CHG-07925,P-1753,2,tolerance_tightening,supplier_issue,mech_a,2023-05-29
CHG-07926,P-1753,3,drawing_note,test_failure,mech_a,2023-03-07
CHG-07927,P-1753,4,dimension_update,design_review,mech_a,2023-03-25
CHG-07928,P-1753,5,tolerance_tightening,supplier_issue,mech_a,2024-03-12
CHG-07929,P-1753,6,feature_add,customer_request,mech_a,2024-04-03
CHG-07930,P-1754,1,drawing_note,design_review,hw_integration,2023-03-25
CHG-07931,P-1755,1,feature_add,cost_reduction,elec_a,2024-11-08
CHG-07932,P-1755,2,feature_add,test_failure,elec_a,2024-08-17
CHG-07933,P-1755,3,material_change,customer_request,elec_a,2024-08-04
CHG-07934,P-1755,4,feature_add,cost_reduction,elec_a,2024-04-19
CHG-07935,P-1756,1,feature_remove,test_failure,hw_integration,2023-06-12
CHG-07936,P-1756,2,tolerance_tightening,test_failure,hw_integration,2023-11-02
CHG-07937,P-1756,3,material_change,test_failure,hw_integration,2023-07-25
CHG-07938,P-1757,1,tolerance_tightening,design_review,elec_a,2024-06-09
CHG-07939,P-1757,2,feature_remove,cost_reduction,elec_a,2025-03-14
CHG-07940,P-1757,3,material_change,customer_request,elec_a,2024-09-07
CHG-07941,P-1757,4,drawing_note,supplier_issue,elec_a,2024-07-24
CHG-07942,P-1757,5,feature_remove,test_failure,elec_a,2024-08-12
CHG-07943,P-1757,6,material_change,design_review,elec_a,2025-06-12
CHG-07944,P-1758,1,feature_remove,customer_request,mech_a,2023-01-13
CHG-07945,P-1758,2,material_change,test_failure,mech_a,2024-02-10
CHG-07946,P-1758,3,feature_add,customer_request,mech_a,2023-07-21
CHG-07947,P-1758,4,dimension_update,design_review,mech_a,2023-10-21
CHG-07948,P-1758,5,feature_add,supplier_issue,mech_a,2024-01-31
CHG-07949,P-1759,1,dimension_update,design_review,mech_b,2026-05-09
CHG-07950,P-1759,2,feature_remove,design_review,mech_b,2026-08-30
CHG-07951,P-1759,3,drawing_note,cost_reduction,mech_b,2025-10-10
CHG-07952,P-1760,1,drawing_note,test_failure,mech_b,2022-10-14
CHG-07953,P-1760,2,feature_add,supplier_issue,mech_b,2022-06-09
CHG-07954,P-1760,3,feature_remove,supplier_issue,mech_b,2023-09-04
CHG-07955,P-1761,1,tolerance_tightening,customer_request,hw_integration,2026-03-30
CHG-07956,P-1761,2,drawing_note,customer_request,hw_integration,2025-11-10
CHG-07957,P-1761,3,dimension_update,design_review,hw_integration,2025-02-13
CHG-07958,P-1761,4,feature_add,design_review,hw_integration,2025-02-22
CHG-07959,P-1761,5,feature_add,cost_reduction,hw_integration,2025-03-07
CHG-07960,P-1762,1,material_change,cost_reduction,mech_a,2024-10-25
CHG-07961,P-1762,2,tolerance_tightening,supplier_issue,mech_a,2025-01-19
CHG-07962,P-1762,3,feature_remove,design_review,mech_a,2024-07-13
CHG-07963,P-1762,4,material_change,supplier_issue,mech_a,2025-06-06
CHG-07964,P-1762,5,dimension_update,design_review,mech_a,2025-06-27
CHG-07965,P-1763,1,material_change,design_review,elec_a,2025-03-02
CHG-07966,P-1763,2,feature_add,supplier_issue,elec_a,2024-10-01
CHG-07967,P-1763,3,tolerance_tightening,design_review,elec_a,2024-06-28
CHG-07968,P-1763,4,dimension_update,design_review,elec_a,2024-09-13
CHG-07969,P-1763,5,dimension_update,customer_request,elec_a,2025-05-12
CHG-07970,P-1764,1,feature_remove,cost_reduction,mech_a,2025-06-25
CHG-07971,P-1764,2,material_change,supplier_issue,mech_a,2026-06-25
CHG-07972,P-1764,3,feature_add,test_failure,mech_a,2025-06-19
CHG-07973,P-1764,4,feature_add,design_review,mech_a,2025-03-14
CHG-07974,P-1765,1,feature_remove,cost_reduction,hw_integration,2024-09-16
CHG-07975,P-1765,2,material_change,cost_reduction,hw_integration,2024-08-17
CHG-07976,P-1765,3,feature_add,test_failure,hw_integration,2023-12-05
CHG-07977,P-1765,4,material_change,customer_request,hw_integration,2023-11-07
CHG-07978,P-1765,5,material_change,design_review,hw_integration,2024-11-13
CHG-07979,P-1765,6,dimension_update,supplier_issue,hw_integration,2024-01-22
CHG-07980,P-1765,7,drawing_note,design_review,hw_integration,2024-03-28
CHG-07981,P-1765,8,dimension_update,customer_request,hw_integration,2024-03-26
CHG-07982,P-1765,9,feature_add,customer_request,hw_integration,2024-05-23
CHG-07983,P-1765,10,feature_remove,cost_reduction,hw_integration,2024-11-13
CHG-07984,P-1765,11,tolerance_tightening,design_review,hw_integration,2023-11-28
CHG-07985,P-1766,1,dimension_update,test_failure,elec_a,2024-12-28
CHG-07986,P-1766,2,tolerance_tightening,design_review,elec_a,2025-03-16
CHG-07987,P-1766,3,feature_remove,test_failure,elec_a,2025-05-02
CHG-07988,P-1767,1,feature_remove,design_review,mech_b,2025-03-03
CHG-07989,P-1767,2,feature_add,test_failure,mech_b,2024-08-06
CHG-07990,P-1767,3,dimension_update,test_failure,mech_b,2025-02-26
CHG-07991,P-1767,4,tolerance_tightening,cost_reduction,mech_b,2025-01-02
CHG-07992,P-1768,1,drawing_note,design_review,mech_b,2025-07-12
CHG-07993,P-1768,2,material_change,supplier_issue,mech_b,2025-02-04
CHG-07994,P-1768,3,drawing_note,design_review,mech_b,2024-05-30
CHG-07995,P-1768,4,feature_add,test_failure,mech_b,2024-10-06
CHG-07996,P-1769,1,tolerance_tightening,customer_request,mech_b,2024-03-01
CHG-07997,P-1769,2,material_change,customer_request,mech_b,2025-02-24
CHG-07998,P-1769,3,drawing_note,design_review,mech_b,2024-10-28
CHG-07999,P-1770,1,feature_remove,design_review,mech_a,2026-10-20
CHG-08000,P-1770,2,material_change,cost_reduction,mech_a,2026-02-14
CHG-08001,P-1770,3,feature_remove,cost_reduction,mech_a,2026-06-10
CHG-08002,P-1770,4,material_change,design_review,mech_a,2025-11-29
CHG-08003,P-1770,5,feature_remove,test_failure,mech_a,2026-05-12
CHG-08004,P-1770,6,material_change,test_failure,mech_a,2026-04-27
CHG-08005,P-1770,7,drawing_note,customer_request,mech_a,2026-01-23
CHG-08006,P-1770,8,tolerance_tightening,supplier_issue,mech_a,2026-04-24
CHG-08007,P-1771,1,drawing_note,design_review,elec_a,2023-02-28
CHG-08008,P-1771,2,feature_remove,test_failure,elec_a,2024-02-28
CHG-08009,P-1771,3,feature_add,cost_reduction,elec_a,2023-12-30
CHG-08010,P-1771,4,drawing_note,test_failure,elec_a,2023-09-26
CHG-08011,P-1771,5,feature_remove,test_failure,elec_a,2024-05-21
CHG-08012,P-1771,6,feature_add,customer_request,elec_a,2023-05-13
CHG-08013,P-1772,1,drawing_note,cost_reduction,hw_integration,2025-07-09
CHG-08014,P-1772,2,material_change,cost_reduction,hw_integration,2024-11-25
CHG-08015,P-1772,3,material_change,test_failure,hw_integration,2025-06-05
CHG-08016,P-1772,4,dimension_update,test_failure,hw_integration,2025-11-21
CHG-08017,P-1773,1,material_change,cost_reduction,mech_a,2023-08-12
CHG-08018,P-1773,2,material_change,cost_reduction,mech_a,2023-12-05
CHG-08019,P-1773,3,drawing_note,cost_reduction,mech_a,2022-10-11
CHG-08020,P-1773,4,feature_add,customer_request,mech_a,2023-05-19
CHG-08021,P-1773,5,tolerance_tightening,design_review,mech_a,2022-08-16
CHG-08022,P-1773,6,feature_remove,cost_reduction,mech_a,2023-03-30
CHG-08023,P-1774,1,material_change,design_review,elec_a,2022-09-21
CHG-08024,P-1774,2,dimension_update,test_failure,elec_a,2022-04-22
CHG-08025,P-1774,3,tolerance_tightening,test_failure,elec_a,2023-04-02
CHG-08026,P-1774,4,feature_add,design_review,elec_a,2022-05-26
CHG-08027,P-1774,5,tolerance_tightening,test_failure,elec_a,2022-08-23
CHG-08028,P-1774,6,dimension_update,customer_request,elec_a,2023-04-25
CHG-08029,P-1774,7,material_change,test_failure,elec_a,2022-12-26
CHG-08030,P-1775,1,material_change,test_failure,elec_a,2024-12-10
CHG-08031,P-1775,2,feature_add,test_failure,elec_a,2025-06-21
CHG-08032,P-1775,3,material_change,cost_reduction,elec_a,2025-03-04
CHG-08033,P-1775,4,feature_add,test_failure,elec_a,2025-07-30
CHG-08034,P-1775,5,feature_add,test_failure,elec_a,2024-08-22
CHG-08035,P-1776,1,drawing_note,design_review,hw_integration,2023-12-15
CHG-08036,P-1776,2,drawing_note,supplier_issue,hw_integration,2023-01-20
CHG-08037,P-1776,3,tolerance_tightening,supplier_issue,hw_integration,2023-05-24
CHG-08038,P-1777,1,drawing_note,design_review,hw_integration,2022-02-16
CHG-08039,P-1777,2,dimension_update,design_review,hw_integration,2023-04-27
CHG-08040,P-1778,1,drawing_note,test_failure,mech_a,2025-04-23
CHG-08041,P-1778,2,dimension_update,supplier_issue,mech_a,2024-07-29
CHG-08042,P-1778,3,material_change,customer_request,mech_a,2025-04-16
CHG-08043,P-1778,4,feature_add,supplier_issue,mech_a,2024-10-09
CHG-08044,P-1779,1,material_change,customer_request,mech_a,2024-11-08
CHG-08045,P-1779,2,drawing_note,supplier_issue,mech_a,2024-08-20
CHG-08046,P-1779,3,feature_add,supplier_issue,mech_a,2024-09-07
CHG-08047,P-1779,4,feature_add,test_failure,mech_a,2025-01-23
CHG-08048,P-1779,5,feature_remove,customer_request,mech_a,2024-11-23
CHG-08049,P-1780,1,dimension_update,test_failure,hw_integration,2024-08-27
CHG-08050,P-1780,2,dimension_update,design_review,hw_integration,2025-01-18
CHG-08051,P-1780,3,material_change,design_review,hw_integration,2024-11-26
CHG-08052,P-1780,4,material_change,design_review,hw_integration,2024-12-06
CHG-08053,P-1780,5,feature_remove,customer_request,hw_integration,2024-09-22
CHG-08054,P-1780,6,feature_add,design_review,hw_integration,2024-03-29
CHG-08055,P-1781,1,tolerance_tightening,supplier_issue,mech_a,2023-12-29
CHG-08056,P-1781,2,drawing_note,supplier_issue,mech_a,2023-11-20
CHG-08057,P-1781,3,drawing_note,design_review,mech_a,2023-10-29
CHG-08058,P-1781,4,material_change,customer_request,mech_a,2023-10-11
CHG-08059,P-1782,1,feature_remove,test_failure,elec_a,2025-07-12
CHG-08060,P-1782,2,dimension_update,test_failure,elec_a,2026-03-16
CHG-08061,P-1782,3,feature_remove,supplier_issue,elec_a,2026-02-24
CHG-08062,P-1783,1,material_change,design_review,hw_integration,2023-04-21
CHG-08063,P-1784,1,drawing_note,test_failure,elec_a,2022-07-30
CHG-08064,P-1784,2,feature_remove,supplier_issue,elec_a,2023-04-09
CHG-08065,P-1784,3,tolerance_tightening,customer_request,elec_a,2023-02-28
CHG-08066,P-1784,4,feature_add,customer_request,elec_a,2022-10-04
CHG-08067,P-1784,5,material_change,cost_reduction,elec_a,2023-07-02
CHG-08068,P-1784,6,material_change,design_review,elec_a,2023-06-04
CHG-08069,P-1784,7,feature_remove,cost_reduction,elec_a,2023-08-01
CHG-08070,P-1784,8,feature_add,customer_request,elec_a,2023-08-01
CHG-08071,P-1784,9,feature_add,customer_request,elec_a,2022-08-22
CHG-08072,P-1785,1,drawing_note,customer_request,mech_a,2023-06-29
CHG-08073,P-1785,2,feature_add,cost_reduction,mech_a,2024-01-17
CHG-08074,P-1785,3,feature_add,test_failure,mech_a,2023-10-27
CHG-08075,P-1785,4,drawing_note,design_review,mech_a,2023-05-18
CHG-08076,P-1785,5,drawing_note,test_failure,mech_a,2023-09-15
CHG-08077,P-1785,6,material_change,test_failure,mech_a,2024-01-17
CHG-08078,P-1785,7,feature_add,design_review,mech_a,2024-03-05
CHG-08079,P-1786,1,tolerance_tightening,cost_reduction,mech_a,2025-12-20
CHG-08080,P-1786,2,tolerance_tightening,design_review,mech_a,2025-08-23
CHG-08081,P-1786,3,drawing_note,design_review,mech_a,2025-08-25
CHG-08082,P-1786,4,feature_add,test_failure,mech_a,2026-06-21
CHG-08083,P-1786,5,tolerance_tightening,cost_reduction,mech_a,2026-06-23
CHG-08084,P-1786,6,feature_add,customer_request,mech_a,2025-10-06
CHG-08085,P-1787,1,feature_remove,design_review,elec_a,2024-08-20
CHG-08086,P-1787,2,feature_add,test_failure,elec_a,2025-02-16
CHG-08087,P-1787,3,tolerance_tightening,test_failure,elec_a,2024-08-28
CHG-08088,P-1787,4,tolerance_tightening,test_failure,elec_a,2025-07-24
CHG-08089,P-1788,1,material_change,cost_reduction,hw_integration,2024-07-19
CHG-08090,P-1788,2,feature_remove,design_review,hw_integration,2024-01-04
CHG-08091,P-1788,3,feature_remove,test_failure,hw_integration,2024-06-25
CHG-08092,P-1788,4,dimension_update,supplier_issue,hw_integration,2024-07-28
CHG-08093,P-1788,5,dimension_update,supplier_issue,hw_integration,2024-03-06
CHG-08094,P-1788,6,drawing_note,test_failure,hw_integration,2024-06-24
CHG-08095,P-1789,1,feature_add,supplier_issue,mech_b,2025-06-30
CHG-08096,P-1789,2,feature_add,cost_reduction,mech_b,2026-02-12
CHG-08097,P-1789,3,tolerance_tightening,customer_request,mech_b,2025-09-12
CHG-08098,P-1789,4,drawing_note,test_failure,mech_b,2026-08-09
CHG-08099,P-1789,5,drawing_note,test_failure,mech_b,2026-02-14
CHG-08100,P-1789,6,drawing_note,customer_request,mech_b,2026-08-05
CHG-08101,P-1790,1,dimension_update,supplier_issue,elec_a,2025-09-10
CHG-08102,P-1790,2,tolerance_tightening,supplier_issue,elec_a,2025-09-19
CHG-08103,P-1790,3,dimension_update,test_failure,elec_a,2025-10-16
CHG-08104,P-1790,4,material_change,cost_reduction,elec_a,2025-09-25
CHG-08105,P-1790,5,material_change,supplier_issue,elec_a,2026-01-14
CHG-08106,P-1791,1,feature_remove,cost_reduction,hw_integration,2023-05-19
CHG-08107,P-1791,2,feature_add,design_review,hw_integration,2022-11-01
CHG-08108,P-1791,3,tolerance_tightening,supplier_issue,hw_integration,2023-05-17
CHG-08109,P-1791,4,material_change,cost_reduction,hw_integration,2023-06-09
CHG-08110,P-1792,1,dimension_update,supplier_issue,hw_integration,2024-04-22
CHG-08111,P-1792,2,feature_remove,test_failure,hw_integration,2024-10-20
CHG-08112,P-1793,1,feature_remove,customer_request,elec_a,2025-10-14
CHG-08113,P-1793,2,dimension_update,customer_request,elec_a,2026-08-12
CHG-08114,P-1793,3,feature_add,test_failure,elec_a,2026-04-24
CHG-08115,P-1794,1,feature_remove,supplier_issue,elec_a,2023-09-23
CHG-08116,P-1794,2,drawing_note,design_review,elec_a,2023-03-19
CHG-08117,P-1794,3,feature_remove,supplier_issue,elec_a,2023-02-23
CHG-08118,P-1794,4,tolerance_tightening,customer_request,elec_a,2023-06-04
CHG-08119,P-1794,5,tolerance_tightening,supplier_issue,elec_a,2023-04-12
CHG-08120,P-1795,1,feature_add,cost_reduction,hw_integration,2023-06-08
CHG-08121,P-1795,2,drawing_note,cost_reduction,hw_integration,2023-10-02
CHG-08122,P-1795,3,dimension_update,cost_reduction,hw_integration,2023-08-26
CHG-08123,P-1795,4,drawing_note,design_review,hw_integration,2023-05-24
CHG-08124,P-1795,5,feature_add,supplier_issue,hw_integration,2022-09-14
CHG-08125,P-1795,6,feature_add,customer_request,hw_integration,2023-07-08
CHG-08126,P-1796,1,feature_remove,design_review,hw_integration,2023-06-18
CHG-08127,P-1796,2,material_change,customer_request,hw_integration,2023-06-15
CHG-08128,P-1796,3,dimension_update,supplier_issue,hw_integration,2023-05-12
CHG-08129,P-1796,4,material_change,design_review,hw_integration,2024-02-28
CHG-08130,P-1797,1,material_change,cost_reduction,mech_b,2026-02-11
CHG-08131,P-1797,2,tolerance_tightening,test_failure,mech_b,2026-08-01
CHG-08132,P-1797,3,tolerance_tightening,design_review,mech_b,2026-02-02
CHG-08134,P-1798,1,feature_add,supplier_issue,elec_a,2023-01-18
CHG-08135,P-1798,2,material_change,design_review,elec_a,2023-03-02
CHG-08136,P-1798,3,drawing_note,supplier_issue,elec_a,2023-11-18
CHG-08137,P-1799,1,drawing_note,cost_reduction,mech_b,2024-08-24
CHG-08138,P-1799,2,tolerance_tightening,supplier_issue,mech_b,2025-01-05
CHG-08139,P-1799,3,drawing_note,test_failure,mech_b,2024-04-15
CHG-08140,P-1800,1,feature_remove,customer_request,hw_integration,2023-02-23
CHG-08141,P-1800,2,tolerance_tightening,customer_request,hw_integration,2023-04-07
CHG-08142,P-1800,3,material_change,supplier_issue,hw_integration,2023-09-25
CHG-08143,P-1800,4,drawing_note,test_failure,hw_integration,2023-06-22
CHG-08144,P-1800,5,dimension_update,cost_reduction,hw_integration,2023-05-13
CHG-08145,P-1800,6,tolerance_tightening,test_failure,hw_integration,2023-12-08
CHG-08146,P-1800,7,drawing_note,supplier_issue,hw_integration,2023-07-16
CHG-08147,P-1801,1,tolerance_tightening,cost_reduction,mech_a,2025-10-22
CHG-08148,P-1801,2,dimension_update,customer_request,mech_a,2025-05-17
CHG-08149,P-1801,3,feature_add,test_failure,mech_a,2024-10-25
CHG-08150,P-1801,4,tolerance_tightening,test_failure,mech_a,2025-01-26
CHG-08151,P-1802,1,feature_remove,test_failure,mech_a,2025-10-16
CHG-08152,P-1802,2,dimension_update,design_review,mech_a,2025-07-06
CHG-08153,P-1802,3,feature_add,customer_request,mech_a,2026-04-16
CHG-08154,P-1803,1,tolerance_tightening,design_review,mech_b,2022-06-16
CHG-08155,P-1804,1,dimension_update,cost_reduction,mech_a,2024-08-01
CHG-08156,P-1804,2,material_change,cost_reduction,mech_a,2024-06-03
CHG-08157,P-1804,3,feature_remove,design_review,mech_a,2024-04-23
CHG-08158,P-1804,4,drawing_note,cost_reduction,mech_a,2023-10-17
CHG-08159,P-1804,5,feature_remove,design_review,mech_a,2023-07-24
CHG-08160,P-1805,1,drawing_note,cost_reduction,elec_a,2024-03-27
CHG-08161,P-1805,2,dimension_update,test_failure,elec_a,2024-08-02
CHG-08162,P-1805,3,dimension_update,design_review,elec_a,2024-04-01
CHG-08163,P-1806,1,feature_add,test_failure,elec_a,2023-08-09
CHG-08164,P-1806,2,feature_add,design_review,elec_a,2023-10-01
CHG-08165,P-1806,3,tolerance_tightening,design_review,elec_a,2022-08-24
CHG-08166,P-1807,1,feature_remove,customer_request,hw_integration,2025-07-05
CHG-08167,P-1807,2,material_change,supplier_issue,hw_integration,2024-04-01
CHG-08168,P-1807,3,dimension_update,design_review,hw_integration,2025-02-28
CHG-08169,P-1807,4,dimension_update,design_review,hw_integration,2024-11-25
CHG-08170,P-1808,1,dimension_update,customer_request,elec_a,2024-02-25
CHG-08171,P-1808,2,feature_add,cost_reduction,elec_a,2024-06-01
CHG-08172,P-1808,3,tolerance_tightening,design_review,elec_a,2023-10-04
CHG-08173,P-1809,1,dimension_update,design_review,elec_a,2022-04-11
CHG-08174,P-1809,2,material_change,design_review,elec_a,2023-06-21
CHG-08175,P-1809,3,feature_remove,test_failure,elec_a,2022-06-07
CHG-08176,P-1809,4,feature_add,test_failure,elec_a,2022-09-01
CHG-08177,P-1809,5,material_change,design_review,elec_a,2022-11-19
CHG-08178,P-1809,6,feature_add,customer_request,elec_a,2023-06-04
CHG-08179,P-1809,7,feature_remove,customer_request,elec_a,2023-02-18
CHG-08180,P-1809,8,tolerance_tightening,cost_reduction,elec_a,2022-10-15
CHG-08181,P-1810,1,drawing_note,design_review,elec_a,2025-06-12
CHG-08182,P-1810,2,dimension_update,test_failure,elec_a,2025-04-03
CHG-08183,P-1810,3,material_change,test_failure,elec_a,2024-10-02
CHG-08184,P-1811,1,tolerance_tightening,customer_request,mech_a,2022-03-09
CHG-08185,P-1811,2,drawing_note,supplier_issue,mech_a,2023-05-05
CHG-08186,P-1811,3,material_change,test_failure,mech_a,2022-10-30
CHG-08187,P-1811,4,tolerance_tightening,supplier_issue,mech_a,2022-08-16
CHG-08188,P-1812,1,drawing_note,test_failure,elec_a,2023-08-07
CHG-08189,P-1812,2,material_change,design_review,elec_a,2023-01-22
CHG-08190,P-1812,3,material_change,customer_request,elec_a,2022-10-10
CHG-08191,P-1812,4,dimension_update,supplier_issue,elec_a,2023-06-29
CHG-08192,P-1812,5,tolerance_tightening,cost_reduction,elec_a,2022-09-22
CHG-08193,P-1813,1,material_change,test_failure,mech_a,2023-03-08
CHG-08194,P-1813,2,feature_add,design_review,mech_a,2023-03-24
CHG-08195,P-1813,3,feature_remove,cost_reduction,mech_a,2022-12-24
CHG-08196,P-1813,4,feature_add,test_failure,mech_a,2022-12-15
CHG-08197,P-1813,5,material_change,cost_reduction,mech_a,2023-09-26
CHG-08198,P-1814,1,tolerance_tightening,cost_reduction,elec_a,2023-04-15
CHG-08199,P-1814,2,feature_remove,design_review,elec_a,2022-08-30
CHG-08200,P-1814,3,tolerance_tightening,test_failure,elec_a,2022-09-01
CHG-08201,P-1815,1,drawing_note,supplier_issue,hw_integration,2024-05-07
CHG-08202,P-1815,2,feature_add,design_review,hw_integration,2023-12-08
CHG-08203,P-1816,1,feature_remove,customer_request,hw_integration,2025-09-07
CHG-08204,P-1816,2,feature_remove,design_review,hw_integration,2025-12-16
CHG-08205,P-1816,3,feature_remove,design_review,hw_integration,2026-05-27
CHG-08206,P-1817,1,feature_add,customer_request,elec_a,2023-07-17
CHG-08207,P-1817,2,feature_add,customer_request,elec_a,2023-09-16
CHG-08208,P-1817,3,drawing_note,design_review,elec_a,2023-08-23
CHG-08209,P-1817,4,feature_remove,cost_reduction,elec_a,2023-12-20
CHG-08210,P-1817,5,tolerance_tightening,customer_request,elec_a,2023-02-16
CHG-08211,P-1817,6,feature_remove,test_failure,elec_a,2024-03-29
CHG-08212,P-1817,7,material_change,design_review,elec_a,2023-12-31
CHG-08213,P-1817,8,material_change,supplier_issue,elec_a,2024-04-15
CHG-08214,P-1817,9,feature_add,design_review,elec_a,2023-09-03
CHG-08215,P-1818,1,drawing_note,customer_request,mech_b,2023-03-07
CHG-08216,P-1818,2,drawing_note,design_review,mech_b,2024-01-04
CHG-08217,P-1818,3,tolerance_tightening,customer_request,mech_b,2023-03-08
CHG-08218,P-1819,1,material_change,cost_reduction,hw_integration,2025-05-29
CHG-08219,P-1819,2,dimension_update,test_failure,hw_integration,2025-01-28
CHG-08220,P-1819,3,feature_add,test_failure,hw_integration,2025-05-05
CHG-08221,P-1819,4,feature_remove,customer_request,hw_integration,2025-05-23
CHG-08222,P-1820,1,feature_add,cost_reduction,hw_integration,2025-11-26
CHG-08223,P-1820,2,drawing_note,design_review,hw_integration,2026-04-20
CHG-08224,P-1820,3,feature_remove,test_failure,hw_integration,2025-11-13
CHG-08225,P-1820,4,material_change,cost_reduction,hw_integration,2025-09-09
CHG-08226,P-1820,5,feature_add,cost_reduction,hw_integration,2026-06-26
CHG-08227,P-1820,6,tolerance_tightening,cost_reduction,hw_integration,2026-02-19
CHG-08228,P-1820,7,drawing_note,design_review,hw_integration,2025-08-03
CHG-08229,P-1821,1,feature_add,test_failure,mech_b,2023-07-13
CHG-08230,P-1821,2,drawing_note,cost_reduction,mech_b,2023-03-14
CHG-08231,P-1821,3,tolerance_tightening,design_review,mech_b,2023-02-06
CHG-08232,P-1821,4,material_change,test_failure,mech_b,2023-11-23
CHG-08233,P-1822,1,drawing_note,design_review,mech_a,2023-05-27
CHG-08234,P-1822,2,feature_remove,cost_reduction,mech_a,2023-03-29
CHG-08235,P-1822,3,feature_add,design_review,mech_a,2022-08-25
CHG-08236,P-1822,4,feature_remove,supplier_issue,mech_a,2022-03-18
CHG-08237,P-1822,5,drawing_note,supplier_issue,mech_a,2023-04-29
CHG-08238,P-1822,6,material_change,test_failure,mech_a,2023-03-23
CHG-08239,P-1822,7,feature_add,design_review,mech_a,2022-07-11
CHG-08240,P-1822,8,tolerance_tightening,test_failure,mech_a,2023-04-14
CHG-08241,P-1822,9,drawing_note,test_failure,mech_a,2023-05-14
CHG-08242,P-1823,1,material_change,supplier_issue,elec_a,2025-08-02
CHG-08243,P-1823,2,feature_add,cost_reduction,elec_a,2025-02-15
CHG-08244,P-1823,3,dimension_update,design_review,elec_a,2025-10-27
CHG-08245,P-1824,1,drawing_note,design_review,elec_a,2025-01-09
CHG-08246,P-1824,2,dimension_update,supplier_issue,elec_a,2024-11-11
CHG-08247,P-1824,3,feature_remove,design_review,elec_a,2025-01-06
CHG-08248,P-1824,4,dimension_update,design_review,elec_a,2025-07-17
CHG-08249,P-1824,5,material_change,design_review,elec_a,2024-08-24
CHG-08250,P-1824,6,drawing_note,supplier_issue,elec_a,2024-08-29
CHG-08251,P-1824,7,tolerance_tightening,design_review,elec_a,2024-04-21
CHG-08252,P-1825,1,material_change,design_review,hw_integration,2025-12-17
CHG-08253,P-1825,2,tolerance_tightening,design_review,hw_integration,2026-07-20
CHG-08254,P-1825,3,material_change,cost_reduction,hw_integration,2025-09-30
CHG-08255,P-1825,4,tolerance_tightening,design_review,hw_integration,2026-05-15
CHG-08257,P-1826,2,drawing_note,design_review,hw_integration,2024-10-08
CHG-08258,P-1826,3,tolerance_tightening,design_review,hw_integration,2024-06-22
CHG-08259,P-1826,4,dimension_update,design_review,hw_integration,2024-12-26
CHG-08260,P-1826,5,dimension_update,customer_request,hw_integration,2024-05-14
CHG-08261,P-1826,6,tolerance_tightening,cost_reduction,hw_integration,2025-03-19
CHG-08262,P-1827,1,tolerance_tightening,supplier_issue,mech_a,2026-01-28
CHG-08263,P-1827,2,feature_remove,test_failure,mech_a,2026-05-18
CHG-08264,P-1827,3,feature_remove,cost_reduction,mech_a,2025-05-12
CHG-08265,P-1827,4,material_change,test_failure,mech_a,2025-11-30
CHG-08266,P-1827,5,material_change,test_failure,mech_a,2025-05-12
CHG-08267,P-1827,6,feature_remove,supplier_issue,mech_a,2025-10-27
CHG-08268,P-1827,7,tolerance_tightening,test_failure,mech_a,2025-05-05
CHG-08269,P-1828,1,feature_add,supplier_issue,mech_b,2023-04-02
CHG-08270,P-1828,2,tolerance_tightening,cost_reduction,mech_b,2023-05-19
CHG-08271,P-1828,3,feature_add,supplier_issue,mech_b,2023-05-27
CHG-08272,P-1829,1,feature_add,customer_request,hw_integration,2023-01-18
CHG-08273,P-1829,2,feature_remove,test_failure,hw_integration,2023-04-13
CHG-08274,P-1829,3,drawing_note,customer_request,hw_integration,2022-12-29
CHG-08275,P-1829,4,tolerance_tightening,cost_reduction,hw_integration,2023-07-08
CHG-08276,P-1829,5,drawing_note,design_review,hw_integration,2022-12-24
CHG-08277,P-1829,6,tolerance_tightening,test_failure,hw_integration,2023-11-25
CHG-08278,P-1829,7,feature_add,customer_request,hw_integration,2023-04-27
CHG-08279,P-1830,1,tolerance_tightening,cost_reduction,mech_b,2025-05-09
CHG-08280,P-1830,2,dimension_update,supplier_issue,mech_b,2025-04-11
CHG-08281,P-1830,3,material_change,design_review,mech_b,2025-02-07
CHG-08282,P-1831,1,dimension_update,test_failure,mech_b,2025-07-28
CHG-08283,P-1831,2,material_change,supplier_issue,mech_b,2025-04-14
CHG-08284,P-1831,3,drawing_note,design_review,mech_b,2025-09-24
CHG-08285,P-1831,4,feature_add,design_review,mech_b,2025-06-10
CHG-08286,P-1831,5,tolerance_tightening,design_review,mech_b,2024-09-25
CHG-08287,P-1831,6,material_change,customer_request,mech_b,2025-01-02
CHG-08288,P-1831,7,tolerance_tightening,design_review,mech_b,2025-02-05
CHG-08289,P-1831,8,material_change,cost_reduction,mech_b,2025-05-11
CHG-08290,P-1832,1,dimension_update,supplier_issue,mech_b,2024-08-19
CHG-08291,P-1832,2,feature_add,test_failure,mech_b,2024-01-18
CHG-08292,P-1833,1,feature_remove,cost_reduction,mech_b,2024-05-26
CHG-08293,P-1833,2,dimension_update,test_failure,mech_b,2024-06-20
CHG-08294,P-1833,3,material_change,customer_request,mech_b,2023-07-17
CHG-08295,P-1833,4,feature_remove,design_review,mech_b,2024-01-18
CHG-08296,P-1834,1,tolerance_tightening,customer_request,elec_a,2023-11-28
CHG-08297,P-1834,2,drawing_note,design_review,elec_a,2023-12-25
CHG-08298,P-1834,3,dimension_update,design_review,elec_a,2024-05-02
CHG-08299,P-1834,4,feature_add,test_failure,elec_a,2024-03-13
CHG-08300,P-1834,5,feature_remove,supplier_issue,elec_a,2024-05-18
CHG-08301,P-1835,1,material_change,customer_request,mech_b,2022-11-24
CHG-08302,P-1835,2,drawing_note,test_failure,mech_b,2022-10-04
CHG-08303,P-1835,3,feature_add,supplier_issue,mech_b,2022-09-24
CHG-08304,P-1835,4,feature_add,design_review,mech_b,2023-02-24
CHG-08305,P-1835,5,tolerance_tightening,design_review,mech_b,2022-11-16
CHG-08306,P-1835,6,feature_remove,cost_reduction,mech_b,2023-04-05
CHG-08307,P-1836,1,dimension_update,design_review,mech_b,2026-01-27
CHG-08308,P-1837,1,dimension_update,design_review,mech_b,2026-05-30
CHG-08309,P-1837,2,tolerance_tightening,cost_reduction,mech_b,2025-07-11
CHG-08310,P-1837,3,material_change,customer_request,mech_b,2025-06-04
CHG-08311,P-1837,4,tolerance_tightening,design_review,mech_b,2025-06-10
CHG-08312,P-1837,5,tolerance_tightening,supplier_issue,mech_b,2025-06-03
CHG-08313,P-1837,6,feature_add,test_failure,mech_b,2025-05-15
CHG-08314,P-1838,1,material_change,test_failure,mech_a,2026-04-14
CHG-08315,P-1838,2,feature_add,test_failure,mech_a,2026-08-28
CHG-08316,P-1839,1,material_change,customer_request,hw_integration,2024-12-09
CHG-08317,P-1839,2,material_change,design_review,hw_integration,2023-10-10
CHG-08318,P-1839,3,feature_remove,design_review,hw_integration,2024-06-14
CHG-08319,P-1839,4,tolerance_tightening,test_failure,hw_integration,2023-10-23
CHG-08320,P-1839,5,feature_remove,supplier_issue,hw_integration,2024-08-11
CHG-08321,P-1840,1,tolerance_tightening,cost_reduction,hw_integration,2023-12-12
CHG-08322,P-1840,2,material_change,cost_reduction,hw_integration,2022-12-23
CHG-08323,P-1840,3,tolerance_tightening,test_failure,hw_integration,2023-10-04
CHG-08324,P-1840,4,feature_add,test_failure,hw_integration,2023-07-01
CHG-08325,P-1840,5,dimension_update,cost_reduction,hw_integration,2022-10-08
CHG-08326,P-1840,6,tolerance_tightening,test_failure,hw_integration,2023-03-15
CHG-08327,P-1841,1,tolerance_tightening,supplier_issue,mech_b,2024-04-09
CHG-08328,P-1842,1,feature_add,supplier_issue,mech_a,2025-08-19
CHG-08329,P-1842,2,drawing_note,design_review,mech_a,2025-10-01
CHG-08330,P-1842,3,feature_remove,cost_reduction,mech_a,2024-08-07
CHG-08331,P-1842,4,feature_add,customer_request,mech_a,2025-04-03
CHG-08332,P-1842,5,tolerance_tightening,design_review,mech_a,2025-04-26
CHG-08333,P-1842,6,drawing_note,design_review,mech_a,2025-04-23
CHG-08334,P-1842,7,dimension_update,supplier_issue,mech_a,2024-12-31
CHG-08335,P-1843,1,feature_add,test_failure,elec_a,2023-01-31
CHG-08336,P-1843,2,feature_remove,customer_request,elec_a,2023-06-16
CHG-08337,P-1843,3,material_change,design_review,elec_a,2022-08-24
CHG-08338,P-1843,4,dimension_update,test_failure,elec_a,2023-05-20
CHG-08339,P-1843,5,material_change,test_failure,elec_a,2023-03-14
CHG-08340,P-1844,1,feature_add,test_failure,elec_a,2022-11-17
CHG-08341,P-1845,1,drawing_note,design_review,elec_a,2025-10-11
CHG-08342,P-1846,1,feature_remove,customer_request,elec_a,2022-07-19
CHG-08343,P-1846,2,drawing_note,cost_reduction,elec_a,2022-09-15
CHG-08344,P-1846,3,feature_add,design_review,elec_a,2022-06-27
CHG-08345,P-1847,1,tolerance_tightening,cost_reduction,elec_a,2024-03-03
CHG-08346,P-1847,2,drawing_note,design_review,elec_a,2024-10-26
CHG-08347,P-1847,3,drawing_note,test_failure,elec_a,2024-11-22
CHG-08348,P-1847,4,feature_add,customer_request,elec_a,2024-04-13
CHG-08349,P-1847,5,tolerance_tightening,cost_reduction,elec_a,2024-03-21
CHG-08350,P-1847,6,feature_add,design_review,elec_a,2024-04-28
CHG-08351,P-1847,7,dimension_update,customer_request,elec_a,2024-09-24
CHG-08352,P-1848,1,feature_add,supplier_issue,mech_a,2023-11-13
CHG-08353,P-1848,2,feature_remove,design_review,mech_a,2023-05-28
CHG-08354,P-1848,3,material_change,test_failure,mech_a,2023-05-27
CHG-08355,P-1848,4,dimension_update,supplier_issue,mech_a,2023-01-14
CHG-08356,P-1848,5,feature_remove,test_failure,mech_a,2022-08-21
CHG-08357,P-1848,6,feature_remove,cost_reduction,mech_a,2023-07-24
CHG-08358,P-1849,1,tolerance_tightening,test_failure,mech_a,2022-08-29
CHG-08359,P-1849,2,feature_add,design_review,mech_a,2023-01-07
CHG-08360,P-1849,3,dimension_update,cost_reduction,mech_a,2022-05-14
CHG-08361,P-1850,1,tolerance_tightening,test_failure,mech_a,2024-10-14
CHG-08362,P-1850,2,drawing_note,cost_reduction,mech_a,2025-07-24
CHG-08363,P-1850,3,feature_remove,supplier_issue,mech_a,2025-04-07
CHG-08364,P-1850,4,drawing_note,test_failure,mech_a,2024-08-03
CHG-08365,P-1851,1,material_change,test_failure,mech_a,2023-10-08
CHG-08366,P-1852,1,feature_add,design_review,hw_integration,2025-10-09
CHG-08367,P-1852,2,feature_remove,test_failure,hw_integration,2024-10-29
CHG-08368,P-1852,3,dimension_update,design_review,hw_integration,2024-12-21
CHG-08369,P-1853,1,drawing_note,design_review,elec_a,2025-11-03
CHG-08370,P-1853,2,feature_remove,cost_reduction,elec_a,2025-09-29
CHG-08371,P-1853,3,material_change,design_review,elec_a,2025-10-22
CHG-08372,P-1853,4,feature_add,customer_request,elec_a,2026-02-14
CHG-08373,P-1854,1,feature_add,design_review,elec_a,2024-03-08
CHG-08374,P-1854,2,dimension_update,test_failure,elec_a,2024-08-07
CHG-08375,P-1854,3,drawing_note,supplier_issue,elec_a,2024-03-28
CHG-08376,P-1854,4,feature_remove,customer_request,elec_a,2025-01-26
CHG-08377,P-1854,5,material_change,customer_request,elec_a,2024-09-05
CHG-08378,P-1854,6,feature_remove,design_review,elec_a,2024-04-23
CHG-08379,P-1855,1,tolerance_tightening,supplier_issue,elec_a,2022-08-27
CHG-08380,P-1855,2,feature_remove,customer_request,elec_a,2023-02-21
CHG-08381,P-1855,3,feature_add,test_failure,elec_a,2023-03-14
CHG-08382,P-1855,4,material_change,supplier_issue,elec_a,2023-03-15
CHG-08383,P-1856,1,dimension_update,design_review,mech_a,2026-03-11
CHG-08384,P-1856,2,feature_add,design_review,mech_a,2025-12-08
CHG-08385,P-1856,3,feature_add,design_review,mech_a,2026-01-14
CHG-08386,P-1856,4,feature_remove,cost_reduction,mech_a,2026-07-17
CHG-08387,P-1856,5,material_change,design_review,mech_a,2026-04-29
CHG-08388,P-1856,6,material_change,design_review,mech_a,2025-12-08
CHG-08389,P-1856,7,feature_remove,test_failure,mech_a,2025-05-20
CHG-08390,P-1857,1,material_change,customer_request,mech_a,2023-09-02
CHG-08391,P-1857,2,drawing_note,customer_request,mech_a,2024-02-23
CHG-08392,P-1857,3,dimension_update,test_failure,mech_a,2024-05-23
CHG-08393,P-1857,4,dimension_update,supplier_issue,mech_a,2023-05-11
CHG-08394,P-1857,5,feature_add,test_failure,mech_a,2024-04-27
CHG-08395,P-1858,1,feature_remove,test_failure,hw_integration,2024-10-24
CHG-08396,P-1858,2,feature_add,design_review,hw_integration,2025-01-01
CHG-08397,P-1859,1,drawing_note,design_review,mech_b,2022-12-13
CHG-08398,P-1859,2,material_change,customer_request,mech_b,2023-10-22
CHG-08399,P-1859,3,drawing_note,test_failure,mech_b,2023-11-05
CHG-08400,P-1859,4,feature_remove,design_review,mech_b,2023-10-30
CHG-08401,P-1860,1,feature_remove,test_failure,elec_a,2023-10-10
CHG-08402,P-1860,2,tolerance_tightening,supplier_issue,elec_a,2022-10-17
CHG-08403,P-1861,1,feature_remove,customer_request,hw_integration,2025-05-13
CHG-08404,P-1861,2,tolerance_tightening,design_review,hw_integration,2025-03-04
CHG-08405,P-1861,3,feature_remove,design_review,hw_integration,2024-07-11
CHG-08406,P-1862,1,feature_remove,test_failure,mech_a,2022-12-23
CHG-08407,P-1863,1,tolerance_tightening,cost_reduction,hw_integration,2024-10-13
CHG-08408,P-1863,2,dimension_update,test_failure,hw_integration,2025-01-14
CHG-08409,P-1863,3,feature_add,test_failure,hw_integration,2024-12-30
CHG-08410,P-1863,4,feature_remove,customer_request,hw_integration,2024-08-18
CHG-08411,P-1863,5,material_change,customer_request,hw_integration,2024-09-29
CHG-08412,P-1864,1,feature_remove,cost_reduction,elec_a,2024-07-30
CHG-08413,P-1864,2,drawing_note,cost_reduction,elec_a,2024-10-14
CHG-08414,P-1864,3,drawing_note,customer_request,elec_a,2025-02-08
CHG-08415,P-1864,4,drawing_note,cost_reduction,elec_a,2024-05-20
CHG-08416,P-1864,5,dimension_update,customer_request,elec_a,2024-02-06
CHG-08417,P-1864,6,drawing_note,test_failure,elec_a,2024-05-09
CHG-08418,P-1864,7,drawing_note,test_failure,elec_a,2025-03-27
CHG-08419,P-1865,1,feature_add,test_failure,mech_b,2022-10-03
CHG-08420,P-1865,2,feature_add,cost_reduction,mech_b,2022-12-22
CHG-08421,P-1865,3,drawing_note,test_failure,mech_b,2023-01-18
CHG-08422,P-1865,4,feature_remove,test_failure,mech_b,2023-08-11
CHG-08423,P-1866,1,dimension_update,test_failure,mech_b,2024-02-28
CHG-08424,P-1866,2,material_change,design_review,mech_b,2023-11-06
CHG-08425,P-1866,3,material_change,design_review,mech_b,2024-06-14
CHG-08426,P-1866,4,feature_remove,test_failure,mech_b,2023-05-31
CHG-08427,P-1866,5,drawing_note,supplier_issue,mech_b,2024-02-28
CHG-08428,P-1867,1,material_change,design_review,mech_a,2023-09-08
CHG-08429,P-1867,2,material_change,supplier_issue,mech_a,2022-09-27
CHG-08430,P-1867,3,drawing_note,customer_request,mech_a,2023-07-26
CHG-08431,P-1867,4,feature_add,test_failure,mech_a,2023-08-29
CHG-08432,P-1867,5,tolerance_tightening,cost_reduction,mech_a,2023-07-26
CHG-08433,P-1867,6,feature_add,design_review,mech_a,2022-10-07
CHG-08434,P-1867,7,dimension_update,test_failure,mech_a,2023-01-01
CHG-08435,P-1867,8,feature_add,customer_request,mech_a,2023-07-29
CHG-08436,P-1868,1,feature_remove,customer_request,mech_a,2023-02-09
CHG-08437,P-1868,2,dimension_update,design_review,mech_a,2022-07-09
CHG-08438,P-1868,3,tolerance_tightening,supplier_issue,mech_a,2022-05-05
CHG-08439,P-1868,4,feature_add,customer_request,mech_a,2022-02-05
CHG-08440,P-1869,1,feature_remove,cost_reduction,mech_a,2026-08-20
CHG-08441,P-1869,2,feature_remove,design_review,mech_a,2026-07-22
CHG-08442,P-1869,3,feature_remove,supplier_issue,mech_a,2026-01-17
CHG-08443,P-1870,1,material_change,test_failure,hw_integration,2022-06-22
CHG-08444,P-1870,2,tolerance_tightening,design_review,hw_integration,2022-10-29
CHG-08445,P-1870,3,dimension_update,customer_request,hw_integration,2022-10-21
CHG-08446,P-1870,4,material_change,design_review,hw_integration,2022-07-27
CHG-08447,P-1870,5,tolerance_tightening,test_failure,hw_integration,2022-09-22
CHG-08448,P-1871,1,drawing_note,test_failure,mech_a,2026-03-01
CHG-08449,P-1871,2,material_change,design_review,mech_a,2025-10-07
CHG-08450,P-1871,3,dimension_update,cost_reduction,mech_a,2025-11-05
CHG-08451,P-1871,4,material_change,cost_reduction,mech_a,2026-03-29
CHG-08452,P-1871,5,feature_add,cost_reduction,mech_a,2026-02-17
CHG-08453,P-1871,6,material_change,design_review,mech_a,2025-05-09
CHG-08454,P-1872,1,drawing_note,test_failure,mech_b,2023-11-30
CHG-08455,P-1872,2,tolerance_tightening,customer_request,mech_b,2024-06-13
CHG-08456,P-1873,1,feature_add,design_review,mech_a,2023-07-08
CHG-08457,P-1873,2,material_change,customer_request,mech_a,2024-03-15
CHG-08458,P-1873,3,material_change,design_review,mech_a,2023-03-07
CHG-08459,P-1873,4,drawing_note,design_review,mech_a,2024-03-01
CHG-08460,P-1873,5,feature_remove,design_review,mech_a,2022-12-29
CHG-08461,P-1873,6,feature_add,design_review,mech_a,2023-08-03
CHG-08462,P-1874,1,drawing_note,test_failure,mech_b,2023-11-24
CHG-08463,P-1874,2,feature_remove,supplier_issue,mech_b,2024-11-25
CHG-08464,P-1874,3,tolerance_tightening,test_failure,mech_b,2024-05-28
CHG-08465,P-1874,4,drawing_note,customer_request,mech_b,2024-07-08
CHG-08466,P-1874,5,dimension_update,test_failure,mech_b,2024-10-01
CHG-08467,P-1874,6,dimension_update,test_failure,mech_b,2024-04-08
CHG-08468,P-1874,7,tolerance_tightening,design_review,mech_b,2025-02-03
CHG-08469,P-1875,1,tolerance_tightening,design_review,mech_a,2025-11-29
CHG-08470,P-1875,2,feature_add,cost_reduction,mech_a,2026-02-08
CHG-08471,P-1875,3,feature_add,cost_reduction,mech_a,2026-06-02
CHG-08472,P-1875,4,feature_remove,customer_request,mech_a,2025-12-15
CHG-08473,P-1876,1,material_change,test_failure,mech_b,2024-05-25
CHG-08474,P-1876,2,drawing_note,test_failure,mech_b,2025-05-03
CHG-08475,P-1876,3,tolerance_tightening,cost_reduction,mech_b,2024-11-23
CHG-08476,P-1876,4,drawing_note,supplier_issue,mech_b,2024-04-21
CHG-08477,P-1876,5,feature_add,customer_request,mech_b,2025-04-01
CHG-08478,P-1877,1,feature_remove,design_review,elec_a,2022-09-11
CHG-08479,P-1877,2,tolerance_tightening,test_failure,elec_a,2023-04-12
CHG-08480,P-1877,3,tolerance_tightening,cost_reduction,elec_a,2022-09-28
CHG-08481,P-1877,4,feature_add,cost_reduction,elec_a,2023-05-25
CHG-08482,P-1877,5,feature_remove,supplier_issue,elec_a,2023-01-02
CHG-08483,P-1877,6,feature_remove,design_review,elec_a,2022-09-06
CHG-08484,P-1878,1,feature_remove,cost_reduction,hw_integration,2024-11-19
CHG-08485,P-1878,2,dimension_update,customer_request,hw_integration,2025-12-22
CHG-08486,P-1878,3,feature_add,customer_request,hw_integration,2024-09-06
CHG-08487,P-1878,4,drawing_note,design_review,hw_integration,2025-11-17
CHG-08488,P-1879,1,feature_add,customer_request,mech_b,2025-04-29
CHG-08489,P-1879,2,tolerance_tightening,customer_request,mech_b,2025-04-03
CHG-08490,P-1880,1,material_change,design_review,elec_a,2025-11-09
CHG-08491,P-1880,2,material_change,cost_reduction,elec_a,2025-07-12
CHG-08492,P-1880,3,drawing_note,test_failure,elec_a,2025-10-31
CHG-08493,P-1880,4,material_change,design_review,elec_a,2026-09-01
CHG-08494,P-1880,5,material_change,customer_request,elec_a,2025-11-23
CHG-08495,P-1880,6,feature_add,cost_reduction,elec_a,2026-09-03
CHG-08496,P-1881,1,tolerance_tightening,design_review,elec_a,2023-10-19
CHG-08497,P-1881,2,feature_remove,cost_reduction,elec_a,2023-07-22
CHG-08498,P-1881,3,feature_remove,test_failure,elec_a,2023-08-07
CHG-08499,P-1881,4,feature_add,cost_reduction,elec_a,2023-01-26
CHG-08500,P-1881,5,drawing_note,design_review,elec_a,2023-09-18
CHG-08501,P-1882,1,material_change,cost_reduction,hw_integration,2025-06-25
CHG-08502,P-1882,2,material_change,design_review,hw_integration,2026-02-25
CHG-08503,P-1882,3,tolerance_tightening,supplier_issue,hw_integration,2025-08-15
CHG-08504,P-1882,4,feature_add,cost_reduction,hw_integration,2025-02-26
CHG-08505,P-1882,5,feature_add,customer_request,hw_integration,2025-07-29
CHG-08506,P-1883,1,feature_add,cost_reduction,hw_integration,2023-08-08
CHG-08507,P-1883,2,dimension_update,test_failure,hw_integration,2024-01-31
CHG-08508,P-1883,3,tolerance_tightening,design_review,hw_integration,2024-03-21
CHG-08509,P-1883,4,feature_add,cost_reduction,hw_integration,2023-09-14
CHG-08510,P-1883,5,tolerance_tightening,cost_reduction,hw_integration,2023-06-05
CHG-08511,P-1883,6,material_change,design_review,hw_integration,2024-07-28
CHG-08512,P-1883,7,material_change,cost_reduction,hw_integration,2024-04-24
CHG-08513,P-1883,8,dimension_update,design_review,hw_integration,2024-06-09
CHG-08514,P-1884,1,feature_remove,test_failure,mech_a,2023-10-11
CHG-08515,P-1884,2,tolerance_tightening,cost_reduction,mech_a,2023-11-11
CHG-08516,P-1884,3,drawing_note,design_review,mech_a,2023-10-24
CHG-08517,P-1885,1,feature_add,design_review,elec_a,2025-07-18
CHG-08518,P-1885,2,dimension_update,cost_reduction,elec_a,2025-07-22
CHG-08519,P-1885,3,material_change,cost_reduction,elec_a,2025-06-13
CHG-08520,P-1885,4,feature_add,customer_request,elec_a,2025-07-03
CHG-08521,P-1886,1,tolerance_tightening,supplier_issue,hw_integration,2024-10-04
CHG-08522,P-1886,2,feature_remove,test_failure,hw_integration,2024-12-09
CHG-08523,P-1886,3,drawing_note,test_failure,hw_integration,2024-09-08
CHG-08524,P-1886,4,material_change,design_review,hw_integration,2023-12-05
CHG-08525,P-1886,5,drawing_note,supplier_issue,hw_integration,2025-02-07
CHG-08526,P-1887,1,feature_add,cost_reduction,mech_b,2023-11-03
CHG-08527,P-1887,2,dimension_update,design_review,mech_b,2023-09-03
CHG-08528,P-1887,3,feature_add,cost_reduction,mech_b,2022-12-25
CHG-08529,P-1887,4,feature_add,test_failure,mech_b,2023-01-02
CHG-08530,P-1888,1,material_change,test_failure,elec_a,2023-09-17
CHG-08531,P-1888,2,feature_add,design_review,elec_a,2023-07-11
CHG-08532,P-1888,3,feature_remove,cost_reduction,elec_a,2022-12-26
CHG-08533,P-1888,4,dimension_update,cost_reduction,elec_a,2023-04-11
CHG-08534,P-1889,1,feature_remove,test_failure,mech_b,2024-04-20
CHG-08535,P-1889,2,feature_remove,design_review,mech_b,2025-08-08
CHG-08536,P-1889,3,dimension_update,test_failure,mech_b,2024-06-16
CHG-08537,P-1889,4,feature_add,design_review,mech_b,2025-01-20
CHG-08538,P-1889,5,material_change,customer_request,mech_b,2025-01-24
CHG-08539,P-1889,6,drawing_note,customer_request,mech_b,2025-06-27
CHG-08540,P-1890,1,dimension_update,cost_reduction,mech_b,2026-06-24
CHG-08541,P-1890,2,tolerance_tightening,design_review,mech_b,2025-09-27
CHG-08542,P-1890,3,feature_add,cost_reduction,mech_b,2025-06-07
CHG-08543,P-1890,4,material_change,design_review,mech_b,2026-03-20
CHG-08544,P-1890,5,tolerance_tightening,cost_reduction,mech_b,2025-09-10
CHG-08545,P-1891,1,feature_add,customer_request,mech_a,2023-12-16
CHG-08546,P-1891,2,dimension_update,customer_request,mech_a,2023-11-27
CHG-08547,P-1891,3,material_change,test_failure,mech_a,2023-12-28
CHG-08548,P-1891,4,drawing_note,test_failure,mech_a,2023-05-05
CHG-08549,P-1891,5,feature_add,test_failure,mech_a,2023-07-24
CHG-08550,P-1892,1,tolerance_tightening,test_failure,mech_a,2024-04-18
CHG-08551,P-1892,2,dimension_update,customer_request,mech_a,2023-12-26
CHG-08552,P-1892,3,feature_remove,cost_reduction,mech_a,2025-02-10
CHG-08553,P-1892,4,dimension_update,supplier_issue,mech_a,2025-01-24
CHG-08554,P-1893,1,dimension_update,design_review,elec_a,2023-08-24
CHG-08555,P-1893,2,feature_remove,test_failure,elec_a,2023-05-24
CHG-08556,P-1893,3,material_change,design_review,elec_a,2023-09-05
CHG-08557,P-1893,4,drawing_note,design_review,elec_a,2023-08-24
CHG-08558,P-1893,5,tolerance_tightening,supplier_issue,elec_a,2024-05-30
CHG-08559,P-1894,1,material_change,supplier_issue,hw_integration,2023-01-17
CHG-08560,P-1894,2,feature_add,design_review,hw_integration,2023-05-02
CHG-08561,P-1894,3,feature_remove,customer_request,hw_integration,2023-09-19
CHG-08562,P-1894,4,drawing_note,design_review,hw_integration,2023-11-25
CHG-08563,P-1894,5,drawing_note,test_failure,hw_integration,2023-02-10
CHG-08564,P-1895,1,dimension_update,design_review,elec_a,2025-10-10
CHG-08565,P-1895,2,material_change,design_review,elec_a,2024-12-16
CHG-08566,P-1895,3,feature_add,design_review,elec_a,2025-12-04
CHG-08567,P-1896,1,dimension_update,test_failure,mech_a,2024-08-10
CHG-08568,P-1896,2,dimension_update,design_review,mech_a,2025-01-04
CHG-08569,P-1896,3,feature_add,design_review,mech_a,2025-01-05
CHG-08570,P-1897,1,feature_remove,test_failure,mech_a,2024-03-31
CHG-08571,P-1897,2,feature_add,cost_reduction,mech_a,2024-11-13
CHG-08572,P-1897,3,feature_add,supplier_issue,mech_a,2024-01-27
CHG-08573,P-1898,1,dimension_update,test_failure,elec_a,2024-04-05
CHG-08574,P-1898,2,dimension_update,test_failure,elec_a,2023-10-20
CHG-08575,P-1898,3,drawing_note,design_review,elec_a,2024-05-03
CHG-08576,P-1898,4,drawing_note,design_review,elec_a,2024-12-12
CHG-08577,P-1898,5,feature_add,supplier_issue,elec_a,2024-01-04
CHG-08578,P-1898,6,dimension_update,test_failure,elec_a,2024-10-30
CHG-08579,P-1898,7,drawing_note,design_review,elec_a,2024-07-05
CHG-08580,P-1898,8,feature_add,supplier_issue,elec_a,2025-01-04
CHG-08581,P-1899,1,dimension_update,cost_reduction,mech_a,2024-03-16
CHG-08582,P-1899,2,dimension_update,test_failure,mech_a,2023-07-20
CHG-08583,P-1899,3,tolerance_tightening,cost_reduction,mech_a,2024-10-07
CHG-08584,P-1899,4,drawing_note,test_failure,mech_a,2023-10-05
CHG-08585,P-1899,5,feature_remove,supplier_issue,mech_a,2024-01-06
CHG-08586,P-1900,1,material_change,customer_request,elec_a,2026-05-12
CHG-08587,P-1900,2,drawing_note,test_failure,elec_a,2026-03-29
CHG-08588,P-1900,3,tolerance_tightening,cost_reduction,elec_a,2026-05-14
CHG-08589,P-1900,4,feature_remove,design_review,elec_a,2025-10-15
CHG-08590,P-1901,1,feature_add,design_review,hw_integration,2025-04-30
CHG-08591,P-1901,2,feature_remove,test_failure,hw_integration,2025-05-31
CHG-08592,P-1901,3,dimension_update,cost_reduction,hw_integration,2025-09-09
CHG-08593,P-1901,4,material_change,test_failure,hw_integration,2026-06-20
CHG-08594,P-1901,5,tolerance_tightening,cost_reduction,hw_integration,2026-02-14
CHG-08595,P-1902,1,drawing_note,customer_request,mech_a,2023-02-16
CHG-08596,P-1902,2,feature_add,design_review,mech_a,2023-01-30
CHG-08597,P-1902,3,drawing_note,test_failure,mech_a,2022-08-25
CHG-08598,P-1902,4,drawing_note,test_failure,mech_a,2022-09-14
CHG-08599,P-1902,5,feature_add,cost_reduction,mech_a,2023-01-02
CHG-08600,P-1903,1,feature_add,supplier_issue,elec_a,2025-07-04
CHG-08601,P-1903,2,material_change,test_failure,elec_a,2025-07-06
CHG-08602,P-1903,3,feature_remove,cost_reduction,elec_a,2025-01-20
CHG-08603,P-1903,4,material_change,design_review,elec_a,2025-01-19
CHG-08604,P-1903,5,feature_add,test_failure,elec_a,2025-11-11
CHG-08605,P-1904,1,dimension_update,test_failure,hw_integration,2023-03-17
CHG-08606,P-1904,2,drawing_note,design_review,hw_integration,2023-06-02
CHG-08607,P-1904,3,dimension_update,cost_reduction,hw_integration,2023-09-20
CHG-08608,P-1904,4,feature_remove,design_review,hw_integration,2024-05-23
CHG-08609,P-1904,5,tolerance_tightening,design_review,hw_integration,2023-07-20
CHG-08610,P-1905,1,drawing_note,design_review,mech_b,2025-05-19
CHG-08611,P-1905,2,drawing_note,supplier_issue,mech_b,2024-11-06
CHG-08612,P-1905,3,feature_remove,design_review,mech_b,2024-09-05
CHG-08613,P-1905,4,feature_add,design_review,mech_b,2025-01-04
CHG-08614,P-1905,5,feature_add,supplier_issue,mech_b,2024-10-31
CHG-08615,P-1906,1,tolerance_tightening,customer_request,hw_integration,2026-03-04
CHG-08616,P-1906,2,tolerance_tightening,supplier_issue,hw_integration,2025-12-17
CHG-08617,P-1906,3,feature_remove,design_review,hw_integration,2025-05-23
CHG-08618,P-1906,4,tolerance_tightening,design_review,hw_integration,2025-07-11
CHG-08619,P-1906,5,feature_add,design_review,hw_integration,2025-06-23
CHG-08620,P-1906,6,dimension_update,supplier_issue,hw_integration,2025-09-02
CHG-08621,P-1907,1,tolerance_tightening,customer_request,hw_integration,2024-01-28
CHG-08622,P-1907,2,tolerance_tightening,design_review,hw_integration,2023-10-29
CHG-08623,P-1908,1,tolerance_tightening,test_failure,mech_b,2024-10-06
CHG-08624,P-1908,2,feature_add,customer_request,mech_b,2023-09-16
CHG-08625,P-1908,3,tolerance_tightening,customer_request,mech_b,2024-11-20
CHG-08626,P-1908,4,drawing_note,design_review,mech_b,2024-02-23
CHG-08627,P-1908,5,dimension_update,supplier_issue,mech_b,2024-02-16
CHG-08628,P-1908,6,drawing_note,design_review,mech_b,2023-09-02
CHG-08629,P-1908,7,feature_add,design_review,mech_b,2024-11-24
CHG-08630,P-1908,8,feature_add,supplier_issue,mech_b,2023-10-26
CHG-08631,P-1909,1,drawing_note,customer_request,mech_b,2024-10-13
CHG-08632,P-1909,2,material_change,supplier_issue,mech_b,2025-06-02
CHG-08633,P-1909,3,drawing_note,supplier_issue,mech_b,2024-07-31
CHG-08634,P-1909,4,material_change,supplier_issue,mech_b,2024-09-09
CHG-08635,P-1910,1,feature_add,test_failure,elec_a,2023-10-06
CHG-08636,P-1910,2,material_change,cost_reduction,elec_a,2023-03-30
CHG-08637,P-1910,3,feature_remove,design_review,elec_a,2023-07-25
CHG-08638,P-1910,4,material_change,supplier_issue,elec_a,2023-09-10
CHG-08639,P-1910,5,feature_remove,cost_reduction,elec_a,2023-11-05
CHG-08640,P-1911,1,drawing_note,supplier_issue,elec_a,2023-04-04
CHG-08641,P-1911,2,feature_add,supplier_issue,elec_a,2024-04-15
CHG-08642,P-1911,3,tolerance_tightening,test_failure,elec_a,2024-01-23
CHG-08643,P-1912,1,feature_add,cost_reduction,mech_b,2025-03-17
CHG-08644,P-1912,2,drawing_note,customer_request,mech_b,2024-05-18
CHG-08645,P-1912,3,drawing_note,design_review,mech_b,2025-06-07
CHG-08646,P-1912,4,feature_add,test_failure,mech_b,2025-06-24
CHG-08647,P-1913,1,material_change,cost_reduction,mech_a,2024-01-16
CHG-08648,P-1913,2,dimension_update,supplier_issue,mech_a,2023-05-12
CHG-08649,P-1913,3,drawing_note,test_failure,mech_a,2023-10-09
CHG-08650,P-1913,4,tolerance_tightening,design_review,mech_a,2024-02-03
CHG-08651,P-1913,5,tolerance_tightening,supplier_issue,mech_a,2022-11-23
CHG-08652,P-1914,1,material_change,test_failure,elec_a,2025-07-14
CHG-08653,P-1914,2,tolerance_tightening,test_failure,elec_a,2024-12-20
CHG-08654,P-1914,3,dimension_update,design_review,elec_a,2025-02-18
CHG-08655,P-1914,4,tolerance_tightening,test_failure,elec_a,2024-12-16
CHG-08656,P-1914,5,feature_remove,design_review,elec_a,2025-03-07
CHG-08657,P-1914,6,drawing_note,cost_reduction,elec_a,2024-11-27
CHG-08658,P-1915,1,feature_remove,test_failure,mech_a,2023-08-24
CHG-08659,P-1915,2,drawing_note,cost_reduction,mech_a,2023-10-30
CHG-08660,P-1915,3,feature_remove,cost_reduction,mech_a,2023-06-05
CHG-08661,P-1915,4,feature_remove,customer_request,mech_a,2023-07-19
CHG-08662,P-1915,5,dimension_update,test_failure,mech_a,2022-12-05
CHG-08663,P-1916,1,dimension_update,design_review,mech_a,2022-06-22
CHG-08664,P-1916,2,material_change,supplier_issue,mech_a,2022-11-15
CHG-08665,P-1916,3,drawing_note,supplier_issue,mech_a,2023-04-25
CHG-08666,P-1917,1,material_change,cost_reduction,mech_a,2023-06-08
CHG-08667,P-1917,2,material_change,customer_request,mech_a,2023-03-22
CHG-08668,P-1918,1,feature_remove,test_failure,mech_b,2022-12-17
CHG-08669,P-1918,2,tolerance_tightening,customer_request,mech_b,2023-10-20
CHG-08670,P-1918,3,dimension_update,customer_request,mech_b,2023-09-14
CHG-08671,P-1918,4,feature_add,design_review,mech_b,2023-06-05
CHG-08672,P-1919,1,tolerance_tightening,supplier_issue,mech_a,2023-08-04
CHG-08673,P-1919,2,dimension_update,design_review,mech_a,2023-01-03
CHG-08674,P-1919,3,feature_add,test_failure,mech_a,2022-06-02
CHG-08675,P-1919,4,feature_remove,design_review,mech_a,2022-12-22
CHG-08676,P-1920,1,feature_add,customer_request,mech_b,2023-10-14
CHG-08677,P-1920,2,drawing_note,design_review,mech_b,2023-02-02
CHG-08678,P-1920,3,dimension_update,customer_request,mech_b,2023-03-17
CHG-08679,P-1920,4,feature_remove,cost_reduction,mech_b,2023-04-06
CHG-08680,P-1920,5,feature_add,cost_reduction,mech_b,2023-10-17
CHG-08681,P-1921,1,material_change,test_failure,mech_a,2023-07-07
CHG-08682,P-1921,2,drawing_note,design_review,mech_a,2024-01-30
CHG-08683,P-1921,3,feature_add,customer_request,mech_a,2024-02-04
CHG-08684,P-1921,4,dimension_update,cost_reduction,mech_a,2023-06-23
CHG-08685,P-1921,5,material_change,design_review,mech_a,2024-02-16
CHG-08686,P-1922,1,dimension_update,design_review,mech_b,2023-11-12
CHG-08687,P-1922,2,feature_add,supplier_issue,mech_b,2023-06-08
CHG-08688,P-1922,3,feature_add,design_review,mech_b,2023-01-18
CHG-08689,P-1922,4,feature_add,design_review,mech_b,2023-01-25
CHG-08690,P-1923,1,tolerance_tightening,test_failure,hw_integration,2024-08-29
CHG-08691,P-1924,1,tolerance_tightening,customer_request,mech_b,2024-05-02
CHG-08692,P-1924,2,drawing_note,customer_request,mech_b,2024-05-16
CHG-08693,P-1924,3,tolerance_tightening,design_review,mech_b,2023-09-05
CHG-08694,P-1924,4,tolerance_tightening,test_failure,mech_b,2023-11-15
CHG-08695,P-1924,5,feature_remove,test_failure,mech_b,2024-06-19
CHG-08696,P-1925,1,drawing_note,design_review,elec_a,2023-02-04
CHG-08697,P-1925,2,feature_add,supplier_issue,elec_a,2022-11-14
CHG-08698,P-1925,3,dimension_update,cost_reduction,elec_a,2023-08-25
CHG-08699,P-1925,4,feature_add,design_review,elec_a,2023-05-10
CHG-08700,P-1925,5,tolerance_tightening,supplier_issue,elec_a,2023-04-28
CHG-08701,P-1925,6,feature_remove,test_failure,elec_a,2023-05-24
CHG-08702,P-1925,7,feature_remove,design_review,elec_a,2022-08-25
CHG-08703,P-1925,8,material_change,design_review,elec_a,2022-08-21
CHG-08704,P-1925,9,tolerance_tightening,design_review,elec_a,2022-11-14
CHG-08705,P-1926,1,tolerance_tightening,customer_request,mech_a,2024-06-28
CHG-08706,P-1926,2,feature_add,cost_reduction,mech_a,2023-09-07
CHG-08707,P-1926,3,feature_add,test_failure,mech_a,2024-06-26
CHG-08708,P-1927,1,tolerance_tightening,design_review,mech_a,2022-08-10
CHG-08709,P-1927,2,material_change,customer_request,mech_a,2022-04-13
CHG-08710,P-1927,3,material_change,design_review,mech_a,2022-05-26
CHG-08711,P-1927,4,feature_remove,cost_reduction,mech_a,2022-10-07
CHG-08712,P-1927,5,material_change,supplier_issue,mech_a,2022-08-27
CHG-08713,P-1928,1,feature_remove,test_failure,hw_integration,2024-12-07
CHG-08714,P-1928,2,drawing_note,design_review,hw_integration,2025-08-14
CHG-08715,P-1928,3,feature_remove,customer_request,hw_integration,2024-08-26
CHG-08716,P-1928,4,feature_add,test_failure,hw_integration,2025-11-15
CHG-08717,P-1929,1,dimension_update,design_review,elec_a,2024-10-09
CHG-08718,P-1929,2,dimension_update,design_review,elec_a,2024-01-27
CHG-08719,P-1929,3,feature_remove,design_review,elec_a,2024-04-07
CHG-08720,P-1929,4,dimension_update,cost_reduction,elec_a,2023-08-03
CHG-08721,P-1930,1,feature_add,supplier_issue,mech_a,2024-05-22
CHG-08722,P-1930,2,drawing_note,supplier_issue,mech_a,2024-03-14
CHG-08723,P-1930,3,tolerance_tightening,design_review,mech_a,2024-02-13
CHG-08724,P-1930,4,dimension_update,supplier_issue,mech_a,2024-09-16
CHG-08725,P-1931,1,material_change,customer_request,elec_a,2022-12-05
CHG-08726,P-1931,2,drawing_note,test_failure,elec_a,2023-04-09
CHG-08727,P-1932,1,feature_add,customer_request,mech_a,2023-08-26
CHG-08728,P-1932,2,material_change,design_review,mech_a,2023-09-06
CHG-08729,P-1933,1,material_change,design_review,mech_a,2025-12-16
CHG-08730,P-1933,2,dimension_update,design_review,mech_a,2025-03-14
CHG-08731,P-1933,3,feature_remove,design_review,mech_a,2026-01-28
CHG-08732,P-1933,4,feature_remove,test_failure,mech_a,2025-03-04
CHG-08733,P-1934,1,drawing_note,supplier_issue,mech_b,2023-10-31
CHG-08734,P-1934,2,feature_remove,design_review,mech_b,2023-07-16
CHG-08735,P-1935,1,feature_add,cost_reduction,elec_a,2026-02-28
CHG-08736,P-1935,2,drawing_note,supplier_issue,elec_a,2026-10-13
CHG-08737,P-1935,3,tolerance_tightening,cost_reduction,elec_a,2025-06-26
CHG-08738,P-1935,4,dimension_update,test_failure,elec_a,2026-07-19
CHG-08739,P-1935,5,feature_remove,test_failure,elec_a,2025-07-01
CHG-08740,P-1935,6,dimension_update,design_review,elec_a,2026-09-25
CHG-08741,P-1935,7,material_change,cost_reduction,elec_a,2025-09-20
CHG-08742,P-1936,1,tolerance_tightening,customer_request,elec_a,2024-07-06
CHG-08743,P-1936,2,feature_remove,cost_reduction,elec_a,2023-11-19
CHG-08744,P-1936,3,drawing_note,cost_reduction,elec_a,2023-12-20
CHG-08745,P-1936,4,tolerance_tightening,customer_request,elec_a,2024-06-02
CHG-08746,P-1936,5,dimension_update,design_review,elec_a,2024-07-03
CHG-08747,P-1937,1,feature_remove,design_review,hw_integration,2022-11-09
CHG-08748,P-1937,2,feature_add,design_review,hw_integration,2023-08-10
CHG-08749,P-1937,3,tolerance_tightening,cost_reduction,hw_integration,2023-03-07
CHG-08750,P-1938,1,tolerance_tightening,test_failure,mech_a,2022-11-03
CHG-08751,P-1938,2,tolerance_tightening,design_review,mech_a,2022-11-13
CHG-08752,P-1938,3,dimension_update,cost_reduction,mech_a,2023-08-02
CHG-08753,P-1938,4,material_change,design_review,mech_a,2023-05-10
CHG-08754,P-1939,1,feature_add,customer_request,mech_a,2024-09-27
CHG-08755,P-1939,2,tolerance_tightening,test_failure,mech_a,2024-09-02
CHG-08756,P-1939,3,tolerance_tightening,design_review,mech_a,2024-12-21
CHG-08757,P-1940,1,feature_add,design_review,elec_a,2026-04-09
CHG-08758,P-1940,2,material_change,test_failure,elec_a,2026-02-25
CHG-08759,P-1940,3,material_change,test_failure,elec_a,2025-09-29
CHG-08760,P-1941,1,material_change,test_failure,hw_integration,2024-11-10
CHG-08761,P-1941,2,feature_add,supplier_issue,hw_integration,2023-09-08
CHG-08762,P-1941,3,drawing_note,cost_reduction,hw_integration,2024-12-07
CHG-08763,P-1942,1,dimension_update,design_review,elec_a,2022-09-16
CHG-08764,P-1942,2,feature_remove,design_review,elec_a,2022-08-10
CHG-08765,P-1942,3,dimension_update,cost_reduction,elec_a,2022-08-25
CHG-08766,P-1942,4,drawing_note,design_review,elec_a,2023-05-10
CHG-08767,P-1942,5,dimension_update,cost_reduction,elec_a,2023-06-14
CHG-08768,P-1942,6,feature_add,design_review,elec_a,2022-08-24
CHG-08769,P-1942,7,drawing_note,design_review,elec_a,2023-04-02
CHG-08770,P-1942,8,material_change,supplier_issue,elec_a,2022-08-20
CHG-08771,P-1943,1,feature_add,cost_reduction,elec_a,2024-07-24
CHG-08772,P-1943,2,dimension_update,customer_request,elec_a,2024-07-19
CHG-08773,P-1943,3,dimension_update,test_failure,elec_a,2024-02-09
CHG-08774,P-1944,1,tolerance_tightening,cost_reduction,mech_a,2025-05-02
CHG-08775,P-1944,2,feature_add,design_review,mech_a,2025-03-03
CHG-08776,P-1945,1,feature_add,design_review,hw_integration,2026-07-30
CHG-08777,P-1945,2,feature_add,customer_request,hw_integration,2026-06-22
CHG-08778,P-1945,3,dimension_update,design_review,hw_integration,2025-10-23
CHG-08779,P-1945,4,tolerance_tightening,cost_reduction,hw_integration,2026-10-21
CHG-08780,P-1946,1,dimension_update,supplier_issue,hw_integration,2025-03-31
CHG-08781,P-1946,2,drawing_note,cost_reduction,hw_integration,2024-09-25
CHG-08782,P-1946,3,material_change,design_review,hw_integration,2025-03-09
CHG-08783,P-1946,4,dimension_update,cost_reduction,hw_integration,2025-02-16
CHG-08784,P-1946,5,drawing_note,cost_reduction,hw_integration,2025-05-20
CHG-08785,P-1947,1,feature_remove,customer_request,elec_a,2025-03-12
CHG-08786,P-1947,2,material_change,supplier_issue,elec_a,2026-03-14
CHG-08787,P-1947,3,drawing_note,supplier_issue,elec_a,2026-01-22
CHG-08788,P-1947,4,drawing_note,design_review,elec_a,2025-07-03
CHG-08789,P-1948,1,dimension_update,design_review,mech_b,2025-02-18
CHG-08790,P-1948,2,feature_remove,test_failure,mech_b,2025-09-07
CHG-08791,P-1948,3,drawing_note,cost_reduction,mech_b,2025-03-01
CHG-08792,P-1948,4,tolerance_tightening,design_review,mech_b,2025-10-04
CHG-08793,P-1948,5,feature_add,cost_reduction,mech_b,2025-06-07
CHG-08794,P-1948,6,tolerance_tightening,cost_reduction,mech_b,2024-12-21
CHG-08795,P-1948,7,material_change,cost_reduction,mech_b,2025-09-04
CHG-08796,P-1948,8,drawing_note,cost_reduction,mech_b,2025-03-05
CHG-08797,P-1949,1,material_change,customer_request,elec_a,2023-12-27
CHG-08798,P-1949,2,material_change,design_review,elec_a,2024-03-18
CHG-08799,P-1949,3,feature_remove,test_failure,elec_a,2024-02-25
CHG-08800,P-1950,1,tolerance_tightening,cost_reduction,elec_a,2025-03-10
CHG-08801,P-1950,2,tolerance_tightening,test_failure,elec_a,2025-09-24
CHG-08802,P-1950,3,tolerance_tightening,supplier_issue,elec_a,2025-06-09
CHG-08803,P-1950,4,dimension_update,design_review,elec_a,2025-11-13
CHG-08804,P-1950,5,feature_add,supplier_issue,elec_a,2025-03-21
CHG-08805,P-1950,6,feature_add,customer_request,elec_a,2025-06-28
CHG-08806,P-1951,1,material_change,design_review,hw_integration,2022-10-06
CHG-08807,P-1951,2,dimension_update,supplier_issue,hw_integration,2022-05-18
CHG-08808,P-1952,1,feature_remove,design_review,mech_a,2025-03-07
CHG-08809,P-1952,2,drawing_note,design_review,mech_a,2024-11-17
CHG-08810,P-1952,3,tolerance_tightening,supplier_issue,mech_a,2025-05-08
CHG-08811,P-1953,1,dimension_update,test_failure,elec_a,2025-02-01
CHG-08812,P-1953,2,drawing_note,supplier_issue,elec_a,2024-05-28
CHG-08813,P-1953,3,drawing_note,design_review,elec_a,2024-02-27
CHG-08814,P-1954,1,tolerance_tightening,customer_request,elec_a,2024-05-16
CHG-08815,P-1954,2,feature_remove,supplier_issue,elec_a,2025-04-18
CHG-08816,P-1954,3,feature_add,test_failure,elec_a,2024-06-23
CHG-08817,P-1954,4,drawing_note,supplier_issue,elec_a,2025-04-01
CHG-08818,P-1954,5,dimension_update,supplier_issue,elec_a,2025-02-07
CHG-08819,P-1955,1,dimension_update,cost_reduction,mech_b,2026-01-10
CHG-08820,P-1955,2,material_change,customer_request,mech_b,2025-07-28
CHG-08821,P-1955,3,material_change,supplier_issue,mech_b,2026-04-27
CHG-08822,P-1955,4,material_change,design_review,mech_b,2025-08-17
CHG-08823,P-1955,5,feature_remove,cost_reduction,mech_b,2026-07-05
CHG-08824,P-1956,1,material_change,design_review,hw_integration,2023-09-19
CHG-08825,P-1956,2,feature_remove,test_failure,hw_integration,2023-03-02
CHG-08826,P-1956,3,tolerance_tightening,test_failure,hw_integration,2023-05-21
CHG-08827,P-1956,4,material_change,customer_request,hw_integration,2023-03-29
CHG-08828,P-1956,5,feature_add,cost_reduction,hw_integration,2023-01-18
CHG-08829,P-1956,6,feature_add,supplier_issue,hw_integration,2023-09-16
CHG-08830,P-1956,7,feature_add,customer_request,hw_integration,2023-10-09
CHG-08831,P-1956,8,drawing_note,design_review,hw_integration,2023-11-09
CHG-08832,P-1957,1,material_change,cost_reduction,mech_a,2023-04-04
CHG-08833,P-1957,2,tolerance_tightening,cost_reduction,mech_a,2022-10-19
CHG-08834,P-1957,3,tolerance_tightening,cost_reduction,mech_a,2023-07-21
CHG-08835,P-1957,4,tolerance_tightening,test_failure,mech_a,2022-12-09
CHG-08836,P-1957,5,drawing_note,test_failure,mech_a,2023-09-23
CHG-08837,P-1958,1,drawing_note,design_review,mech_a,2025-01-12
CHG-08838,P-1958,2,material_change,supplier_issue,mech_a,2024-09-08
CHG-08839,P-1958,3,feature_add,test_failure,mech_a,2024-05-27
CHG-08840,P-1959,1,feature_add,design_review,hw_integration,2024-08-24
CHG-08841,P-1959,2,material_change,supplier_issue,hw_integration,2025-01-06
CHG-08842,P-1959,3,drawing_note,test_failure,hw_integration,2025-12-09
CHG-08843,P-1959,4,material_change,customer_request,hw_integration,2025-03-10
CHG-08844,P-1959,5,drawing_note,customer_request,hw_integration,2025-08-18
CHG-08845,P-1960,1,feature_add,cost_reduction,mech_a,2023-04-18
CHG-08846,P-1961,1,material_change,supplier_issue,mech_b,2024-07-16
CHG-08847,P-1961,2,material_change,test_failure,mech_b,2024-01-31
CHG-08848,P-1961,3,feature_add,design_review,mech_b,2023-10-17
CHG-08849,P-1961,4,drawing_note,customer_request,mech_b,2024-07-06
CHG-08850,P-1961,5,drawing_note,design_review,mech_b,2024-06-26
CHG-08851,P-1961,6,feature_remove,customer_request,mech_b,2023-12-23
CHG-08852,P-1962,1,drawing_note,design_review,mech_b,2024-03-15
CHG-08853,P-1962,2,dimension_update,supplier_issue,mech_b,2024-04-05
CHG-08854,P-1962,3,dimension_update,test_failure,mech_b,2024-07-05
CHG-08855,P-1963,1,feature_remove,design_review,elec_a,2024-12-20
CHG-08856,P-1963,2,feature_add,customer_request,elec_a,2025-04-06
CHG-08857,P-1964,1,drawing_note,supplier_issue,mech_a,2026-03-14
CHG-08858,P-1964,2,tolerance_tightening,customer_request,mech_a,2025-10-01
CHG-08859,P-1964,3,tolerance_tightening,cost_reduction,mech_a,2025-06-09
CHG-08860,P-1964,4,tolerance_tightening,cost_reduction,mech_a,2025-12-11
CHG-08861,P-1964,5,feature_remove,test_failure,mech_a,2025-09-04
CHG-08862,P-1965,1,dimension_update,customer_request,mech_b,2023-04-13
CHG-08863,P-1965,2,tolerance_tightening,supplier_issue,mech_b,2022-10-11
CHG-08864,P-1965,3,material_change,supplier_issue,mech_b,2023-09-13
CHG-08865,P-1965,4,tolerance_tightening,supplier_issue,mech_b,2023-09-03
CHG-08866,P-1966,1,drawing_note,design_review,hw_integration,2024-11-10
CHG-08867,P-1966,2,feature_add,supplier_issue,hw_integration,2025-02-17
CHG-08868,P-1966,3,drawing_note,test_failure,hw_integration,2024-05-09
CHG-08869,P-1966,4,material_change,customer_request,hw_integration,2025-02-19
CHG-08870,P-1967,1,feature_remove,customer_request,mech_b,2024-12-13
CHG-08871,P-1967,2,tolerance_tightening,test_failure,mech_b,2025-11-21
CHG-08872,P-1967,3,feature_remove,test_failure,mech_b,2025-04-04
CHG-08873,P-1967,4,feature_remove,supplier_issue,mech_b,2025-04-28
CHG-08874,P-1967,5,dimension_update,test_failure,mech_b,2025-01-11
CHG-08875,P-1967,6,material_change,design_review,mech_b,2024-12-23
CHG-08876,P-1968,1,feature_add,design_review,elec_a,2023-03-08
CHG-08877,P-1968,2,dimension_update,supplier_issue,elec_a,2023-03-12
CHG-08878,P-1968,3,feature_remove,test_failure,elec_a,2024-01-07
CHG-08879,P-1968,4,material_change,supplier_issue,elec_a,2023-09-29
CHG-08880,P-1969,1,feature_add,customer_request,hw_integration,2025-11-18
CHG-08881,P-1969,2,feature_add,test_failure,hw_integration,2026-07-28
CHG-08882,P-1969,3,drawing_note,supplier_issue,hw_integration,2025-09-27
CHG-08883,P-1969,4,tolerance_tightening,cost_reduction,hw_integration,2025-06-10
CHG-08884,P-1969,5,material_change,supplier_issue,hw_integration,2025-04-22
CHG-08885,P-1970,1,dimension_update,design_review,elec_a,2025-12-28
CHG-08886,P-1970,2,tolerance_tightening,cost_reduction,elec_a,2025-10-27
CHG-08887,P-1970,3,drawing_note,customer_request,elec_a,2025-09-01
CHG-08888,P-1970,4,feature_add,supplier_issue,elec_a,2025-03-08
CHG-08889,P-1971,1,material_change,supplier_issue,hw_integration,2022-10-04
CHG-08890,P-1971,2,drawing_note,supplier_issue,hw_integration,2023-01-24
CHG-08891,P-1971,3,tolerance_tightening,customer_request,hw_integration,2023-08-04
CHG-08892,P-1971,4,tolerance_tightening,supplier_issue,hw_integration,2022-10-06
CHG-08893,P-1971,5,material_change,test_failure,hw_integration,2023-12-06
CHG-08894,P-1971,6,feature_remove,test_failure,hw_integration,2023-01-31
CHG-08895,P-1971,7,material_change,design_review,hw_integration,2023-11-06
CHG-08896,P-1972,1,feature_remove,customer_request,hw_integration,2023-03-21
CHG-08897,P-1972,2,feature_add,cost_reduction,hw_integration,2022-10-28
CHG-08898,P-1973,1,dimension_update,customer_request,elec_a,2024-07-18
CHG-08899,P-1973,2,material_change,design_review,elec_a,2024-10-04
CHG-08900,P-1973,3,material_change,test_failure,elec_a,2024-11-28
CHG-08901,P-1973,4,feature_add,design_review,elec_a,2024-06-07
CHG-08902,P-1974,1,tolerance_tightening,cost_reduction,hw_integration,2026-01-18
CHG-08903,P-1974,2,tolerance_tightening,design_review,hw_integration,2025-05-28
CHG-08904,P-1974,3,feature_add,supplier_issue,hw_integration,2026-01-05
CHG-08905,P-1974,4,tolerance_tightening,test_failure,hw_integration,2025-10-06
CHG-08906,P-1975,1,tolerance_tightening,test_failure,elec_a,2025-08-14
CHG-08907,P-1975,2,feature_remove,customer_request,elec_a,2025-04-14
CHG-08908,P-1975,3,feature_add,design_review,elec_a,2024-10-16
CHG-08909,P-1976,1,feature_remove,customer_request,hw_integration,2024-10-10
CHG-08910,P-1976,2,material_change,cost_reduction,hw_integration,2025-05-31
CHG-08911,P-1976,3,drawing_note,test_failure,hw_integration,2025-03-26
CHG-08912,P-1976,4,dimension_update,design_review,hw_integration,2024-12-16
CHG-08913,P-1976,5,dimension_update,design_review,hw_integration,2025-01-30
CHG-08914,P-1976,6,dimension_update,customer_request,hw_integration,2025-05-20
CHG-08915,P-1976,7,feature_add,cost_reduction,hw_integration,2024-10-07
CHG-08916,P-1977,1,material_change,supplier_issue,elec_a,2025-02-10
CHG-08917,P-1977,2,feature_add,cost_reduction,elec_a,2024-10-25
CHG-08918,P-1977,3,dimension_update,design_review,elec_a,2024-07-20
CHG-08919,P-1977,4,material_change,customer_request,elec_a,2025-02-02
CHG-08920,P-1977,5,tolerance_tightening,supplier_issue,elec_a,2025-04-20
CHG-08921,P-1977,6,material_change,test_failure,elec_a,2024-11-27
CHG-08922,P-1977,7,tolerance_tightening,design_review,elec_a,2025-11-03
CHG-08923,P-1977,8,tolerance_tightening,design_review,elec_a,2025-09-16
CHG-08924,P-1978,1,material_change,cost_reduction,mech_b,2023-01-30
CHG-08925,P-1979,1,material_change,design_review,elec_a,2022-12-02
CHG-08926,P-1979,2,material_change,cost_reduction,elec_a,2022-09-14
CHG-08927,P-1979,3,material_change,cost_reduction,elec_a,2023-01-22
CHG-08928,P-1979,4,material_change,test_failure,elec_a,2022-07-29
CHG-08929,P-1980,1,dimension_update,test_failure,mech_b,2022-11-01
CHG-08930,P-1980,2,feature_add,customer_request,mech_b,2022-10-05
CHG-08931,P-1980,3,feature_add,customer_request,mech_b,2023-03-03
CHG-08932,P-1980,4,drawing_note,test_failure,mech_b,2023-06-11
CHG-08933,P-1981,1,feature_remove,test_failure,mech_b,2026-03-02
CHG-08934,P-1981,2,feature_add,cost_reduction,mech_b,2025-12-26
CHG-08935,P-1981,3,feature_add,test_failure,mech_b,2025-12-13
CHG-08936,P-1981,4,dimension_update,customer_request,mech_b,2026-03-10
CHG-08937,P-1981,5,dimension_update,design_review,mech_b,2026-04-17
CHG-08938,P-1981,6,dimension_update,supplier_issue,mech_b,2026-08-10
CHG-08939,P-1982,1,drawing_note,supplier_issue,mech_b,2026-07-18
CHG-08940,P-1982,2,tolerance_tightening,design_review,mech_b,2026-05-23
CHG-08941,P-1982,3,tolerance_tightening,supplier_issue,mech_b,2025-11-19
CHG-08942,P-1982,4,material_change,test_failure,mech_b,2025-07-30
CHG-08943,P-1982,5,drawing_note,supplier_issue,mech_b,2026-05-10
CHG-08944,P-1983,1,drawing_note,supplier_issue,mech_b,2025-04-03
CHG-08945,P-1983,2,material_change,customer_request,mech_b,2026-02-21
CHG-08946,P-1983,3,drawing_note,test_failure,mech_b,2025-09-25
CHG-08947,P-1983,4,dimension_update,design_review,mech_b,2025-02-21
CHG-08948,P-1983,5,feature_remove,design_review,mech_b,2025-11-05
CHG-08949,P-1984,1,tolerance_tightening,cost_reduction,mech_b,2022-09-27
CHG-08950,P-1984,2,material_change,test_failure,mech_b,2022-10-31
CHG-08951,P-1984,3,material_change,cost_reduction,mech_b,2023-02-25
CHG-08952,P-1984,4,feature_add,design_review,mech_b,2022-09-12
CHG-08953,P-1985,1,material_change,design_review,elec_a,2026-04-27
CHG-08954,P-1985,2,dimension_update,test_failure,elec_a,2025-07-26
CHG-08955,P-1985,3,material_change,cost_reduction,elec_a,2025-12-27
CHG-08956,P-1985,4,dimension_update,customer_request,elec_a,2026-01-25
CHG-08957,P-1986,1,feature_add,cost_reduction,mech_b,2025-11-05
CHG-08958,P-1986,2,drawing_note,design_review,mech_b,2026-08-06
CHG-08959,P-1986,3,dimension_update,cost_reduction,mech_b,2026-07-01
CHG-08960,P-1986,4,material_change,supplier_issue,mech_b,2026-01-11
CHG-08961,P-1987,1,tolerance_tightening,test_failure,mech_b,2025-10-13
CHG-08962,P-1987,2,dimension_update,design_review,mech_b,2025-01-14
CHG-08963,P-1987,3,feature_add,design_review,mech_b,2025-07-17
CHG-08964,P-1987,4,dimension_update,design_review,mech_b,2025-07-19
CHG-08965,P-1987,5,feature_add,supplier_issue,mech_b,2025-04-16
CHG-08966,P-1987,6,feature_remove,customer_request,mech_b,2025-08-27
CHG-08967,P-1988,1,drawing_note,test_failure,mech_a,2023-10-02
CHG-08968,P-1988,2,feature_add,design_review,mech_a,2024-03-27
CHG-08969,P-1988,3,tolerance_tightening,customer_request,mech_a,2023-09-25
CHG-08970,P-1988,4,material_change,test_failure,mech_a,2024-01-11
CHG-08971,P-1988,5,material_change,cost_reduction,mech_a,2024-06-23
CHG-08972,P-1988,6,tolerance_tightening,customer_request,mech_a,2024-08-26
CHG-08973,P-1989,1,material_change,supplier_issue,mech_b,2023-06-09
CHG-08974,P-1989,2,dimension_update,customer_request,mech_b,2023-04-12
CHG-08975,P-1989,3,material_change,test_failure,mech_b,2023-03-10
CHG-08976,P-1989,4,drawing_note,supplier_issue,mech_b,2023-01-29
CHG-08977,P-1989,5,material_change,design_review,mech_b,2022-05-07
CHG-08978,P-1989,6,tolerance_tightening,supplier_issue,mech_b,2023-01-09
CHG-08979,P-1989,7,feature_remove,design_review,mech_b,2022-07-01
CHG-08980,P-1989,8,feature_remove,test_failure,mech_b,2022-07-10
CHG-08981,P-1990,1,material_change,customer_request,mech_b,2024-02-17
CHG-08982,P-1990,2,material_change,customer_request,mech_b,2023-04-12
CHG-08983,P-1990,3,tolerance_tightening,test_failure,mech_b,2024-06-08
CHG-08984,P-1990,4,drawing_note,cost_reduction,mech_b,2024-07-28
CHG-08985,P-1990,5,tolerance_tightening,cost_reduction,mech_b,2024-08-06
CHG-08986,P-1990,6,drawing_note,design_review,mech_b,2024-06-27
CHG-08987,P-1991,1,material_change,test_failure,hw_integration,2022-11-28
CHG-08988,P-1991,2,feature_remove,design_review,hw_integration,2023-02-28
CHG-08989,P-1991,3,tolerance_tightening,design_review,hw_integration,2024-01-05
CHG-08990,P-1991,4,drawing_note,cost_reduction,hw_integration,2022-10-12
CHG-08991,P-1992,1,drawing_note,customer_request,mech_b,2024-04-20
CHG-08992,P-1992,2,feature_remove,supplier_issue,mech_b,2024-10-24
CHG-08993,P-1992,3,tolerance_tightening,customer_request,mech_b,2025-07-26
CHG-08994,P-1993,1,dimension_update,supplier_issue,mech_a,2026-06-07
CHG-08995,P-1993,2,drawing_note,design_review,mech_a,2026-03-09
CHG-08996,P-1993,3,feature_add,cost_reduction,mech_a,2025-03-13
CHG-08997,P-1993,4,dimension_update,test_failure,mech_a,2025-04-19
CHG-08998,P-1993,5,material_change,design_review,mech_a,2026-01-21
CHG-08999,P-1994,1,feature_remove,supplier_issue,mech_b,2024-03-13
CHG-09000,P-1994,2,feature_add,customer_request,mech_b,2025-01-13
CHG-09001,P-1994,3,tolerance_tightening,cost_reduction,mech_b,2024-12-04
CHG-09002,P-1995,1,dimension_update,test_failure,elec_a,2022-05-07
CHG-09003,P-1995,2,feature_remove,customer_request,elec_a,2022-08-25
CHG-09004,P-1995,3,tolerance_tightening,cost_reduction,elec_a,2023-04-25
CHG-09005,P-1996,1,material_change,cost_reduction,mech_a,2024-03-19
CHG-09006,P-1996,2,material_change,cost_reduction,mech_a,2024-09-07
CHG-09007,P-1996,3,drawing_note,customer_request,mech_a,2023-07-17
CHG-09008,P-1996,4,dimension_update,design_review,mech_a,2024-06-17
CHG-09009,P-1996,5,feature_remove,design_review,mech_a,2024-09-17
CHG-09010,P-1997,1,drawing_note,cost_reduction,mech_a,2025-08-03
CHG-09011,P-1997,2,material_change,customer_request,mech_a,2025-12-01
CHG-09012,P-1998,1,feature_remove,supplier_issue,mech_b,2025-07-16
CHG-09013,P-1998,2,feature_add,customer_request,mech_b,2024-12-12
CHG-09014,P-1999,1,dimension_update,test_failure,mech_b,2022-07-07
CHG-09015,P-1999,2,feature_remove,design_review,mech_b,2023-03-17
CHG-09016,P-1999,3,dimension_update,supplier_issue,mech_b,2023-07-04
CHG-09017,P-2000,1,material_change,supplier_issue,mech_b,2023-11-18
CHG-09018,P-2000,2,tolerance_tightening,design_review,mech_b,2023-10-02
CHG-09019,P-2001,1,material_change,design_review,mech_a,2023-08-27
CHG-09020,P-2001,2,feature_remove,design_review,mech_a,2023-10-11
CHG-09021,P-2001,3,drawing_note,design_review,mech_a,2023-04-01
CHG-09022,P-2002,1,dimension_update,design_review,elec_a,2023-03-21
CHG-09023,P-2002,2,material_change,design_review,elec_a,2022-12-03
CHG-09024,P-2003,1,drawing_note,design_review,mech_a,2023-08-15
CHG-09025,P-2003,2,dimension_update,supplier_issue,mech_a,2023-12-06
CHG-09026,P-2003,3,tolerance_tightening,customer_request,mech_a,2023-10-04
CHG-09027,P-2003,4,drawing_note,cost_reduction,mech_a,2023-10-19
CHG-09028,P-2003,5,dimension_update,supplier_issue,mech_a,2024-01-09
CHG-09029,P-2003,6,dimension_update,design_review,mech_a,2023-11-13
CHG-09030,P-2003,7,material_change,test_failure,mech_a,2023-09-02
CHG-09031,P-2004,1,drawing_note,test_failure,elec_a,2025-12-11
CHG-09032,P-2004,2,tolerance_tightening,design_review,elec_a,2025-03-30
CHG-09033,P-2004,3,material_change,supplier_issue,elec_a,2025-08-29
CHG-09034,P-2005,1,material_change,supplier_issue,elec_a,2023-03-25
CHG-09035,P-2005,2,drawing_note,design_review,elec_a,2023-01-06
CHG-09036,P-2005,3,feature_remove,customer_request,elec_a,2022-08-09
CHG-09037,P-2005,4,drawing_note,design_review,elec_a,2023-10-22
CHG-09038,P-2005,5,dimension_update,cost_reduction,elec_a,2022-12-03
CHG-09039,P-2006,1,material_change,test_failure,mech_a,2024-01-15
CHG-09040,P-2006,2,feature_remove,design_review,mech_a,2024-07-16
CHG-09041,P-2006,3,material_change,cost_reduction,mech_a,2023-11-06
CHG-09042,P-2006,4,material_change,design_review,mech_a,2024-06-03
CHG-09043,P-2006,5,dimension_update,cost_reduction,mech_a,2025-02-07
CHG-09044,P-2006,6,feature_add,design_review,mech_a,2024-05-07
CHG-09045,P-2006,7,material_change,cost_reduction,mech_a,2024-10-17
CHG-09046,P-2007,1,drawing_note,design_review,mech_b,2024-09-02
CHG-09047,P-2007,2,feature_add,design_review,mech_b,2025-05-11
CHG-09048,P-2007,3,drawing_note,design_review,mech_b,2025-03-30
CHG-09049,P-2007,4,tolerance_tightening,cost_reduction,mech_b,2024-05-07
CHG-09050,P-2007,5,feature_remove,supplier_issue,mech_b,2025-08-22
CHG-09051,P-2008,1,tolerance_tightening,supplier_issue,mech_a,2025-08-23
CHG-09052,P-2008,2,material_change,customer_request,mech_a,2025-02-10
CHG-09053,P-2008,3,feature_add,supplier_issue,mech_a,2025-01-02
CHG-09054,P-2008,4,tolerance_tightening,design_review,mech_a,2024-11-06
CHG-09055,P-2008,5,tolerance_tightening,test_failure,mech_a,2025-01-11
CHG-09056,P-2009,1,dimension_update,test_failure,elec_a,2023-08-18
CHG-09057,P-2009,2,feature_add,design_review,elec_a,2023-05-18
CHG-09058,P-2009,3,feature_add,test_failure,elec_a,2024-02-13
CHG-09059,P-2009,4,dimension_update,design_review,elec_a,2024-03-10
CHG-09060,P-2010,1,dimension_update,customer_request,mech_b,2024-09-29
CHG-09061,P-2010,2,dimension_update,customer_request,mech_b,2024-12-09
CHG-09062,P-2010,3,feature_remove,supplier_issue,mech_b,2024-05-25
CHG-09063,P-2010,4,drawing_note,test_failure,mech_b,2024-10-09
CHG-09064,P-2010,5,tolerance_tightening,test_failure,mech_b,2025-03-27
CHG-09065,P-2011,1,material_change,cost_reduction,mech_b,2024-09-12
CHG-09066,P-2011,2,material_change,design_review,mech_b,2025-01-14
CHG-09067,P-2011,3,feature_add,design_review,mech_b,2025-04-04
CHG-09068,P-2011,4,feature_remove,test_failure,mech_b,2025-02-25
CHG-09069,P-2012,1,feature_add,test_failure,mech_a,2024-09-12
CHG-09070,P-2012,2,feature_remove,cost_reduction,mech_a,2024-09-24
CHG-09071,P-2012,3,drawing_note,test_failure,mech_a,2024-05-10
CHG-09072,P-2012,4,feature_add,test_failure,mech_a,2024-07-05
CHG-09073,P-2012,5,drawing_note,supplier_issue,mech_a,2025-05-23
CHG-09074,P-2012,6,feature_remove,design_review,mech_a,2024-10-31
CHG-09075,P-2013,1,feature_add,cost_reduction,mech_b,2026-03-14
CHG-09076,P-2013,2,tolerance_tightening,customer_request,mech_b,2025-08-31
CHG-09077,P-2013,3,tolerance_tightening,design_review,mech_b,2025-05-24
CHG-09078,P-2013,4,feature_remove,supplier_issue,mech_b,2025-11-10
CHG-09079,P-2013,5,feature_add,customer_request,mech_b,2026-01-13
CHG-09080,P-2014,1,dimension_update,supplier_issue,mech_b,2024-02-15
CHG-09081,P-2014,2,tolerance_tightening,test_failure,mech_b,2023-07-23
CHG-09082,P-2014,3,feature_add,design_review,mech_b,2023-04-02
CHG-09083,P-2014,4,tolerance_tightening,design_review,mech_b,2023-11-23
CHG-09084,P-2014,5,dimension_update,design_review,mech_b,2023-12-24
CHG-09085,P-2015,1,material_change,design_review,mech_a,2022-07-05
CHG-09086,P-2015,2,tolerance_tightening,design_review,mech_a,2022-10-31
CHG-09087,P-2016,1,material_change,test_failure,hw_integration,2026-03-17
CHG-09088,P-2016,2,dimension_update,test_failure,hw_integration,2025-04-12
CHG-09089,P-2016,3,feature_remove,customer_request,hw_integration,2025-04-10
CHG-09090,P-2017,1,drawing_note,test_failure,mech_b,2025-07-08
CHG-09091,P-2017,2,material_change,design_review,mech_b,2025-01-14
CHG-09092,P-2017,3,feature_remove,design_review,mech_b,2025-06-02
CHG-09093,P-2017,4,feature_remove,design_review,mech_b,2025-07-25
CHG-09094,P-2018,1,feature_add,design_review,mech_a,2024-02-07
CHG-09095,P-2018,2,dimension_update,supplier_issue,mech_a,2023-12-11
CHG-09096,P-2018,3,material_change,supplier_issue,mech_a,2024-07-02
CHG-09097,P-2018,4,dimension_update,supplier_issue,mech_a,2024-01-03
CHG-09098,P-2018,5,feature_remove,supplier_issue,mech_a,2023-08-16
CHG-09099,P-2019,1,feature_remove,design_review,elec_a,2024-11-10
CHG-09100,P-2019,2,feature_remove,customer_request,elec_a,2025-02-11
CHG-09101,P-2019,3,drawing_note,design_review,elec_a,2024-07-15
CHG-09102,P-2019,4,drawing_note,design_review,elec_a,2024-05-18
CHG-09103,P-2019,5,tolerance_tightening,test_failure,elec_a,2024-12-31
CHG-09104,P-2019,6,material_change,test_failure,elec_a,2025-03-24
CHG-09105,P-2020,1,feature_remove,test_failure,mech_b,2025-06-15
CHG-09106,P-2020,2,feature_remove,design_review,mech_b,2026-05-07
CHG-09107,P-2020,3,tolerance_tightening,customer_request,mech_b,2026-06-30
CHG-09108,P-2020,4,material_change,test_failure,mech_b,2025-07-31
CHG-09109,P-2020,5,drawing_note,customer_request,mech_b,2025-03-25
CHG-09110,P-2021,1,dimension_update,test_failure,mech_b,2026-01-26
CHG-09111,P-2021,2,feature_remove,supplier_issue,mech_b,2026-04-10
CHG-09112,P-2021,3,feature_add,design_review,mech_b,2025-10-19
CHG-09113,P-2021,4,feature_remove,cost_reduction,mech_b,2025-08-31
CHG-09114,P-2021,5,feature_add,cost_reduction,mech_b,2025-12-06
CHG-09115,P-2021,6,dimension_update,design_review,mech_b,2026-05-12
CHG-09116,P-2022,1,feature_add,design_review,elec_a,2025-03-31
CHG-09117,P-2022,2,drawing_note,test_failure,elec_a,2025-01-27
CHG-09118,P-2022,3,tolerance_tightening,test_failure,elec_a,2025-09-02
CHG-09119,P-2022,4,material_change,test_failure,elec_a,2025-12-18
CHG-09120,P-2022,5,dimension_update,design_review,elec_a,2025-05-17
CHG-09121,P-2022,6,feature_remove,supplier_issue,elec_a,2025-11-10
CHG-09122,P-2022,7,dimension_update,design_review,elec_a,2024-12-27
CHG-09123,P-2023,1,material_change,test_failure,mech_a,2024-03-01
CHG-09124,P-2023,2,dimension_update,cost_reduction,mech_a,2025-06-02
CHG-09125,P-2023,3,material_change,customer_request,mech_a,2024-08-14
CHG-09126,P-2023,4,material_change,test_failure,mech_a,2024-06-22
CHG-09127,P-2023,5,drawing_note,design_review,mech_a,2024-11-15
CHG-09128,P-2023,6,drawing_note,design_review,mech_a,2024-09-23
CHG-09129,P-2023,7,tolerance_tightening,customer_request,mech_a,2024-02-12
CHG-09130,P-2024,1,dimension_update,design_review,elec_a,2024-07-25
CHG-09131,P-2024,2,feature_remove,test_failure,elec_a,2024-11-15
CHG-09132,P-2024,3,dimension_update,design_review,elec_a,2025-07-13
CHG-09133,P-2024,4,feature_add,cost_reduction,elec_a,2025-04-18
CHG-09134,P-2024,5,drawing_note,customer_request,elec_a,2025-08-14
CHG-09135,P-2024,6,feature_add,design_review,elec_a,2025-08-23
CHG-09136,P-2024,7,feature_add,cost_reduction,elec_a,2024-10-02
CHG-09137,P-2025,1,material_change,design_review,mech_a,2025-02-06
CHG-09138,P-2025,2,drawing_note,test_failure,mech_a,2024-10-30
CHG-09139,P-2025,3,tolerance_tightening,test_failure,mech_a,2024-01-21
CHG-09140,P-2025,4,material_change,design_review,mech_a,2024-02-08
CHG-09141,P-2025,5,drawing_note,design_review,mech_a,2024-03-07
CHG-09142,P-2026,1,drawing_note,design_review,mech_a,2023-09-09
CHG-09143,P-2026,2,drawing_note,design_review,mech_a,2023-10-01
CHG-09144,P-2026,3,tolerance_tightening,design_review,mech_a,2024-07-01
CHG-09145,P-2026,4,dimension_update,supplier_issue,mech_a,2024-03-26
CHG-09146,P-2027,1,tolerance_tightening,design_review,mech_a,2024-10-26
CHG-09147,P-2027,2,material_change,design_review,mech_a,2024-05-31
CHG-09148,P-2027,3,material_change,test_failure,mech_a,2024-06-08
CHG-09149,P-2027,4,tolerance_tightening,design_review,mech_a,2024-06-19
CHG-09150,P-2028,1,tolerance_tightening,design_review,mech_a,2022-12-14
CHG-09151,P-2028,2,drawing_note,customer_request,mech_a,2022-09-06
CHG-09152,P-2028,3,material_change,test_failure,mech_a,2023-02-13
CHG-09153,P-2028,4,tolerance_tightening,customer_request,mech_a,2022-10-30
CHG-09154,P-2029,1,feature_remove,supplier_issue,mech_b,2025-12-17
CHG-09155,P-2029,2,feature_add,customer_request,mech_b,2025-05-23
CHG-09156,P-2029,3,material_change,supplier_issue,mech_b,2025-08-27
CHG-09157,P-2029,4,tolerance_tightening,test_failure,mech_b,2025-10-13
CHG-09158,P-2030,1,drawing_note,design_review,hw_integration,2024-03-09
CHG-09159,P-2030,2,drawing_note,customer_request,hw_integration,2023-11-15
CHG-09160,P-2031,1,material_change,test_failure,hw_integration,2023-12-16
CHG-09161,P-2031,2,tolerance_tightening,test_failure,hw_integration,2024-07-05
CHG-09162,P-2031,3,material_change,cost_reduction,hw_integration,2024-10-01
CHG-09163,P-2031,4,feature_add,design_review,hw_integration,2024-10-09
CHG-09164,P-2031,5,feature_add,test_failure,hw_integration,2024-01-19
CHG-09165,P-2032,1,feature_add,test_failure,mech_a,2025-09-01
CHG-09166,P-2032,2,tolerance_tightening,test_failure,mech_a,2024-05-09
CHG-09167,P-2032,3,feature_add,test_failure,mech_a,2025-02-21
CHG-09168,P-2033,1,dimension_update,design_review,hw_integration,2023-11-17
CHG-09169,P-2033,2,feature_remove,design_review,hw_integration,2023-03-22
CHG-09170,P-2033,3,material_change,customer_request,hw_integration,2023-06-21
CHG-09171,P-2033,4,feature_add,design_review,hw_integration,2023-05-06
CHG-09172,P-2033,5,material_change,test_failure,hw_integration,2023-02-26
CHG-09173,P-2034,1,tolerance_tightening,cost_reduction,elec_a,2023-05-22
CHG-09174,P-2034,2,material_change,design_review,elec_a,2023-03-18
CHG-09175,P-2034,3,drawing_note,cost_reduction,elec_a,2023-12-18
CHG-09176,P-2034,4,material_change,design_review,elec_a,2024-01-28
CHG-09177,P-2035,1,tolerance_tightening,design_review,elec_a,2022-10-02
CHG-09178,P-2035,2,dimension_update,test_failure,elec_a,2023-10-27
CHG-09179,P-2035,3,feature_add,cost_reduction,elec_a,2022-10-01
CHG-09180,P-2035,4,drawing_note,supplier_issue,elec_a,2022-12-13
CHG-09181,P-2035,5,feature_remove,design_review,elec_a,2022-12-06
CHG-09182,P-2035,6,feature_remove,design_review,elec_a,2023-05-15
CHG-09183,P-2036,1,feature_add,test_failure,hw_integration,2022-05-17
CHG-09184,P-2036,2,dimension_update,design_review,hw_integration,2023-03-28
CHG-09185,P-2036,3,feature_remove,customer_request,hw_integration,2023-06-15
CHG-09186,P-2036,4,dimension_update,design_review,hw_integration,2023-02-16
CHG-09187,P-2036,5,tolerance_tightening,design_review,hw_integration,2023-04-24
CHG-09188,P-2036,6,feature_add,design_review,hw_integration,2022-07-27
CHG-09189,P-2036,7,material_change,design_review,hw_integration,2022-12-12
CHG-09190,P-2037,1,tolerance_tightening,test_failure,mech_b,2025-08-26
CHG-09191,P-2037,2,feature_remove,customer_request,mech_b,2025-07-14
CHG-09192,P-2037,3,feature_remove,design_review,mech_b,2025-03-23
CHG-09193,P-2037,4,feature_remove,supplier_issue,mech_b,2025-11-27
CHG-09194,P-2038,1,feature_remove,test_failure,mech_b,2024-04-28
CHG-09195,P-2038,2,feature_remove,cost_reduction,mech_b,2024-05-27
CHG-09196,P-2038,3,dimension_update,design_review,mech_b,2024-05-15
CHG-09197,P-2039,1,feature_remove,cost_reduction,elec_a,2025-09-24
CHG-09198,P-2040,1,material_change,cost_reduction,elec_a,2023-03-11
CHG-09199,P-2040,2,tolerance_tightening,supplier_issue,elec_a,2022-07-28
CHG-09200,P-2040,3,dimension_update,cost_reduction,elec_a,2023-11-04
CHG-09201,P-2040,4,feature_remove,customer_request,elec_a,2022-12-01
CHG-09202,P-2040,5,drawing_note,test_failure,elec_a,2022-10-26
CHG-09203,P-2040,6,material_change,design_review,elec_a,2023-05-25
CHG-09204,P-2040,7,feature_remove,test_failure,elec_a,2022-09-18
CHG-09205,P-2041,1,material_change,test_failure,elec_a,2025-08-18
CHG-09206,P-2041,2,feature_remove,supplier_issue,elec_a,2025-12-27
CHG-09207,P-2041,3,drawing_note,customer_request,elec_a,2025-08-15
CHG-09208,P-2041,4,drawing_note,test_failure,elec_a,2025-01-14
CHG-09209,P-2041,5,dimension_update,supplier_issue,elec_a,2025-03-02
CHG-09210,P-2042,1,material_change,supplier_issue,mech_a,2024-02-14
CHG-09211,P-2042,2,drawing_note,test_failure,mech_a,2024-03-02
CHG-09212,P-2042,3,feature_add,design_review,mech_a,2023-10-03
CHG-09213,P-2043,1,feature_remove,test_failure,hw_integration,2024-07-08
CHG-09214,P-2043,2,material_change,design_review,hw_integration,2024-11-19
CHG-09215,P-2043,3,feature_add,test_failure,hw_integration,2023-12-02
CHG-09216,P-2043,4,feature_remove,customer_request,hw_integration,2024-10-01
CHG-09217,P-2043,5,material_change,test_failure,hw_integration,2023-10-18
CHG-09218,P-2043,6,material_change,test_failure,hw_integration,2024-11-16
CHG-09219,P-2044,1,tolerance_tightening,design_review,mech_b,2024-08-12
CHG-09220,P-2044,2,feature_remove,cost_reduction,mech_b,2024-07-15
CHG-09221,P-2044,3,drawing_note,customer_request,mech_b,2023-11-02
CHG-09222,P-2044,4,material_change,test_failure,mech_b,2024-02-08
CHG-09223,P-2044,5,feature_add,design_review,mech_b,2024-04-19
CHG-09224,P-2044,6,drawing_note,design_review,mech_b,2023-11-21
CHG-09225,P-2044,7,material_change,supplier_issue,mech_b,2023-10-05
CHG-09226,P-2044,8,tolerance_tightening,design_review,mech_b,2023-12-09
CHG-09227,P-2044,9,material_change,supplier_issue,mech_b,2024-07-10
CHG-09228,P-2044,10,tolerance_tightening,test_failure,mech_b,2024-08-27
CHG-09229,P-2045,1,drawing_note,design_review,hw_integration,2024-12-31
CHG-09230,P-2045,2,feature_remove,test_failure,hw_integration,2024-08-27
CHG-09231,P-2045,3,drawing_note,design_review,hw_integration,2025-07-19
CHG-09232,P-2045,4,drawing_note,customer_request,hw_integration,2025-02-19
CHG-09233,P-2046,1,dimension_update,design_review,mech_b,2023-01-01
CHG-09234,P-2046,2,material_change,test_failure,mech_b,2022-08-08
CHG-09235,P-2046,3,feature_remove,test_failure,mech_b,2023-02-20
CHG-09236,P-2047,1,material_change,test_failure,mech_a,2025-06-30
CHG-09237,P-2047,2,dimension_update,design_review,mech_a,2026-05-31
CHG-09238,P-2047,3,feature_add,design_review,mech_a,2026-01-01
CHG-09239,P-2048,1,feature_remove,customer_request,hw_integration,2023-05-27
CHG-09240,P-2048,2,tolerance_tightening,design_review,hw_integration,2022-10-29
CHG-09241,P-2048,3,tolerance_tightening,test_failure,hw_integration,2022-06-30
CHG-09242,P-2048,4,material_change,supplier_issue,hw_integration,2023-08-27
CHG-09243,P-2048,5,feature_add,customer_request,hw_integration,2023-09-15
CHG-09244,P-2048,6,feature_remove,test_failure,hw_integration,2022-11-29
CHG-09245,P-2048,7,feature_add,cost_reduction,hw_integration,2022-10-20
CHG-09246,P-2049,1,feature_add,design_review,elec_a,2025-07-06
CHG-09247,P-2049,2,drawing_note,cost_reduction,elec_a,2025-02-25
CHG-09248,P-2049,3,drawing_note,design_review,elec_a,2024-09-10
CHG-09249,P-2049,4,feature_remove,supplier_issue,elec_a,2025-05-11
CHG-09250,P-2050,1,feature_add,design_review,mech_a,2023-02-02
CHG-09251,P-2050,2,material_change,supplier_issue,mech_a,2022-12-11
CHG-09252,P-2050,3,material_change,customer_request,mech_a,2023-12-03
CHG-09253,P-2050,4,feature_remove,supplier_issue,mech_a,2023-01-11
CHG-09254,P-2050,5,tolerance_tightening,design_review,mech_a,2022-11-04
CHG-09255,P-2051,1,drawing_note,customer_request,mech_a,2025-12-13
CHG-09256,P-2051,2,drawing_note,test_failure,mech_a,2025-05-21
CHG-09257,P-2051,3,feature_remove,test_failure,mech_a,2026-05-06
CHG-09258,P-2051,4,feature_remove,design_review,mech_a,2026-02-16
CHG-09259,P-2051,5,dimension_update,customer_request,mech_a,2026-03-30
CHG-09260,P-2052,1,drawing_note,design_review,mech_a,2025-04-18
CHG-09261,P-2052,2,drawing_note,customer_request,mech_a,2025-03-16
CHG-09262,P-2052,3,tolerance_tightening,test_failure,mech_a,2024-02-02
CHG-09263,P-2052,4,material_change,design_review,mech_a,2025-03-05
CHG-09264,P-2053,1,material_change,design_review,mech_a,2025-05-22
CHG-09265,P-2053,2,dimension_update,design_review,mech_a,2025-07-16
CHG-09266,P-2053,3,material_change,design_review,mech_a,2026-07-24
CHG-09267,P-2053,4,drawing_note,design_review,mech_a,2025-09-12
CHG-09268,P-2053,5,dimension_update,cost_reduction,mech_a,2025-06-14
CHG-09269,P-2053,6,feature_remove,test_failure,mech_a,2025-09-27
CHG-09270,P-2053,7,tolerance_tightening,test_failure,mech_a,2025-09-02
CHG-09271,P-2053,8,drawing_note,customer_request,mech_a,2026-06-14
CHG-09272,P-2054,1,drawing_note,cost_reduction,hw_integration,2025-11-21
CHG-09273,P-2054,2,drawing_note,design_review,hw_integration,2026-05-22
CHG-09274,P-2054,3,dimension_update,cost_reduction,hw_integration,2026-07-26
CHG-09275,P-2055,1,feature_add,test_failure,mech_a,2023-11-07
CHG-09276,P-2055,2,feature_add,cost_reduction,mech_a,2024-03-06
CHG-09277,P-2055,3,feature_add,cost_reduction,mech_a,2023-10-03
CHG-09278,P-2055,4,drawing_note,cost_reduction,mech_a,2024-01-04
CHG-09279,P-2055,5,dimension_update,test_failure,mech_a,2023-11-26
CHG-09280,P-2056,1,tolerance_tightening,supplier_issue,mech_a,2022-11-23
CHG-09281,P-2057,1,feature_add,design_review,hw_integration,2023-05-13
CHG-09282,P-2057,2,feature_add,design_review,hw_integration,2023-09-03
CHG-09283,P-2057,3,drawing_note,supplier_issue,hw_integration,2022-07-17
CHG-09284,P-2057,4,dimension_update,customer_request,hw_integration,2022-05-28
CHG-09285,P-2057,5,dimension_update,design_review,hw_integration,2022-11-26
CHG-09286,P-2057,6,tolerance_tightening,design_review,hw_integration,2023-08-05
CHG-09287,P-2058,1,feature_remove,cost_reduction,hw_integration,2025-10-22
CHG-09288,P-2058,2,tolerance_tightening,design_review,hw_integration,2025-01-07
CHG-09289,P-2058,3,dimension_update,design_review,hw_integration,2024-12-25
CHG-09290,P-2058,4,drawing_note,design_review,hw_integration,2025-10-01
CHG-09291,P-2058,5,feature_remove,cost_reduction,hw_integration,2024-11-09
CHG-09292,P-2059,1,feature_add,customer_request,mech_a,2022-05-22
CHG-09293,P-2059,2,drawing_note,test_failure,mech_a,2023-01-09
CHG-09294,P-2059,3,drawing_note,customer_request,mech_a,2023-05-06
CHG-09295,P-2059,4,drawing_note,customer_request,mech_a,2022-02-12
CHG-09296,P-2060,1,feature_remove,customer_request,elec_a,2022-10-26
CHG-09297,P-2060,2,feature_remove,customer_request,elec_a,2023-01-30
CHG-09298,P-2060,3,material_change,test_failure,elec_a,2023-05-16
CHG-09299,P-2060,4,dimension_update,test_failure,elec_a,2023-10-19
CHG-09300,P-2060,5,drawing_note,cost_reduction,elec_a,2022-10-22
CHG-09301,P-2061,1,material_change,cost_reduction,elec_a,2025-05-21
CHG-09302,P-2061,2,drawing_note,test_failure,elec_a,2025-09-06
CHG-09303,P-2061,3,feature_remove,design_review,elec_a,2025-03-15
CHG-09304,P-2061,4,feature_remove,test_failure,elec_a,2025-03-09
CHG-09305,P-2061,5,material_change,customer_request,elec_a,2025-05-07
CHG-09306,P-2062,1,feature_remove,test_failure,elec_a,2025-05-06
CHG-09307,P-2062,2,drawing_note,supplier_issue,elec_a,2025-07-08
CHG-09308,P-2062,3,feature_remove,design_review,elec_a,2025-02-17
CHG-09309,P-2063,1,feature_remove,test_failure,mech_b,2023-09-05
CHG-09310,P-2063,2,feature_remove,customer_request,mech_b,2023-11-19
CHG-09311,P-2063,3,feature_remove,test_failure,mech_b,2024-01-06
CHG-09312,P-2063,4,drawing_note,cost_reduction,mech_b,2023-08-12
CHG-09313,P-2063,5,feature_remove,customer_request,mech_b,2024-02-19
CHG-09314,P-2063,6,dimension_update,test_failure,mech_b,2023-08-20
CHG-09315,P-2063,7,dimension_update,cost_reduction,mech_b,2024-12-02
CHG-09316,P-2064,1,drawing_note,design_review,hw_integration,2023-06-20
CHG-09317,P-2064,2,drawing_note,design_review,hw_integration,2023-05-01
CHG-09318,P-2064,3,drawing_note,test_failure,hw_integration,2022-12-18
CHG-09319,P-2065,1,feature_remove,test_failure,hw_integration,2025-08-31
CHG-09320,P-2065,2,feature_remove,design_review,hw_integration,2026-01-21
CHG-09321,P-2065,3,feature_add,test_failure,hw_integration,2025-09-18
CHG-09322,P-2065,4,dimension_update,customer_request,hw_integration,2026-01-08
CHG-09323,P-2066,1,drawing_note,design_review,elec_a,2025-04-12
CHG-09324,P-2066,2,feature_add,customer_request,elec_a,2025-12-31
CHG-09325,P-2066,3,tolerance_tightening,cost_reduction,elec_a,2025-07-11
CHG-09326,P-2066,4,drawing_note,design_review,elec_a,2025-02-25
CHG-09327,P-2067,1,dimension_update,supplier_issue,hw_integration,2022-10-03
CHG-09328,P-2067,2,feature_add,supplier_issue,hw_integration,2023-06-15
CHG-09329,P-2067,3,material_change,design_review,hw_integration,2022-03-14
CHG-09330,P-2067,4,feature_add,test_failure,hw_integration,2023-07-09
CHG-09331,P-2067,5,tolerance_tightening,supplier_issue,hw_integration,2022-03-31
CHG-09332,P-2068,1,dimension_update,cost_reduction,mech_a,2025-10-07
CHG-09333,P-2068,2,dimension_update,customer_request,mech_a,2025-01-19
CHG-09334,P-2068,3,dimension_update,test_failure,mech_a,2025-04-08
CHG-09335,P-2068,4,material_change,customer_request,mech_a,2025-07-31
CHG-09336,P-2068,5,drawing_note,design_review,mech_a,2024-08-21
CHG-09337,P-2068,6,drawing_note,test_failure,mech_a,2025-09-11
CHG-09338,P-2068,7,feature_remove,test_failure,mech_a,2025-10-08
CHG-09339,P-2069,1,drawing_note,design_review,elec_a,2023-12-12
CHG-09340,P-2069,2,drawing_note,cost_reduction,elec_a,2023-10-25
CHG-09341,P-2069,3,drawing_note,design_review,elec_a,2024-06-13
CHG-09342,P-2069,4,tolerance_tightening,design_review,elec_a,2023-09-17
CHG-09343,P-2070,1,tolerance_tightening,test_failure,hw_integration,2024-09-29
CHG-09344,P-2070,2,feature_remove,cost_reduction,hw_integration,2024-08-22
CHG-09345,P-2070,3,tolerance_tightening,design_review,hw_integration,2025-05-24
CHG-09346,P-2070,4,drawing_note,design_review,hw_integration,2025-04-25
CHG-09347,P-2070,5,tolerance_tightening,customer_request,hw_integration,2025-09-07
CHG-09348,P-2070,6,tolerance_tightening,test_failure,hw_integration,2024-08-26
CHG-09349,P-2070,7,material_change,cost_reduction,hw_integration,2025-03-11
CHG-09350,P-2070,8,material_change,test_failure,hw_integration,2025-09-01
CHG-09351,P-2070,9,tolerance_tightening,design_review,hw_integration,2025-01-17
CHG-09352,P-2071,1,tolerance_tightening,customer_request,elec_a,2023-03-15
CHG-09353,P-2071,2,drawing_note,test_failure,elec_a,2023-09-29
CHG-09354,P-2071,3,material_change,supplier_issue,elec_a,2024-03-19
CHG-09355,P-2071,4,tolerance_tightening,cost_reduction,elec_a,2024-02-20
CHG-09356,P-2071,5,feature_add,supplier_issue,elec_a,2024-01-05
CHG-09357,P-2072,1,feature_add,supplier_issue,hw_integration,2022-11-23
CHG-09358,P-2072,2,feature_remove,supplier_issue,hw_integration,2022-12-09
CHG-09359,P-2072,3,dimension_update,design_review,hw_integration,2023-04-09
CHG-09360,P-2072,4,dimension_update,design_review,hw_integration,2022-04-07
CHG-09361,P-2073,1,feature_remove,test_failure,mech_b,2025-01-05
CHG-09362,P-2073,2,feature_add,design_review,mech_b,2025-04-04
CHG-09363,P-2073,3,drawing_note,supplier_issue,mech_b,2025-02-02
CHG-09364,P-2073,4,dimension_update,test_failure,mech_b,2024-09-27
CHG-09365,P-2073,5,material_change,customer_request,mech_b,2025-12-27
CHG-09366,P-2074,1,feature_remove,test_failure,hw_integration,2026-01-02
CHG-09367,P-2074,2,dimension_update,design_review,hw_integration,2026-03-19
CHG-09368,P-2074,3,tolerance_tightening,test_failure,hw_integration,2025-10-29
CHG-09369,P-2074,4,feature_remove,design_review,hw_integration,2025-07-09
CHG-09370,P-2074,5,tolerance_tightening,cost_reduction,hw_integration,2025-04-01
CHG-09371,P-2074,6,feature_remove,customer_request,hw_integration,2025-11-02
CHG-09372,P-2075,1,feature_remove,design_review,hw_integration,2024-12-31
CHG-09373,P-2075,2,dimension_update,cost_reduction,hw_integration,2024-06-27
CHG-09374,P-2075,3,material_change,design_review,hw_integration,2025-07-22
CHG-09375,P-2075,4,tolerance_tightening,cost_reduction,hw_integration,2025-03-19
CHG-09376,P-2076,1,feature_add,customer_request,elec_a,2022-10-17
CHG-09377,P-2076,2,tolerance_tightening,cost_reduction,elec_a,2023-11-10
CHG-09378,P-2076,3,material_change,cost_reduction,elec_a,2022-10-16
CHG-09379,P-2076,4,feature_remove,design_review,elec_a,2023-03-29
CHG-09380,P-2077,1,feature_remove,customer_request,elec_a,2024-08-14
CHG-09381,P-2078,1,feature_remove,design_review,elec_a,2023-12-13
CHG-09382,P-2078,2,drawing_note,cost_reduction,elec_a,2024-08-17
CHG-09383,P-2078,3,feature_remove,design_review,elec_a,2024-02-12
CHG-09384,P-2078,4,feature_remove,customer_request,elec_a,2025-02-15
CHG-09385,P-2078,5,dimension_update,design_review,elec_a,2025-02-11
CHG-09386,P-2079,1,drawing_note,test_failure,mech_b,2025-11-26
CHG-09387,P-2079,2,feature_add,test_failure,mech_b,2025-03-04
CHG-09388,P-2079,3,drawing_note,design_review,mech_b,2025-12-30
CHG-09389,P-2079,4,drawing_note,customer_request,mech_b,2026-02-04
CHG-09390,P-2079,5,drawing_note,test_failure,mech_b,2025-12-16
CHG-09391,P-2079,6,tolerance_tightening,design_review,mech_b,2025-05-06
CHG-09392,P-2079,7,tolerance_tightening,design_review,mech_b,2024-11-22
CHG-09393,P-2080,1,dimension_update,customer_request,elec_a,2025-11-25
CHG-09394,P-2080,2,feature_add,test_failure,elec_a,2025-04-24
CHG-09395,P-2080,3,dimension_update,customer_request,elec_a,2025-06-02
CHG-09396,P-2081,1,dimension_update,test_failure,hw_integration,2025-05-29
CHG-09397,P-2081,2,material_change,cost_reduction,hw_integration,2025-08-24
CHG-09398,P-2081,3,tolerance_tightening,customer_request,hw_integration,2026-01-23
CHG-09399,P-2082,1,feature_add,test_failure,mech_a,2025-05-31
CHG-09400,P-2082,2,tolerance_tightening,test_failure,mech_a,2025-06-25
CHG-09401,P-2082,3,material_change,test_failure,mech_a,2024-09-29
CHG-09402,P-2082,4,feature_remove,design_review,mech_a,2025-02-28
CHG-09403,P-2082,5,feature_add,customer_request,mech_a,2024-12-09
CHG-09404,P-2083,1,dimension_update,design_review,mech_a,2026-03-05
CHG-09405,P-2083,2,drawing_note,cost_reduction,mech_a,2025-07-28
CHG-09406,P-2083,3,dimension_update,test_failure,mech_a,2026-08-25
CHG-09407,P-2083,4,material_change,design_review,mech_a,2025-10-31
CHG-09408,P-2083,5,dimension_update,design_review,mech_a,2025-10-20
CHG-09409,P-2084,1,feature_remove,test_failure,mech_b,2025-04-11
CHG-09410,P-2084,2,dimension_update,design_review,mech_b,2025-03-22
CHG-09411,P-2084,3,feature_add,cost_reduction,mech_b,2025-09-03
CHG-09412,P-2084,4,material_change,design_review,mech_b,2026-03-16
CHG-09413,P-2085,1,dimension_update,cost_reduction,mech_b,2022-12-24
CHG-09414,P-2085,2,material_change,test_failure,mech_b,2023-06-14
CHG-09415,P-2085,3,feature_remove,test_failure,mech_b,2023-04-10
CHG-09416,P-2085,4,tolerance_tightening,test_failure,mech_b,2023-10-11
CHG-09417,P-2085,5,tolerance_tightening,design_review,mech_b,2022-09-23
CHG-09418,P-2085,6,material_change,supplier_issue,mech_b,2023-03-06
CHG-09419,P-2086,1,material_change,test_failure,elec_a,2024-11-08
CHG-09420,P-2086,2,material_change,design_review,elec_a,2025-01-29
CHG-09421,P-2086,3,drawing_note,design_review,elec_a,2025-09-03
CHG-09422,P-2086,4,feature_remove,customer_request,elec_a,2025-09-03
CHG-09423,P-2086,5,drawing_note,design_review,elec_a,2024-09-20
CHG-09424,P-2087,1,dimension_update,customer_request,mech_b,2022-09-05
CHG-09425,P-2087,2,drawing_note,supplier_issue,mech_b,2023-06-25
CHG-09426,P-2087,3,drawing_note,cost_reduction,mech_b,2023-03-27
CHG-09427,P-2087,4,feature_add,customer_request,mech_b,2022-07-01
CHG-09428,P-2087,5,tolerance_tightening,test_failure,mech_b,2022-10-25
CHG-09429,P-2087,6,feature_remove,cost_reduction,mech_b,2023-04-06
CHG-09430,P-2087,7,tolerance_tightening,test_failure,mech_b,2023-01-12
CHG-09431,P-2088,1,material_change,test_failure,elec_a,2024-10-20
CHG-09432,P-2088,2,material_change,design_review,elec_a,2025-04-25
CHG-09433,P-2089,1,dimension_update,design_review,mech_a,2024-01-14
CHG-09434,P-2089,2,drawing_note,supplier_issue,mech_a,2023-01-09
CHG-09435,P-2089,3,dimension_update,supplier_issue,mech_a,2023-03-10
CHG-09436,P-2090,1,feature_add,cost_reduction,mech_b,2023-10-26
CHG-09437,P-2090,2,feature_add,design_review,mech_b,2023-09-12
CHG-09438,P-2090,3,tolerance_tightening,design_review,mech_b,2024-02-11
CHG-09439,P-2090,4,material_change,customer_request,mech_b,2024-04-23
CHG-09440,P-2091,1,tolerance_tightening,cost_reduction,elec_a,2025-01-15
CHG-09441,P-2092,1,material_change,design_review,mech_b,2024-07-31
CHG-09442,P-2092,2,tolerance_tightening,test_failure,mech_b,2023-07-21
CHG-09443,P-2092,3,dimension_update,test_failure,mech_b,2024-01-30
CHG-09444,P-2092,4,feature_add,test_failure,mech_b,2023-06-06
CHG-09445,P-2092,5,feature_add,test_failure,mech_b,2023-09-16
CHG-09446,P-2092,6,feature_add,test_failure,mech_b,2023-09-12
CHG-09447,P-2092,7,material_change,test_failure,mech_b,2024-02-17
CHG-09448,P-2092,8,dimension_update,test_failure,mech_b,2023-08-12
CHG-09449,P-2093,1,material_change,design_review,elec_a,2025-02-26
CHG-09450,P-2093,2,feature_add,supplier_issue,elec_a,2024-09-11
CHG-09451,P-2093,3,material_change,customer_request,elec_a,2024-12-16
CHG-09452,P-2093,4,feature_remove,customer_request,elec_a,2024-04-23
CHG-09453,P-2094,1,feature_add,supplier_issue,elec_a,2024-06-19
CHG-09454,P-2094,2,material_change,supplier_issue,elec_a,2024-07-22
CHG-09455,P-2094,3,feature_add,design_review,elec_a,2024-05-05
CHG-09456,P-2094,4,feature_remove,test_failure,elec_a,2024-11-11
CHG-09457,P-2095,1,feature_add,test_failure,mech_b,2024-09-09
CHG-09458,P-2095,2,tolerance_tightening,supplier_issue,mech_b,2025-03-18
CHG-09459,P-2095,3,feature_add,design_review,mech_b,2024-08-25
CHG-09460,P-2095,4,material_change,design_review,mech_b,2025-05-29
CHG-09461,P-2095,5,feature_add,test_failure,mech_b,2024-04-18
CHG-09462,P-2096,1,feature_add,cost_reduction,mech_b,2024-02-09
CHG-09463,P-2096,2,material_change,test_failure,mech_b,2024-02-14
CHG-09464,P-2096,3,tolerance_tightening,test_failure,mech_b,2024-09-01
CHG-09465,P-2096,4,material_change,cost_reduction,mech_b,2024-03-27
CHG-09466,P-2097,1,material_change,supplier_issue,hw_integration,2023-12-15
CHG-09467,P-2097,2,tolerance_tightening,test_failure,hw_integration,2024-01-26
CHG-09468,P-2097,3,tolerance_tightening,customer_request,hw_integration,2023-01-17
CHG-09469,P-2098,1,material_change,test_failure,hw_integration,2024-08-16
CHG-09470,P-2098,2,feature_remove,design_review,hw_integration,2025-02-05
CHG-09471,P-2098,3,feature_add,design_review,hw_integration,2025-09-03
CHG-09472,P-2098,4,feature_remove,test_failure,hw_integration,2025-09-09
CHG-09473,P-2098,5,dimension_update,supplier_issue,hw_integration,2025-03-05
CHG-09474,P-2098,6,tolerance_tightening,test_failure,hw_integration,2024-07-03
CHG-09475,P-2098,7,feature_add,design_review,hw_integration,2024-10-19
CHG-09476,P-2098,8,material_change,design_review,hw_integration,2025-05-01
CHG-09477,P-2099,1,feature_add,test_failure,mech_a,2026-09-14
CHG-09478,P-2099,2,drawing_note,customer_request,mech_a,2025-12-22
CHG-09479,P-2099,3,dimension_update,cost_reduction,mech_a,2025-07-09
CHG-09480,P-2099,4,material_change,test_failure,mech_a,2025-09-05
CHG-09481,P-2099,5,feature_remove,design_review,mech_a,2025-08-19
CHG-09482,P-2100,1,material_change,customer_request,elec_a,2024-04-08
CHG-09483,P-2100,2,drawing_note,design_review,elec_a,2024-07-16
CHG-09484,P-2100,3,drawing_note,supplier_issue,elec_a,2024-01-05
CHG-09485,P-2100,4,drawing_note,supplier_issue,elec_a,2024-11-15
CHG-09486,P-2100,5,feature_remove,test_failure,elec_a,2024-08-14
CHG-09487,P-2101,1,feature_add,design_review,mech_b,2025-02-26
CHG-09488,P-2101,2,material_change,design_review,mech_b,2025-05-05
CHG-09489,P-2101,3,feature_remove,test_failure,mech_b,2024-09-15
CHG-09490,P-2101,4,dimension_update,customer_request,mech_b,2024-12-24
CHG-09491,P-2101,5,tolerance_tightening,design_review,mech_b,2025-04-20
CHG-09492,P-2101,6,tolerance_tightening,customer_request,mech_b,2025-05-25
CHG-09493,P-2102,1,feature_add,cost_reduction,mech_a,2025-04-17
CHG-09494,P-2102,2,material_change,cost_reduction,mech_a,2025-03-10
CHG-09495,P-2102,3,material_change,test_failure,mech_a,2025-08-19
CHG-09496,P-2102,4,tolerance_tightening,design_review,mech_a,2025-02-02
CHG-09497,P-2102,5,dimension_update,design_review,mech_a,2025-06-02
CHG-09498,P-2102,6,feature_add,customer_request,mech_a,2025-02-16
CHG-09499,P-2102,7,drawing_note,design_review,mech_a,2025-02-12
CHG-09500,P-2103,1,dimension_update,customer_request,elec_a,2023-04-29
CHG-09501,P-2103,2,feature_remove,cost_reduction,elec_a,2023-01-01
CHG-09502,P-2104,1,dimension_update,supplier_issue,mech_a,2023-03-19
CHG-09503,P-2104,2,tolerance_tightening,test_failure,mech_a,2023-07-30
CHG-09504,P-2104,3,tolerance_tightening,test_failure,mech_a,2022-12-12
CHG-09505,P-2104,4,drawing_note,design_review,mech_a,2023-06-17
CHG-09506,P-2105,1,tolerance_tightening,test_failure,mech_b,2024-07-28
CHG-09507,P-2105,2,drawing_note,test_failure,mech_b,2025-04-17
CHG-09508,P-2105,3,feature_add,test_failure,mech_b,2025-02-11
CHG-09509,P-2105,4,feature_remove,customer_request,mech_b,2024-09-15
CHG-09510,P-2105,5,dimension_update,design_review,mech_b,2024-04-23
CHG-09511,P-2105,6,feature_remove,supplier_issue,mech_b,2024-10-26
CHG-09512,P-2105,7,feature_add,test_failure,mech_b,2024-11-07
CHG-09513,P-2106,1,feature_add,test_failure,elec_a,2024-05-04
CHG-09514,P-2106,2,drawing_note,customer_request,elec_a,2023-10-28
CHG-09515,P-2106,3,drawing_note,design_review,elec_a,2023-12-07
CHG-09516,P-2107,1,drawing_note,cost_reduction,hw_integration,2024-11-29
CHG-09517,P-2107,2,feature_add,cost_reduction,hw_integration,2025-06-02
CHG-09518,P-2107,3,material_change,supplier_issue,hw_integration,2024-12-20
CHG-09519,P-2107,4,material_change,customer_request,hw_integration,2024-07-13
CHG-09520,P-2107,5,dimension_update,design_review,hw_integration,2024-07-04
CHG-09521,P-2108,1,tolerance_tightening,design_review,mech_b,2025-10-15
CHG-09522,P-2108,2,drawing_note,cost_reduction,mech_b,2025-12-08
CHG-09523,P-2108,3,drawing_note,customer_request,mech_b,2025-03-15
CHG-09524,P-2108,4,material_change,design_review,mech_b,2026-05-11
CHG-09525,P-2108,5,drawing_note,supplier_issue,mech_b,2025-04-14
CHG-09526,P-2108,6,feature_remove,test_failure,mech_b,2025-08-14
CHG-09527,P-2109,1,feature_add,supplier_issue,hw_integration,2025-04-13
CHG-09528,P-2109,2,feature_remove,customer_request,hw_integration,2026-02-06
CHG-09529,P-2109,3,feature_add,design_review,hw_integration,2024-12-20
CHG-09530,P-2109,4,dimension_update,supplier_issue,hw_integration,2025-12-28
CHG-09531,P-2109,5,feature_remove,cost_reduction,hw_integration,2025-08-05
CHG-09532,P-2109,6,feature_add,supplier_issue,hw_integration,2025-06-16
CHG-09533,P-2110,1,drawing_note,design_review,hw_integration,2023-03-27
CHG-09534,P-2110,2,tolerance_tightening,customer_request,hw_integration,2024-01-31
CHG-09535,P-2110,3,material_change,test_failure,hw_integration,2022-10-07
CHG-09536,P-2110,4,tolerance_tightening,design_review,hw_integration,2023-10-06
CHG-09537,P-2110,5,feature_add,design_review,hw_integration,2022-10-19
CHG-09538,P-2110,6,feature_remove,design_review,hw_integration,2023-07-13
CHG-09539,P-2110,7,feature_add,design_review,hw_integration,2023-02-09
CHG-09540,P-2110,8,tolerance_tightening,cost_reduction,hw_integration,2023-10-01
CHG-09541,P-2111,1,feature_remove,design_review,mech_b,2024-04-06
CHG-09542,P-2111,2,drawing_note,customer_request,mech_b,2024-03-11
CHG-09543,P-2111,3,material_change,customer_request,mech_b,2023-06-28
CHG-09544,P-2111,4,tolerance_tightening,design_review,mech_b,2024-05-09
CHG-09545,P-2111,5,feature_add,test_failure,mech_b,2024-02-22
CHG-09546,P-2111,6,drawing_note,test_failure,mech_b,2024-05-04
CHG-09547,P-2112,1,tolerance_tightening,design_review,mech_a,2023-07-31
CHG-09548,P-2112,2,feature_add,test_failure,mech_a,2023-06-04
CHG-09549,P-2112,3,tolerance_tightening,test_failure,mech_a,2022-10-12
CHG-09550,P-2113,1,drawing_note,supplier_issue,elec_a,2023-05-07
CHG-09551,P-2113,2,feature_add,design_review,elec_a,2022-12-22
CHG-09552,P-2113,3,feature_remove,cost_reduction,elec_a,2022-10-10
CHG-09553,P-2113,4,drawing_note,cost_reduction,elec_a,2023-05-03
CHG-09554,P-2113,5,dimension_update,customer_request,elec_a,2023-04-10
CHG-09555,P-2113,6,feature_remove,design_review,elec_a,2023-07-04
CHG-09556,P-2113,7,feature_remove,test_failure,elec_a,2022-11-18
CHG-09557,P-2113,8,feature_add,design_review,elec_a,2023-01-30
CHG-09558,P-2113,9,feature_remove,design_review,elec_a,2022-06-30
CHG-09559,P-2114,1,tolerance_tightening,design_review,mech_a,2024-09-13
CHG-09560,P-2114,2,material_change,test_failure,mech_a,2024-10-12
CHG-09561,P-2114,3,material_change,test_failure,mech_a,2025-07-02
CHG-09562,P-2114,4,material_change,customer_request,mech_a,2025-04-02
CHG-09563,P-2114,5,dimension_update,test_failure,mech_a,2025-05-14
CHG-09564,P-2114,6,dimension_update,customer_request,mech_a,2025-03-05
CHG-09565,P-2114,7,material_change,design_review,mech_a,2024-12-07
CHG-09566,P-2115,1,tolerance_tightening,supplier_issue,hw_integration,2024-07-18
CHG-09567,P-2115,2,dimension_update,customer_request,hw_integration,2025-03-05
CHG-09568,P-2115,3,material_change,supplier_issue,hw_integration,2025-01-09
CHG-09569,P-2115,4,material_change,customer_request,hw_integration,2025-05-18
CHG-09570,P-2115,5,tolerance_tightening,design_review,hw_integration,2024-08-24
CHG-09571,P-2116,1,dimension_update,test_failure,mech_b,2023-02-07
CHG-09572,P-2116,2,dimension_update,supplier_issue,mech_b,2022-09-23
CHG-09573,P-2116,3,feature_remove,test_failure,mech_b,2023-04-21
CHG-09574,P-2116,4,material_change,test_failure,mech_b,2022-11-11
CHG-09575,P-2117,1,drawing_note,test_failure,hw_integration,2024-08-25
CHG-09576,P-2117,2,feature_remove,design_review,hw_integration,2025-07-21
CHG-09577,P-2117,3,dimension_update,customer_request,hw_integration,2025-03-01
CHG-09578,P-2117,4,feature_add,supplier_issue,hw_integration,2024-09-01
CHG-09579,P-2118,1,feature_add,customer_request,elec_a,2024-08-21
CHG-09580,P-2118,2,feature_remove,design_review,elec_a,2023-09-17
CHG-09581,P-2118,3,drawing_note,design_review,elec_a,2024-10-13
CHG-09582,P-2119,1,tolerance_tightening,design_review,mech_b,2025-05-28
CHG-09583,P-2119,2,tolerance_tightening,test_failure,mech_b,2026-04-29
CHG-09584,P-2119,3,material_change,design_review,mech_b,2025-12-17
CHG-09585,P-2119,4,tolerance_tightening,test_failure,mech_b,2025-12-16
CHG-09586,P-2119,5,feature_remove,cost_reduction,mech_b,2026-03-20
CHG-09587,P-2119,6,dimension_update,test_failure,mech_b,2025-04-01
CHG-09588,P-2119,7,drawing_note,supplier_issue,mech_b,2025-09-22
CHG-09589,P-2120,1,feature_add,test_failure,hw_integration,2025-10-15
CHG-09590,P-2120,2,feature_add,design_review,hw_integration,2024-09-01
CHG-09591,P-2120,3,drawing_note,supplier_issue,hw_integration,2024-08-29
CHG-09592,P-2120,4,material_change,customer_request,hw_integration,2024-08-25
CHG-09593,P-2120,5,dimension_update,customer_request,hw_integration,2025-05-22
CHG-09594,P-2120,6,drawing_note,design_review,hw_integration,2025-04-04
CHG-09595,P-2120,7,feature_add,cost_reduction,hw_integration,2024-09-19
CHG-09596,P-2120,8,feature_add,customer_request,hw_integration,2024-06-27
CHG-09597,P-2120,9,tolerance_tightening,supplier_issue,hw_integration,2024-07-11
CHG-09598,P-2121,1,tolerance_tightening,supplier_issue,hw_integration,2023-03-25
CHG-09599,P-2121,2,feature_remove,design_review,hw_integration,2023-04-26
CHG-09600,P-2122,1,feature_remove,test_failure,hw_integration,2024-07-04
CHG-09601,P-2122,2,tolerance_tightening,cost_reduction,hw_integration,2025-01-12
CHG-09602,P-2122,3,material_change,design_review,hw_integration,2023-12-01
CHG-09603,P-2122,4,feature_remove,supplier_issue,hw_integration,2024-12-15
CHG-09604,P-2122,5,dimension_update,design_review,hw_integration,2024-04-29
CHG-09605,P-2122,6,material_change,design_review,hw_integration,2024-06-07
CHG-09606,P-2123,1,material_change,test_failure,mech_a,2022-10-26
CHG-09607,P-2123,2,dimension_update,supplier_issue,mech_a,2024-02-18
CHG-09608,P-2123,3,feature_add,supplier_issue,mech_a,2023-07-13
CHG-09609,P-2124,1,tolerance_tightening,cost_reduction,mech_b,2025-05-22
CHG-09610,P-2124,2,tolerance_tightening,design_review,mech_b,2025-12-08
CHG-09611,P-2124,3,feature_remove,test_failure,mech_b,2026-02-24
CHG-09612,P-2124,4,drawing_note,cost_reduction,mech_b,2025-07-05
CHG-09613,P-2124,5,tolerance_tightening,test_failure,mech_b,2025-08-23
CHG-09614,P-2125,1,drawing_note,design_review,hw_integration,2024-02-03
CHG-09615,P-2125,2,feature_add,design_review,hw_integration,2024-04-15
CHG-09616,P-2125,3,drawing_note,test_failure,hw_integration,2024-12-01
CHG-09617,P-2125,4,drawing_note,test_failure,hw_integration,2024-12-14
CHG-09618,P-2125,5,drawing_note,cost_reduction,hw_integration,2024-03-19
CHG-09619,P-2125,6,material_change,supplier_issue,hw_integration,2024-11-12
CHG-09620,P-2126,1,dimension_update,test_failure,hw_integration,2025-02-03
CHG-09621,P-2126,2,feature_add,design_review,hw_integration,2026-01-15
CHG-09622,P-2126,3,feature_add,cost_reduction,hw_integration,2025-12-04
CHG-09623,P-2127,1,material_change,design_review,mech_b,2023-11-05
CHG-09624,P-2127,2,feature_add,design_review,mech_b,2024-02-17
CHG-09625,P-2127,3,dimension_update,design_review,mech_b,2025-02-24
CHG-09626,P-2127,4,material_change,supplier_issue,mech_b,2024-03-17
CHG-09627,P-2127,5,material_change,customer_request,mech_b,2024-11-19
CHG-09628,P-2128,1,dimension_update,supplier_issue,mech_a,2025-02-08
CHG-09629,P-2128,2,feature_add,design_review,mech_a,2023-10-14
CHG-09630,P-2128,3,material_change,cost_reduction,mech_a,2024-02-15
CHG-09631,P-2128,4,feature_remove,design_review,mech_a,2024-08-21
CHG-09632,P-2128,5,feature_add,design_review,mech_a,2024-09-17
CHG-09633,P-2129,1,feature_remove,test_failure,mech_b,2022-12-11
CHG-09634,P-2129,2,material_change,test_failure,mech_b,2023-05-31
CHG-09635,P-2129,3,drawing_note,supplier_issue,mech_b,2022-12-14
CHG-09636,P-2129,4,tolerance_tightening,test_failure,mech_b,2023-01-07
CHG-09637,P-2129,5,tolerance_tightening,design_review,mech_b,2023-05-02
CHG-09638,P-2129,6,feature_remove,design_review,mech_b,2023-03-09
CHG-09639,P-2129,7,feature_add,design_review,mech_b,2023-04-27
CHG-09640,P-2130,1,dimension_update,test_failure,elec_a,2025-05-19
CHG-09641,P-2130,2,dimension_update,cost_reduction,elec_a,2025-11-18
CHG-09642,P-2130,3,tolerance_tightening,design_review,elec_a,2026-09-09
CHG-09643,P-2130,4,feature_remove,supplier_issue,elec_a,2025-07-19
CHG-09644,P-2130,5,drawing_note,design_review,elec_a,2025-08-27
CHG-09645,P-2130,6,tolerance_tightening,design_review,elec_a,2025-09-03
CHG-09646,P-2130,7,drawing_note,test_failure,elec_a,2026-02-10
CHG-09647,P-2131,1,tolerance_tightening,design_review,elec_a,2024-10-15
CHG-09648,P-2131,2,material_change,customer_request,elec_a,2024-12-10
CHG-09649,P-2131,3,tolerance_tightening,customer_request,elec_a,2024-09-08
CHG-09650,P-2132,1,tolerance_tightening,customer_request,hw_integration,2023-09-12
CHG-09651,P-2132,2,drawing_note,test_failure,hw_integration,2023-04-05
CHG-09652,P-2132,3,material_change,design_review,hw_integration,2023-12-03
CHG-09653,P-2132,4,feature_remove,customer_request,hw_integration,2023-10-30
CHG-09654,P-2132,5,drawing_note,test_failure,hw_integration,2024-05-08
CHG-09655,P-2132,6,feature_add,supplier_issue,hw_integration,2024-01-11
CHG-09656,P-2133,1,tolerance_tightening,test_failure,mech_a,2025-05-27
CHG-09657,P-2133,2,feature_add,test_failure,mech_a,2024-12-12
CHG-09658,P-2133,3,feature_remove,design_review,mech_a,2025-01-30
CHG-09659,P-2134,1,feature_remove,design_review,mech_b,2023-07-08
CHG-09660,P-2134,2,feature_add,test_failure,mech_b,2023-12-19
CHG-09661,P-2134,3,feature_add,design_review,mech_b,2023-10-28
CHG-09662,P-2134,4,tolerance_tightening,customer_request,mech_b,2023-01-11
CHG-09663,P-2135,1,tolerance_tightening,design_review,mech_b,2023-04-22
CHG-09664,P-2135,2,feature_add,test_failure,mech_b,2023-08-12
CHG-09665,P-2136,1,dimension_update,test_failure,hw_integration,2024-08-11
CHG-09666,P-2136,2,feature_remove,design_review,hw_integration,2024-10-18
CHG-09667,P-2136,3,drawing_note,design_review,hw_integration,2025-04-10
CHG-09668,P-2136,4,drawing_note,test_failure,hw_integration,2024-09-19
CHG-09669,P-2136,5,drawing_note,customer_request,hw_integration,2024-12-02
CHG-09670,P-2136,6,feature_add,design_review,hw_integration,2025-03-26
CHG-09671,P-2136,7,feature_remove,supplier_issue,hw_integration,2024-07-15
CHG-09672,P-2137,1,material_change,design_review,mech_a,2024-09-03
CHG-09673,P-2137,2,drawing_note,cost_reduction,mech_a,2025-02-15
CHG-09674,P-2137,3,material_change,design_review,mech_a,2025-12-23
CHG-09675,P-2137,4,feature_remove,supplier_issue,mech_a,2025-11-03
CHG-09676,P-2137,5,material_change,test_failure,mech_a,2025-03-27
CHG-09677,P-2137,6,drawing_note,design_review,mech_a,2024-10-25
CHG-09678,P-2138,1,feature_add,test_failure,mech_a,2025-03-07
CHG-09679,P-2138,2,tolerance_tightening,design_review,mech_a,2025-04-25
CHG-09680,P-2138,3,feature_remove,test_failure,mech_a,2024-12-26
CHG-09681,P-2138,4,material_change,supplier_issue,mech_a,2024-07-08
CHG-09682,P-2138,5,feature_add,test_failure,mech_a,2024-10-31
CHG-09683,P-2138,6,dimension_update,test_failure,mech_a,2024-07-06
CHG-09684,P-2138,7,drawing_note,cost_reduction,mech_a,2025-05-11
CHG-09685,P-2138,8,material_change,test_failure,mech_a,2024-07-02
CHG-09686,P-2139,1,drawing_note,cost_reduction,mech_b,2025-06-26
CHG-09687,P-2139,2,feature_add,cost_reduction,mech_b,2024-07-16
CHG-09688,P-2139,3,dimension_update,design_review,mech_b,2025-05-19
CHG-09689,P-2139,4,material_change,test_failure,mech_b,2024-11-27
CHG-09690,P-2139,5,feature_remove,cost_reduction,mech_b,2024-10-21
CHG-09691,P-2140,1,drawing_note,cost_reduction,mech_a,2023-04-01
CHG-09692,P-2140,2,feature_add,design_review,mech_a,2024-03-28
CHG-09693,P-2140,3,drawing_note,customer_request,mech_a,2022-12-21
CHG-09694,P-2140,4,drawing_note,cost_reduction,mech_a,2023-01-23
CHG-09695,P-2140,5,drawing_note,test_failure,mech_a,2023-05-29
CHG-09696,P-2140,6,feature_add,test_failure,mech_a,2024-03-01
CHG-09697,P-2140,7,dimension_update,design_review,mech_a,2023-06-08
CHG-09698,P-2141,1,material_change,test_failure,elec_a,2023-12-12
CHG-09699,P-2141,2,feature_add,design_review,elec_a,2023-05-09
CHG-09700,P-2141,3,tolerance_tightening,test_failure,elec_a,2023-09-02
CHG-09701,P-2141,4,feature_remove,design_review,elec_a,2023-11-16
CHG-09702,P-2141,5,drawing_note,customer_request,elec_a,2023-07-05
CHG-09703,P-2141,6,material_change,test_failure,elec_a,2023-07-16
CHG-09704,P-2141,7,feature_remove,design_review,elec_a,2023-12-13
CHG-09705,P-2142,1,material_change,supplier_issue,elec_a,2024-08-17
CHG-09706,P-2142,2,tolerance_tightening,design_review,elec_a,2023-07-08
CHG-09707,P-2142,3,material_change,design_review,elec_a,2023-11-09
CHG-09708,P-2142,4,dimension_update,test_failure,elec_a,2024-05-09
CHG-09709,P-2142,5,feature_remove,supplier_issue,elec_a,2024-02-29
CHG-09710,P-2142,6,dimension_update,cost_reduction,elec_a,2023-05-07
CHG-09711,P-2142,7,material_change,test_failure,elec_a,2024-06-04
CHG-09712,P-2143,1,feature_add,design_review,elec_a,2023-09-20
CHG-09713,P-2143,2,feature_add,customer_request,elec_a,2023-12-09
CHG-09714,P-2143,3,feature_remove,design_review,elec_a,2023-01-08
CHG-09715,P-2143,4,material_change,customer_request,elec_a,2022-10-23
CHG-09716,P-2144,1,tolerance_tightening,supplier_issue,hw_integration,2023-04-05
CHG-09717,P-2144,2,drawing_note,customer_request,hw_integration,2023-01-14
CHG-09718,P-2144,3,drawing_note,design_review,hw_integration,2023-05-07
CHG-09719,P-2144,4,dimension_update,design_review,hw_integration,2022-12-01
CHG-09720,P-2145,1,feature_add,supplier_issue,mech_b,2023-01-18
CHG-09721,P-2145,2,feature_add,test_failure,mech_b,2022-09-30
CHG-09722,P-2145,3,feature_remove,cost_reduction,mech_b,2022-08-14
CHG-09723,P-2145,4,feature_add,supplier_issue,mech_b,2022-04-24
CHG-09724,P-2145,5,material_change,customer_request,mech_b,2022-10-29
CHG-09725,P-2146,1,drawing_note,test_failure,mech_b,2023-12-05
CHG-09726,P-2146,2,feature_add,design_review,mech_b,2022-12-18
CHG-09727,P-2146,3,tolerance_tightening,supplier_issue,mech_b,2024-03-07
CHG-09728,P-2147,1,tolerance_tightening,customer_request,mech_b,2025-02-21
CHG-09729,P-2147,2,tolerance_tightening,cost_reduction,mech_b,2024-10-20
CHG-09730,P-2147,3,drawing_note,cost_reduction,mech_b,2024-01-24
CHG-09731,P-2147,4,dimension_update,customer_request,mech_b,2024-06-23
CHG-09732,P-2147,5,feature_add,test_failure,mech_b,2024-11-18
CHG-09733,P-2148,1,drawing_note,design_review,hw_integration,2023-05-21
CHG-09734,P-2148,2,feature_add,supplier_issue,hw_integration,2024-03-18
CHG-09735,P-2148,3,dimension_update,supplier_issue,hw_integration,2024-01-02
CHG-09736,P-2148,4,feature_remove,design_review,hw_integration,2024-08-01
CHG-09737,P-2148,5,feature_add,design_review,hw_integration,2023-10-03
CHG-09738,P-2148,6,feature_add,design_review,hw_integration,2024-07-25
CHG-09739,P-2148,7,drawing_note,customer_request,hw_integration,2023-10-15
CHG-09740,P-2148,8,drawing_note,design_review,hw_integration,2024-03-15
CHG-09741,P-2148,9,drawing_note,design_review,hw_integration,2024-08-07
CHG-09742,P-2149,1,feature_add,design_review,elec_a,2024-05-28
CHG-09743,P-2149,2,feature_add,design_review,elec_a,2024-07-17
CHG-09744,P-2149,3,feature_remove,supplier_issue,elec_a,2024-06-14
CHG-09745,P-2149,4,material_change,customer_request,elec_a,2024-09-22
CHG-09746,P-2150,1,feature_remove,test_failure,mech_a,2025-11-26
CHG-09747,P-2150,2,feature_remove,test_failure,mech_a,2025-11-13
CHG-09748,P-2150,3,dimension_update,design_review,mech_a,2026-05-28
CHG-09749,P-2150,4,feature_remove,cost_reduction,mech_a,2025-10-05
CHG-09750,P-2151,1,drawing_note,design_review,elec_a,2023-02-22
CHG-09751,P-2151,2,dimension_update,cost_reduction,elec_a,2023-04-05
CHG-09752,P-2151,3,drawing_note,cost_reduction,elec_a,2022-02-19
CHG-09753,P-2151,4,feature_add,design_review,elec_a,2023-01-18
CHG-09754,P-2151,5,drawing_note,cost_reduction,elec_a,2023-01-26
CHG-09755,P-2151,6,feature_remove,customer_request,elec_a,2022-12-28
CHG-09756,P-2152,1,material_change,design_review,elec_a,2025-01-10
CHG-09757,P-2152,2,material_change,customer_request,elec_a,2025-03-22
CHG-09758,P-2152,3,drawing_note,supplier_issue,elec_a,2025-08-24
CHG-09759,P-2152,4,drawing_note,test_failure,elec_a,2025-05-22
CHG-09760,P-2152,5,feature_add,customer_request,elec_a,2025-04-30
CHG-09761,P-2153,1,tolerance_tightening,cost_reduction,mech_a,2022-02-25
CHG-09762,P-2153,2,dimension_update,test_failure,mech_a,2022-11-10
CHG-09763,P-2153,3,material_change,design_review,mech_a,2022-06-01
CHG-09764,P-2153,4,feature_remove,design_review,mech_a,2023-06-16
CHG-09765,P-2153,5,feature_add,design_review,mech_a,2022-08-25
CHG-09766,P-2154,1,drawing_note,cost_reduction,elec_a,2023-11-02
CHG-09767,P-2154,2,dimension_update,customer_request,elec_a,2024-12-23
CHG-09768,P-2154,3,dimension_update,supplier_issue,elec_a,2024-09-05
CHG-09769,P-2154,4,feature_remove,cost_reduction,elec_a,2024-07-20
CHG-09770,P-2154,5,material_change,test_failure,elec_a,2024-12-24
CHG-09771,P-2154,6,feature_remove,customer_request,elec_a,2024-10-10
CHG-09772,P-2155,1,dimension_update,supplier_issue,elec_a,2022-09-17
CHG-09773,P-2155,2,dimension_update,test_failure,elec_a,2023-08-21
CHG-09774,P-2155,3,feature_remove,test_failure,elec_a,2023-06-24
CHG-09775,P-2155,4,dimension_update,cost_reduction,elec_a,2023-05-21
CHG-09776,P-2156,1,drawing_note,design_review,mech_a,2024-05-10
CHG-09777,P-2156,2,dimension_update,test_failure,mech_a,2025-01-08
CHG-09778,P-2156,3,drawing_note,test_failure,mech_a,2024-10-16
CHG-09779,P-2157,1,tolerance_tightening,design_review,mech_a,2025-12-31
CHG-09780,P-2157,2,tolerance_tightening,customer_request,mech_a,2025-04-04
CHG-09781,P-2157,3,feature_add,design_review,mech_a,2026-03-16
CHG-09782,P-2157,4,feature_add,test_failure,mech_a,2025-09-13
CHG-09783,P-2157,5,feature_remove,cost_reduction,mech_a,2025-10-14
CHG-09784,P-2157,6,feature_add,customer_request,mech_a,2025-09-02
CHG-09785,P-2158,1,dimension_update,test_failure,elec_a,2022-07-29
CHG-09786,P-2158,2,drawing_note,design_review,elec_a,2023-04-15
CHG-09787,P-2158,3,dimension_update,cost_reduction,elec_a,2022-04-22
CHG-09788,P-2159,1,tolerance_tightening,design_review,elec_a,2024-12-13
CHG-09789,P-2159,2,feature_remove,design_review,elec_a,2024-05-30
CHG-09790,P-2159,3,feature_remove,test_failure,elec_a,2023-12-22
CHG-09791,P-2159,4,feature_remove,cost_reduction,elec_a,2024-11-13
CHG-09792,P-2159,5,dimension_update,cost_reduction,elec_a,2024-03-15
CHG-09793,P-2159,6,feature_add,customer_request,elec_a,2023-10-11
CHG-09794,P-2159,7,dimension_update,cost_reduction,elec_a,2024-11-20
CHG-09795,P-2159,8,drawing_note,cost_reduction,elec_a,2024-03-15
CHG-09796,P-2159,9,drawing_note,test_failure,elec_a,2024-03-06
CHG-09797,P-2160,1,drawing_note,test_failure,elec_a,2024-05-22
CHG-09798,P-2160,2,feature_remove,test_failure,elec_a,2024-06-19
CHG-09799,P-2160,3,drawing_note,cost_reduction,elec_a,2024-11-29
CHG-09800,P-2160,4,dimension_update,supplier_issue,elec_a,2024-10-21
CHG-09801,P-2161,1,drawing_note,test_failure,mech_b,2024-04-25
CHG-09802,P-2161,2,feature_add,test_failure,mech_b,2024-02-06
CHG-09803,P-2161,3,feature_add,design_review,mech_b,2023-11-20
CHG-09804,P-2161,4,feature_remove,test_failure,mech_b,2024-01-23
CHG-09805,P-2162,1,drawing_note,supplier_issue,elec_a,2025-05-09
CHG-09806,P-2162,2,drawing_note,supplier_issue,elec_a,2024-07-16
CHG-09807,P-2162,3,material_change,test_failure,elec_a,2025-03-19
CHG-09808,P-2162,4,drawing_note,customer_request,elec_a,2024-12-27
CHG-09809,P-2162,5,feature_add,test_failure,elec_a,2024-05-13
CHG-09810,P-2162,6,tolerance_tightening,test_failure,elec_a,2025-05-12
CHG-09811,P-2162,7,drawing_note,supplier_issue,elec_a,2025-05-22
CHG-09812,P-2162,8,feature_add,customer_request,elec_a,2024-09-22
CHG-09813,P-2162,9,feature_add,test_failure,elec_a,2024-05-25
CHG-09814,P-2162,10,material_change,customer_request,elec_a,2024-06-23
CHG-09815,P-2162,11,material_change,design_review,elec_a,2024-05-20
CHG-09816,P-2163,1,material_change,supplier_issue,hw_integration,2023-05-20
CHG-09817,P-2163,2,material_change,test_failure,hw_integration,2024-06-28
CHG-09818,P-2164,1,dimension_update,supplier_issue,mech_a,2025-08-04
CHG-09819,P-2164,2,drawing_note,supplier_issue,mech_a,2025-07-24
CHG-09820,P-2164,3,material_change,supplier_issue,mech_a,2025-12-02
CHG-09821,P-2164,4,dimension_update,test_failure,mech_a,2025-09-15
CHG-09822,P-2164,5,feature_add,cost_reduction,mech_a,2026-01-05
CHG-09823,P-2164,6,feature_add,test_failure,mech_a,2025-07-08
CHG-09824,P-2164,7,dimension_update,customer_request,mech_a,2024-09-29
CHG-09825,P-2164,8,material_change,test_failure,mech_a,2024-11-29
CHG-09826,P-2164,9,tolerance_tightening,test_failure,mech_a,2025-03-09
CHG-09827,P-2164,10,dimension_update,supplier_issue,mech_a,2025-04-17
CHG-09828,P-2165,1,dimension_update,design_review,elec_a,2022-11-16
CHG-09829,P-2165,2,feature_add,cost_reduction,elec_a,2023-02-11
CHG-09830,P-2165,3,feature_remove,customer_request,elec_a,2023-03-05
CHG-09831,P-2166,1,material_change,test_failure,mech_a,2023-12-13
CHG-09832,P-2167,1,material_change,customer_request,mech_a,2024-08-27
CHG-09833,P-2167,2,dimension_update,test_failure,mech_a,2024-02-12
CHG-09834,P-2167,3,material_change,test_failure,mech_a,2024-06-06
CHG-09835,P-2167,4,feature_remove,cost_reduction,mech_a,2024-08-19
CHG-09836,P-2167,5,feature_remove,design_review,mech_a,2024-08-22
CHG-09837,P-2168,1,tolerance_tightening,design_review,hw_integration,2026-03-14
CHG-09838,P-2168,2,feature_remove,cost_reduction,hw_integration,2025-09-30
CHG-09839,P-2168,3,drawing_note,test_failure,hw_integration,2025-10-09
CHG-09840,P-2168,4,material_change,customer_request,hw_integration,2026-07-10
CHG-09841,P-2169,1,dimension_update,customer_request,mech_a,2024-02-22
CHG-09842,P-2169,2,tolerance_tightening,cost_reduction,mech_a,2024-04-30
CHG-09843,P-2169,3,tolerance_tightening,customer_request,mech_a,2025-01-25
CHG-09844,P-2169,4,feature_remove,test_failure,mech_a,2024-05-18
CHG-09845,P-2169,5,tolerance_tightening,design_review,mech_a,2024-09-12
CHG-09846,P-2169,6,material_change,test_failure,mech_a,2024-12-18
CHG-09847,P-2169,7,tolerance_tightening,supplier_issue,mech_a,2024-04-23
CHG-09848,P-2169,8,feature_add,design_review,mech_a,2024-06-11
CHG-09849,P-2170,1,feature_add,test_failure,elec_a,2024-12-30
CHG-09850,P-2170,2,feature_add,design_review,elec_a,2025-08-01
CHG-09851,P-2170,3,dimension_update,design_review,elec_a,2025-01-19
CHG-09852,P-2171,1,tolerance_tightening,customer_request,elec_a,2023-04-25
CHG-09853,P-2171,2,drawing_note,test_failure,elec_a,2022-08-29
CHG-09854,P-2171,3,feature_add,supplier_issue,elec_a,2022-10-21
CHG-09855,P-2171,4,tolerance_tightening,customer_request,elec_a,2022-09-03
CHG-09856,P-2172,1,material_change,customer_request,hw_integration,2022-11-14
CHG-09857,P-2173,1,tolerance_tightening,test_failure,elec_a,2024-04-01
CHG-09858,P-2173,2,drawing_note,test_failure,elec_a,2024-05-06
CHG-09859,P-2173,3,drawing_note,design_review,elec_a,2024-04-19
CHG-09860,P-2173,4,feature_remove,design_review,elec_a,2024-08-21
CHG-09861,P-2174,1,tolerance_tightening,supplier_issue,elec_a,2025-05-16
CHG-09862,P-2174,2,dimension_update,test_failure,elec_a,2025-12-31
CHG-09863,P-2174,3,feature_add,customer_request,elec_a,2026-06-03
CHG-09864,P-2174,4,dimension_update,cost_reduction,elec_a,2026-02-28
CHG-09865,P-2175,1,dimension_update,test_failure,hw_integration,2022-12-25
CHG-09866,P-2175,2,material_change,test_failure,hw_integration,2024-01-23
CHG-09867,P-2176,1,tolerance_tightening,supplier_issue,hw_integration,2023-03-20
CHG-09868,P-2176,2,drawing_note,design_review,hw_integration,2023-01-03
CHG-09869,P-2176,3,dimension_update,design_review,hw_integration,2023-09-30
CHG-09870,P-2176,4,tolerance_tightening,cost_reduction,hw_integration,2023-06-08
CHG-09871,P-2177,1,tolerance_tightening,design_review,elec_a,2023-06-27
CHG-09872,P-2177,2,feature_remove,cost_reduction,elec_a,2023-05-23
CHG-09873,P-2177,3,feature_add,test_failure,elec_a,2023-10-03
CHG-09874,P-2178,1,tolerance_tightening,test_failure,mech_a,2025-09-16
CHG-09875,P-2178,2,feature_add,design_review,mech_a,2026-01-31
CHG-09876,P-2178,3,dimension_update,customer_request,mech_a,2026-02-03
CHG-09877,P-2178,4,material_change,design_review,mech_a,2025-12-06
CHG-09878,P-2178,5,drawing_note,customer_request,mech_a,2026-02-18
CHG-09879,P-2179,1,material_change,supplier_issue,mech_a,2022-08-12
CHG-09880,P-2179,2,material_change,cost_reduction,mech_a,2022-12-17
CHG-09881,P-2179,3,material_change,supplier_issue,mech_a,2023-03-03
CHG-09882,P-2179,4,feature_add,test_failure,mech_a,2022-11-03
CHG-09883,P-2179,5,drawing_note,customer_request,mech_a,2022-10-03
CHG-09884,P-2179,6,tolerance_tightening,test_failure,mech_a,2022-10-07
CHG-09885,P-2179,7,feature_add,design_review,mech_a,2022-09-27
CHG-09886,P-2180,1,material_change,design_review,mech_b,2024-03-25
CHG-09887,P-2180,2,dimension_update,test_failure,mech_b,2025-02-07
CHG-09888,P-2180,3,tolerance_tightening,customer_request,mech_b,2024-04-24
CHG-09889,P-2181,1,material_change,design_review,elec_a,2024-06-24
CHG-09890,P-2181,2,feature_add,cost_reduction,elec_a,2024-08-02
CHG-09891,P-2181,3,drawing_note,test_failure,elec_a,2024-01-10
CHG-09892,P-2181,4,feature_remove,test_failure,elec_a,2024-05-21
CHG-09893,P-2182,1,feature_remove,design_review,elec_a,2024-01-16
CHG-09894,P-2182,2,feature_remove,test_failure,elec_a,2024-07-24
CHG-09895,P-2182,3,feature_add,supplier_issue,elec_a,2023-12-27
CHG-09896,P-2183,1,tolerance_tightening,cost_reduction,hw_integration,2025-06-23
CHG-09897,P-2183,2,dimension_update,design_review,hw_integration,2025-10-02
CHG-09898,P-2183,3,feature_add,design_review,hw_integration,2025-06-01
CHG-09899,P-2183,4,dimension_update,design_review,hw_integration,2025-07-03
CHG-09900,P-2184,1,feature_remove,supplier_issue,mech_a,2024-11-01
CHG-09901,P-2184,2,drawing_note,cost_reduction,mech_a,2024-07-31
CHG-09902,P-2184,3,feature_remove,test_failure,mech_a,2024-08-16
CHG-09903,P-2184,4,feature_remove,supplier_issue,mech_a,2023-07-12
CHG-09904,P-2185,1,drawing_note,customer_request,mech_a,2022-12-15
CHG-09905,P-2185,2,dimension_update,customer_request,mech_a,2022-05-23
CHG-09906,P-2185,3,dimension_update,test_failure,mech_a,2022-10-06
CHG-09907,P-2185,4,drawing_note,test_failure,mech_a,2022-11-24
CHG-09908,P-2185,5,feature_remove,design_review,mech_a,2023-04-16
CHG-09909,P-2185,6,drawing_note,design_review,mech_a,2022-08-02
CHG-09910,P-2185,7,feature_add,design_review,mech_a,2022-06-10
CHG-09911,P-2185,8,dimension_update,design_review,mech_a,2022-12-27
CHG-09912,P-2186,1,feature_remove,design_review,mech_a,2024-04-01
CHG-09913,P-2186,2,dimension_update,design_review,mech_a,2025-03-19
CHG-09914,P-2186,3,material_change,supplier_issue,mech_a,2024-10-20
CHG-09915,P-2187,1,feature_remove,test_failure,elec_a,2022-07-20
CHG-09916,P-2187,2,material_change,design_review,elec_a,2022-03-31
CHG-09917,P-2187,3,dimension_update,test_failure,elec_a,2022-07-04
CHG-09918,P-2187,4,feature_add,cost_reduction,elec_a,2022-09-20
CHG-09919,P-2188,1,material_change,design_review,elec_a,2026-02-06
CHG-09920,P-2188,2,feature_remove,design_review,elec_a,2025-12-19
CHG-09921,P-2188,3,drawing_note,test_failure,elec_a,2026-02-25
CHG-09922,P-2188,4,dimension_update,supplier_issue,elec_a,2025-10-28
CHG-09923,P-2188,5,material_change,test_failure,elec_a,2025-09-16
CHG-09924,P-2189,1,drawing_note,test_failure,mech_a,2025-10-10
CHG-09925,P-2189,2,feature_remove,test_failure,mech_a,2026-01-23
CHG-09926,P-2189,3,dimension_update,test_failure,mech_a,2026-06-11
CHG-09927,P-2189,4,dimension_update,test_failure,mech_a,2026-08-15
CHG-09928,P-2189,5,dimension_update,cost_reduction,mech_a,2025-06-16
CHG-09929,P-2189,6,feature_add,design_review,mech_a,2025-11-01
CHG-09930,P-2189,7,feature_add,customer_request,mech_a,2025-05-18
CHG-09931,P-2189,8,dimension_update,test_failure,mech_a,2025-08-05
CHG-09932,P-2190,1,material_change,customer_request,hw_integration,2024-12-19
CHG-09933,P-2190,2,dimension_update,test_failure,hw_integration,2026-04-11
CHG-09934,P-2190,3,dimension_update,customer_request,hw_integration,2025-07-23
CHG-09935,P-2190,4,tolerance_tightening,test_failure,hw_integration,2025-01-01
CHG-09936,P-2190,5,drawing_note,cost_reduction,hw_integration,2025-01-03
CHG-09937,P-2191,1,feature_add,customer_request,mech_b,2024-05-13
CHG-09938,P-2191,2,material_change,test_failure,mech_b,2023-09-10
CHG-09939,P-2191,3,feature_remove,design_review,mech_b,2023-09-12
CHG-09940,P-2191,4,drawing_note,design_review,mech_b,2024-05-21
CHG-09941,P-2191,5,dimension_update,design_review,mech_b,2023-09-05
CHG-09942,P-2192,1,drawing_note,customer_request,elec_a,2024-06-05
CHG-09943,P-2192,2,material_change,customer_request,elec_a,2024-04-17
CHG-09944,P-2192,3,feature_add,customer_request,elec_a,2024-03-11
CHG-09945,P-2192,4,dimension_update,test_failure,elec_a,2024-08-22
CHG-09946,P-2192,5,tolerance_tightening,customer_request,elec_a,2023-06-17
CHG-09947,P-2192,6,feature_remove,cost_reduction,elec_a,2024-02-17
CHG-09948,P-2192,7,feature_remove,test_failure,elec_a,2024-01-26
CHG-09949,P-2193,1,tolerance_tightening,test_failure,hw_integration,2025-04-28
CHG-09950,P-2193,2,feature_add,cost_reduction,hw_integration,2025-03-30
CHG-09951,P-2193,3,feature_add,test_failure,hw_integration,2025-03-26
CHG-09952,P-2193,4,material_change,test_failure,hw_integration,2025-01-15
CHG-09953,P-2194,1,drawing_note,cost_reduction,mech_a,2025-12-26
CHG-09954,P-2194,2,tolerance_tightening,supplier_issue,mech_a,2025-04-17
CHG-09955,P-2195,1,material_change,customer_request,hw_integration,2025-08-05
CHG-09956,P-2195,2,material_change,customer_request,hw_integration,2025-08-14
CHG-09957,P-2196,1,dimension_update,cost_reduction,hw_integration,2024-12-20
CHG-09958,P-2196,2,material_change,test_failure,hw_integration,2024-06-25
CHG-09959,P-2196,3,material_change,design_review,hw_integration,2024-04-17
CHG-09960,P-2196,4,tolerance_tightening,supplier_issue,hw_integration,2025-01-05
CHG-09961,P-2196,5,feature_add,design_review,hw_integration,2024-06-14
CHG-09962,P-2197,1,tolerance_tightening,design_review,hw_integration,2025-02-06
CHG-09963,P-2197,2,material_change,test_failure,hw_integration,2025-09-25
CHG-09964,P-2197,3,material_change,supplier_issue,hw_integration,2025-07-10
CHG-09965,P-2197,4,tolerance_tightening,test_failure,hw_integration,2025-03-20
CHG-09966,P-2198,1,dimension_update,test_failure,mech_a,2024-05-17
CHG-09967,P-2198,2,tolerance_tightening,test_failure,mech_a,2024-09-24
CHG-09968,P-2198,3,tolerance_tightening,cost_reduction,mech_a,2024-06-10
CHG-09969,P-2198,4,drawing_note,test_failure,mech_a,2023-10-04
CHG-09970,P-2198,5,tolerance_tightening,test_failure,mech_a,2023-06-27
CHG-09971,P-2199,1,material_change,cost_reduction,mech_b,2025-02-19
CHG-09972,P-2199,2,material_change,design_review,mech_b,2024-12-31
CHG-09973,P-2199,3,dimension_update,cost_reduction,mech_b,2024-09-21
CHG-09974,P-2200,1,material_change,design_review,mech_a,2023-09-25
CHG-09975,P-2200,2,feature_remove,cost_reduction,mech_a,2023-02-25
CHG-09976,P-2200,3,drawing_note,supplier_issue,mech_a,2023-10-14
CHG-09977,P-2200,4,feature_remove,customer_request,mech_a,2024-02-14
CHG-09978,P-2200,5,feature_remove,design_review,mech_a,2024-01-04
CHG-09979,P-2201,1,dimension_update,customer_request,mech_b,2024-10-29
CHG-09980,P-2201,2,feature_add,test_failure,mech_b,2024-08-07
CHG-09981,P-2201,3,feature_add,cost_reduction,mech_b,2024-09-02
CHG-09982,P-2201,4,feature_add,design_review,mech_b,2023-08-27
CHG-09983,P-2202,1,feature_remove,customer_request,hw_integration,2025-04-22
CHG-09984,P-2202,2,feature_remove,customer_request,hw_integration,2025-06-11
CHG-09985,P-2202,3,tolerance_tightening,customer_request,hw_integration,2025-09-04
CHG-09986,P-2202,4,feature_add,test_failure,hw_integration,2026-02-07
CHG-09987,P-2202,5,tolerance_tightening,cost_reduction,hw_integration,2025-08-24
CHG-09988,P-2203,1,dimension_update,design_review,hw_integration,2022-11-28
CHG-09989,P-2203,2,feature_remove,customer_request,hw_integration,2024-01-21
CHG-09990,P-2203,3,material_change,test_failure,hw_integration,2023-06-19
CHG-09991,P-2203,4,drawing_note,design_review,hw_integration,2024-03-15
CHG-09992,P-2203,5,drawing_note,design_review,hw_integration,2023-08-19
CHG-09993,P-2203,6,material_change,design_review,hw_integration,2023-04-19
CHG-09994,P-2203,7,dimension_update,design_review,hw_integration,2023-07-06
CHG-09995,P-2204,1,drawing_note,customer_request,hw_integration,2024-06-10
CHG-09996,P-2204,2,feature_remove,test_failure,hw_integration,2024-08-23
CHG-09997,P-2204,3,feature_remove,design_review,hw_integration,2025-01-28
CHG-09998,P-2204,4,feature_remove,design_review,hw_integration,2025-02-08
CHG-09999,P-2205,1,feature_remove,test_failure,mech_b,2024-02-21
CHG-10000,P-2205,2,dimension_update,cost_reduction,mech_b,2024-04-22
CHG-10001,P-2205,3,dimension_update,customer_request,mech_b,2024-04-15
CHG-10002,P-2205,4,tolerance_tightening,test_failure,mech_b,2023-11-25
CHG-10003,P-2206,1,material_change,cost_reduction,hw_integration,2024-02-14
CHG-10004,P-2206,2,tolerance_tightening,supplier_issue,hw_integration,2024-03-21
CHG-10005,P-2206,3,feature_remove,customer_request,hw_integration,2023-08-02
CHG-10006,P-2206,4,dimension_update,test_failure,hw_integration,2024-03-25
CHG-10007,P-2207,1,material_change,design_review,hw_integration,2023-08-12
CHG-10008,P-2207,2,tolerance_tightening,cost_reduction,hw_integration,2023-12-03
CHG-10009,P-2208,1,feature_remove,supplier_issue,hw_integration,2024-09-03
CHG-10010,P-2208,2,feature_remove,design_review,hw_integration,2024-10-17
CHG-10011,P-2208,3,material_change,design_review,hw_integration,2025-04-29
CHG-10012,P-2208,4,drawing_note,cost_reduction,hw_integration,2025-02-11
CHG-10013,P-2209,1,dimension_update,supplier_issue,hw_integration,2025-10-27
CHG-10014,P-2210,1,dimension_update,design_review,elec_a,2026-02-12
CHG-10015,P-2210,2,drawing_note,design_review,elec_a,2025-03-20
CHG-10016,P-2211,1,tolerance_tightening,design_review,mech_a,2023-12-19
CHG-10017,P-2211,2,tolerance_tightening,cost_reduction,mech_a,2024-06-03
CHG-10018,P-2211,3,dimension_update,design_review,mech_a,2023-08-16
CHG-10019,P-2211,4,dimension_update,supplier_issue,mech_a,2023-10-03
CHG-10020,P-2212,1,dimension_update,cost_reduction,mech_b,2023-11-08
CHG-10021,P-2212,2,tolerance_tightening,design_review,mech_b,2023-08-25
CHG-10022,P-2212,3,material_change,design_review,mech_b,2023-10-24
CHG-10023,P-2212,4,feature_add,cost_reduction,mech_b,2023-09-02
CHG-10024,P-2212,5,drawing_note,test_failure,mech_b,2023-01-01
CHG-10025,P-2212,6,drawing_note,cost_reduction,mech_b,2023-01-09
CHG-10026,P-2213,1,tolerance_tightening,test_failure,hw_integration,2025-05-29
CHG-10027,P-2213,2,feature_add,cost_reduction,hw_integration,2025-05-01
CHG-10028,P-2213,3,feature_add,cost_reduction,hw_integration,2025-12-06
CHG-10029,P-2213,4,drawing_note,design_review,hw_integration,2026-03-28
CHG-10030,P-2213,5,material_change,supplier_issue,hw_integration,2025-12-13
CHG-10031,P-2214,1,material_change,customer_request,mech_b,2024-04-01
CHG-10032,P-2214,2,tolerance_tightening,design_review,mech_b,2023-12-31
CHG-10033,P-2215,1,drawing_note,test_failure,mech_a,2025-08-20
CHG-10034,P-2215,2,dimension_update,test_failure,mech_a,2024-09-15
CHG-10035,P-2215,3,dimension_update,design_review,mech_a,2025-04-11
CHG-10036,P-2215,4,dimension_update,test_failure,mech_a,2025-08-19
CHG-10037,P-2215,5,tolerance_tightening,cost_reduction,mech_a,2025-06-20
CHG-10038,P-2216,1,feature_remove,customer_request,hw_integration,2024-07-04
CHG-10039,P-2216,2,feature_remove,design_review,hw_integration,2023-07-25
CHG-10040,P-2216,3,feature_remove,design_review,hw_integration,2024-04-18
CHG-10041,P-2216,4,feature_add,design_review,hw_integration,2023-11-13
CHG-10042,P-2216,5,drawing_note,test_failure,hw_integration,2023-12-16
CHG-10043,P-2217,1,drawing_note,supplier_issue,mech_b,2024-12-07
CHG-10044,P-2217,2,tolerance_tightening,test_failure,mech_b,2025-07-28
CHG-10045,P-2217,3,feature_add,design_review,mech_b,2026-02-08
CHG-10046,P-2217,4,feature_remove,test_failure,mech_b,2025-06-14
CHG-10047,P-2217,5,feature_add,design_review,mech_b,2026-04-09
CHG-10048,P-2217,6,dimension_update,supplier_issue,mech_b,2025-01-21
CHG-10049,P-2218,1,material_change,customer_request,hw_integration,2022-09-15
CHG-10050,P-2218,2,material_change,test_failure,hw_integration,2023-06-06
CHG-10051,P-2218,3,drawing_note,supplier_issue,hw_integration,2023-02-21
CHG-10052,P-2218,4,tolerance_tightening,design_review,hw_integration,2022-09-07
CHG-10053,P-2218,5,material_change,test_failure,hw_integration,2023-05-15
CHG-10054,P-2218,6,tolerance_tightening,test_failure,hw_integration,2023-06-02
CHG-10055,P-2219,1,dimension_update,design_review,mech_b,2022-04-09
CHG-10056,P-2219,2,dimension_update,cost_reduction,mech_b,2022-04-01
CHG-10057,P-2219,3,dimension_update,cost_reduction,mech_b,2023-03-21
CHG-10058,P-2219,4,feature_remove,test_failure,mech_b,2022-08-04
CHG-10059,P-2219,5,feature_add,customer_request,mech_b,2023-06-22
CHG-10060,P-2220,1,feature_add,test_failure,mech_b,2023-08-31
CHG-10061,P-2220,2,feature_add,customer_request,mech_b,2024-06-26
CHG-10062,P-2220,3,material_change,test_failure,mech_b,2024-04-26
CHG-10063,P-2220,4,dimension_update,test_failure,mech_b,2024-05-20
CHG-10064,P-2221,1,feature_add,customer_request,mech_b,2024-04-08
CHG-10065,P-2221,2,material_change,customer_request,mech_b,2024-04-04
CHG-10066,P-2221,3,tolerance_tightening,customer_request,mech_b,2023-12-07
CHG-10067,P-2221,4,feature_add,design_review,mech_b,2024-07-12
CHG-10068,P-2222,1,drawing_note,design_review,mech_b,2024-10-26
CHG-10069,P-2222,2,feature_remove,cost_reduction,mech_b,2024-11-12
CHG-10070,P-2222,3,dimension_update,supplier_issue,mech_b,2025-11-08
CHG-10071,P-2223,1,material_change,test_failure,mech_b,2023-12-02
CHG-10072,P-2223,2,material_change,design_review,mech_b,2024-11-19
CHG-10073,P-2224,1,material_change,design_review,mech_b,2023-02-25
CHG-10074,P-2224,2,feature_remove,customer_request,mech_b,2023-01-24
CHG-10075,P-2224,3,feature_add,supplier_issue,mech_b,2023-05-20
CHG-10076,P-2224,4,feature_add,test_failure,mech_b,2022-12-05
CHG-10077,P-2225,1,feature_remove,design_review,hw_integration,2022-07-20
CHG-10078,P-2225,2,material_change,test_failure,hw_integration,2022-12-24
CHG-10079,P-2225,3,drawing_note,supplier_issue,hw_integration,2023-06-24
CHG-10080,P-2225,4,drawing_note,test_failure,hw_integration,2022-07-08
CHG-10081,P-2226,1,drawing_note,design_review,mech_b,2025-07-16
CHG-10082,P-2226,2,feature_remove,design_review,mech_b,2025-05-30
CHG-10083,P-2226,3,feature_add,customer_request,mech_b,2024-11-08
CHG-10084,P-2226,4,drawing_note,cost_reduction,mech_b,2026-02-22
CHG-10085,P-2227,1,material_change,design_review,mech_b,2024-09-28
CHG-10086,P-2227,2,material_change,customer_request,mech_b,2023-12-28
CHG-10087,P-2227,3,dimension_update,design_review,mech_b,2023-11-18
CHG-10088,P-2227,4,feature_remove,test_failure,mech_b,2024-02-08
CHG-10089,P-2228,1,feature_add,supplier_issue,hw_integration,2026-02-08
CHG-10090,P-2228,2,drawing_note,design_review,hw_integration,2026-07-13
CHG-10091,P-2228,3,feature_remove,test_failure,hw_integration,2025-07-11
CHG-10092,P-2228,4,material_change,test_failure,hw_integration,2026-01-25
CHG-10093,P-2229,1,feature_add,test_failure,mech_b,2024-04-09
CHG-10094,P-2229,2,feature_add,customer_request,mech_b,2024-05-11
CHG-10095,P-2229,3,dimension_update,customer_request,mech_b,2024-03-26
CHG-10096,P-2229,4,feature_add,design_review,mech_b,2023-11-08
CHG-10097,P-2229,5,dimension_update,supplier_issue,mech_b,2024-01-14
CHG-10098,P-2230,1,drawing_note,test_failure,mech_a,2023-06-30
CHG-10099,P-2230,2,feature_remove,supplier_issue,mech_a,2023-02-28
CHG-10100,P-2230,3,drawing_note,test_failure,mech_a,2024-01-04
CHG-10101,P-2230,4,dimension_update,design_review,mech_a,2023-09-25
CHG-10102,P-2230,5,feature_remove,cost_reduction,mech_a,2023-05-25
CHG-10103,P-2230,6,feature_remove,test_failure,mech_a,2023-12-07
CHG-10104,P-2230,7,drawing_note,design_review,mech_a,2023-07-23
CHG-10105,P-2230,8,feature_add,supplier_issue,mech_a,2023-03-09
CHG-10106,P-2231,1,feature_remove,design_review,mech_a,2023-04-07
CHG-10107,P-2231,2,drawing_note,customer_request,mech_a,2023-01-16
CHG-10108,P-2231,3,material_change,design_review,mech_a,2023-01-16
CHG-10109,P-2232,1,feature_remove,test_failure,mech_b,2024-09-28
CHG-10110,P-2232,2,feature_remove,customer_request,mech_b,2023-11-10
CHG-10111,P-2232,3,feature_add,customer_request,mech_b,2023-08-13
CHG-10112,P-2232,4,feature_remove,test_failure,mech_b,2024-07-15
CHG-10113,P-2232,5,feature_add,cost_reduction,mech_b,2024-07-04
CHG-10114,P-2233,1,feature_add,cost_reduction,elec_a,2023-06-21
CHG-10115,P-2233,2,feature_add,cost_reduction,elec_a,2022-11-26
CHG-10116,P-2233,3,feature_remove,customer_request,elec_a,2023-01-02
CHG-10117,P-2233,4,feature_remove,customer_request,elec_a,2022-09-24
CHG-10118,P-2233,5,material_change,design_review,elec_a,2023-03-16
CHG-10119,P-2233,6,tolerance_tightening,design_review,elec_a,2022-12-15
CHG-10120,P-2234,1,drawing_note,test_failure,hw_integration,2022-09-14
CHG-10121,P-2234,2,feature_add,customer_request,hw_integration,2023-03-04
CHG-10122,P-2234,3,material_change,customer_request,hw_integration,2022-10-24
CHG-10123,P-2234,4,drawing_note,design_review,hw_integration,2022-11-09
CHG-10124,P-2235,1,material_change,customer_request,mech_a,2025-12-26
CHG-10125,P-2235,2,dimension_update,design_review,mech_a,2025-11-24
CHG-10126,P-2235,3,material_change,test_failure,mech_a,2025-01-15
CHG-10127,P-2235,4,tolerance_tightening,design_review,mech_a,2025-12-05
CHG-10128,P-2235,5,tolerance_tightening,supplier_issue,mech_a,2025-12-20
CHG-10129,P-2235,6,tolerance_tightening,supplier_issue,mech_a,2024-11-02
CHG-10130,P-2236,1,material_change,cost_reduction,elec_a,2025-06-11
CHG-10131,P-2236,2,feature_add,test_failure,elec_a,2024-10-24
CHG-10132,P-2236,3,feature_add,test_failure,elec_a,2024-11-21
CHG-10133,P-2236,4,drawing_note,test_failure,elec_a,2024-07-27
CHG-10134,P-2236,5,feature_add,supplier_issue,elec_a,2025-02-19
CHG-10135,P-2236,6,tolerance_tightening,design_review,elec_a,2024-09-27
CHG-10136,P-2236,7,tolerance_tightening,test_failure,elec_a,2024-12-02
CHG-10137,P-2237,1,tolerance_tightening,cost_reduction,mech_b,2024-09-15
CHG-10138,P-2237,2,feature_add,design_review,mech_b,2024-07-12
CHG-10139,P-2238,1,dimension_update,test_failure,mech_b,2024-07-06
CHG-10140,P-2238,2,feature_remove,design_review,mech_b,2024-02-24
CHG-10141,P-2238,3,dimension_update,test_failure,mech_b,2024-12-11
CHG-10142,P-2239,1,material_change,cost_reduction,mech_b,2024-03-22
CHG-10143,P-2239,2,material_change,design_review,mech_b,2023-09-29
CHG-10144,P-2239,3,feature_remove,customer_request,mech_b,2023-11-23
CHG-10145,P-2239,4,tolerance_tightening,supplier_issue,mech_b,2024-02-23
CHG-10146,P-2240,1,material_change,cost_reduction,mech_b,2024-12-03
CHG-10147,P-2240,2,material_change,design_review,mech_b,2025-01-16
CHG-10148,P-2240,3,feature_remove,cost_reduction,mech_b,2024-03-11
CHG-10149,P-2240,4,dimension_update,customer_request,mech_b,2024-10-13
CHG-10150,P-2240,5,material_change,customer_request,mech_b,2024-03-13
CHG-10151,P-2240,6,drawing_note,design_review,mech_b,2024-03-28
CHG-10152,P-2241,1,drawing_note,test_failure,mech_a,2023-07-03
CHG-10153,P-2241,2,material_change,supplier_issue,mech_a,2023-08-20
CHG-10154,P-2241,3,tolerance_tightening,customer_request,mech_a,2023-03-02
CHG-10155,P-2242,1,tolerance_tightening,test_failure,mech_a,2025-08-13
CHG-10156,P-2242,2,material_change,cost_reduction,mech_a,2024-10-02
CHG-10157,P-2242,3,feature_remove,design_review,mech_a,2024-10-13
CHG-10158,P-2242,4,material_change,cost_reduction,mech_a,2025-07-11
CHG-10159,P-2242,5,drawing_note,supplier_issue,mech_a,2025-04-12
CHG-10160,P-2242,6,feature_remove,design_review,mech_a,2026-01-19
CHG-10161,P-2243,1,dimension_update,design_review,elec_a,2022-06-11
CHG-10162,P-2243,2,tolerance_tightening,cost_reduction,elec_a,2022-10-22
CHG-10163,P-2243,3,tolerance_tightening,supplier_issue,elec_a,2023-01-05
CHG-10164,P-2244,1,feature_remove,design_review,mech_a,2025-05-18
CHG-10165,P-2244,2,feature_remove,design_review,mech_a,2024-10-21
CHG-10166,P-2244,3,feature_remove,design_review,mech_a,2025-01-30
CHG-10167,P-2244,4,feature_add,supplier_issue,mech_a,2024-12-22
CHG-10168,P-2244,5,dimension_update,design_review,mech_a,2025-05-02
CHG-10169,P-2245,1,material_change,design_review,mech_b,2025-11-15
CHG-10170,P-2245,2,feature_remove,test_failure,mech_b,2025-11-10
CHG-10171,P-2245,3,feature_add,test_failure,mech_b,2024-10-11
CHG-10172,P-2245,4,dimension_update,cost_reduction,mech_b,2024-11-24
CHG-10173,P-2245,5,dimension_update,test_failure,mech_b,2025-01-07
CHG-10174,P-2245,6,feature_add,supplier_issue,mech_b,2025-03-24
CHG-10175,P-2245,7,tolerance_tightening,cost_reduction,mech_b,2024-12-25
CHG-10176,P-2246,1,dimension_update,design_review,mech_a,2024-12-11
CHG-10177,P-2246,2,feature_remove,design_review,mech_a,2024-06-13
CHG-10178,P-2246,3,tolerance_tightening,test_failure,mech_a,2024-08-05
CHG-10179,P-2246,4,feature_remove,cost_reduction,mech_a,2024-09-25
CHG-10180,P-2246,5,feature_remove,supplier_issue,mech_a,2024-05-24
CHG-10181,P-2247,1,feature_remove,cost_reduction,mech_a,2023-06-28
CHG-10182,P-2247,2,dimension_update,test_failure,mech_a,2024-05-18
CHG-10183,P-2247,3,drawing_note,design_review,mech_a,2023-09-25
CHG-10184,P-2247,4,feature_add,design_review,mech_a,2023-08-26
CHG-10185,P-2247,5,feature_remove,cost_reduction,mech_a,2023-04-03
CHG-10186,P-2248,1,feature_add,test_failure,mech_a,2026-01-14
CHG-10187,P-2248,2,feature_add,cost_reduction,mech_a,2025-10-27
CHG-10188,P-2248,3,material_change,design_review,mech_a,2026-02-02
CHG-10189,P-2248,4,material_change,supplier_issue,mech_a,2025-06-28
CHG-10190,P-2248,5,dimension_update,supplier_issue,mech_a,2025-03-21
CHG-10191,P-2249,1,drawing_note,test_failure,mech_b,2025-09-27
CHG-10192,P-2249,2,material_change,customer_request,mech_b,2025-08-15
CHG-10193,P-2249,3,tolerance_tightening,cost_reduction,mech_b,2026-02-09
CHG-10194,P-2249,4,dimension_update,design_review,mech_b,2024-12-11
CHG-10195,P-2250,1,dimension_update,customer_request,mech_a,2025-11-14
CHG-10196,P-2250,2,feature_remove,design_review,mech_a,2026-02-20
CHG-10197,P-2251,1,dimension_update,cost_reduction,mech_a,2022-06-02
CHG-10198,P-2251,2,dimension_update,design_review,mech_a,2022-10-14
CHG-10199,P-2251,3,feature_remove,design_review,mech_a,2022-09-23
CHG-10200,P-2251,4,tolerance_tightening,test_failure,mech_a,2022-02-16
CHG-10201,P-2251,5,tolerance_tightening,design_review,mech_a,2022-03-16
CHG-10202,P-2252,1,drawing_note,customer_request,mech_b,2024-06-14
CHG-10203,P-2252,2,drawing_note,cost_reduction,mech_b,2024-08-20
CHG-10204,P-2252,3,material_change,design_review,mech_b,2024-08-08
CHG-10205,P-2252,4,feature_add,cost_reduction,mech_b,2024-11-11
CHG-10206,P-2252,5,tolerance_tightening,design_review,mech_b,2024-03-16
CHG-10207,P-2252,6,feature_remove,test_failure,mech_b,2025-04-06
CHG-10208,P-2252,7,dimension_update,design_review,mech_b,2025-05-16
CHG-10209,P-2252,8,feature_remove,supplier_issue,mech_b,2025-04-25
CHG-10210,P-2252,9,feature_add,design_review,mech_b,2024-06-07
CHG-10211,P-2253,1,drawing_note,design_review,mech_b,2023-01-08
CHG-10212,P-2253,2,material_change,design_review,mech_b,2022-02-13
CHG-10213,P-2253,3,tolerance_tightening,test_failure,mech_b,2022-09-12
CHG-10214,P-2253,4,tolerance_tightening,customer_request,mech_b,2022-08-14
CHG-10215,P-2254,1,material_change,customer_request,mech_a,2023-02-27
CHG-10216,P-2254,2,drawing_note,cost_reduction,mech_a,2022-03-09
CHG-10217,P-2254,3,dimension_update,test_failure,mech_a,2022-07-06
CHG-10218,P-2254,4,feature_remove,design_review,mech_a,2022-03-21
CHG-10219,P-2255,1,dimension_update,design_review,mech_a,2022-10-11
CHG-10220,P-2255,2,dimension_update,customer_request,mech_a,2023-03-06
CHG-10221,P-2255,3,drawing_note,supplier_issue,mech_a,2023-02-07
CHG-10222,P-2255,4,material_change,customer_request,mech_a,2022-07-15
CHG-10223,P-2256,1,feature_add,supplier_issue,hw_integration,2025-10-19
CHG-10224,P-2256,2,feature_add,customer_request,hw_integration,2025-02-28
CHG-10225,P-2256,3,feature_remove,supplier_issue,hw_integration,2025-05-24
CHG-10226,P-2256,4,dimension_update,design_review,hw_integration,2024-12-12
CHG-10227,P-2256,5,dimension_update,supplier_issue,hw_integration,2026-01-23
CHG-10229,P-2256,7,drawing_note,design_review,hw_integration,2025-04-15
CHG-10230,P-2256,8,feature_remove,test_failure,hw_integration,2025-11-08
CHG-10231,P-2257,1,tolerance_tightening,design_review,elec_a,2025-03-06
CHG-10232,P-2257,2,tolerance_tightening,test_failure,elec_a,2025-07-01
CHG-10233,P-2257,3,feature_remove,cost_reduction,elec_a,2025-11-19
CHG-10234,P-2257,4,tolerance_tightening,test_failure,elec_a,2025-09-02
CHG-10235,P-2257,5,drawing_note,test_failure,elec_a,2025-01-20
CHG-10236,P-2258,1,drawing_note,test_failure,mech_a,2025-04-20
CHG-10237,P-2258,2,feature_remove,design_review,mech_a,2025-06-12
CHG-10238,P-2258,3,feature_remove,test_failure,mech_a,2025-06-09
CHG-10239,P-2258,4,dimension_update,cost_reduction,mech_a,2025-07-09
CHG-10240,P-2259,1,tolerance_tightening,design_review,mech_b,2024-10-23
CHG-10241,P-2259,2,tolerance_tightening,design_review,mech_b,2024-10-21
CHG-10242,P-2259,3,dimension_update,design_review,mech_b,2024-04-03
CHG-10243,P-2259,4,feature_remove,test_failure,mech_b,2024-07-30
CHG-10244,P-2259,5,dimension_update,test_failure,mech_b,2024-10-04
CHG-10245,P-2259,6,material_change,cost_reduction,mech_b,2024-04-22
CHG-10246,P-2260,1,feature_add,design_review,mech_b,2024-03-06
CHG-10247,P-2260,2,material_change,supplier_issue,mech_b,2024-12-02
CHG-10248,P-2260,3,material_change,supplier_issue,mech_b,2025-01-29
CHG-10249,P-2260,4,tolerance_tightening,cost_reduction,mech_b,2024-03-16
CHG-10250,P-2260,5,feature_add,design_review,mech_b,2024-03-01
CHG-10251,P-2260,6,feature_remove,supplier_issue,mech_b,2025-03-25
CHG-10252,P-2261,1,material_change,design_review,hw_integration,2023-08-22
CHG-10253,P-2261,2,dimension_update,supplier_issue,hw_integration,2022-10-25
CHG-10254,P-2261,3,drawing_note,supplier_issue,hw_integration,2023-04-15
CHG-10255,P-2261,4,feature_remove,supplier_issue,hw_integration,2023-08-24
CHG-10256,P-2262,1,material_change,design_review,hw_integration,2025-01-20
CHG-10257,P-2262,2,feature_add,design_review,hw_integration,2024-07-22
CHG-10258,P-2262,3,feature_add,design_review,hw_integration,2025-08-30
CHG-10259,P-2262,4,material_change,customer_request,hw_integration,2025-01-23
CHG-10260,P-2263,1,feature_remove,design_review,hw_integration,2025-07-01
CHG-10261,P-2263,2,tolerance_tightening,cost_reduction,hw_integration,2026-07-10
CHG-10262,P-2263,3,tolerance_tightening,design_review,hw_integration,2026-02-15
CHG-10263,P-2263,4,feature_add,test_failure,hw_integration,2026-06-17
CHG-10264,P-2263,5,feature_add,design_review,hw_integration,2026-04-08
CHG-10265,P-2263,6,drawing_note,customer_request,hw_integration,2026-06-23
CHG-10266,P-2263,7,material_change,design_review,hw_integration,2025-09-05
CHG-10267,P-2263,8,material_change,supplier_issue,hw_integration,2025-04-16
CHG-10268,P-2264,1,material_change,customer_request,mech_a,2024-02-01
CHG-10269,P-2264,2,feature_add,design_review,mech_a,2023-06-29
CHG-10270,P-2265,1,dimension_update,test_failure,mech_b,2024-07-29
CHG-10271,P-2265,2,drawing_note,design_review,mech_b,2025-06-10
CHG-10272,P-2265,3,feature_add,test_failure,mech_b,2024-09-14
CHG-10273,P-2265,4,material_change,design_review,mech_b,2024-12-18
CHG-10274,P-2265,5,feature_remove,cost_reduction,mech_b,2025-07-26
CHG-10275,P-2266,1,material_change,test_failure,mech_b,2024-07-17
CHG-10276,P-2266,2,feature_remove,test_failure,mech_b,2023-10-06
CHG-10277,P-2266,3,feature_remove,cost_reduction,mech_b,2024-01-05
CHG-10278,P-2266,4,tolerance_tightening,cost_reduction,mech_b,2024-05-13
CHG-10279,P-2266,5,tolerance_tightening,test_failure,mech_b,2025-01-29
CHG-10280,P-2267,1,feature_add,customer_request,elec_a,2024-06-27
CHG-10281,P-2267,2,dimension_update,design_review,elec_a,2024-03-21
CHG-10282,P-2267,3,tolerance_tightening,test_failure,elec_a,2024-02-15
CHG-10283,P-2267,4,drawing_note,test_failure,elec_a,2024-01-27
CHG-10284,P-2267,5,tolerance_tightening,test_failure,elec_a,2024-06-20
CHG-10285,P-2267,6,tolerance_tightening,customer_request,elec_a,2024-09-16
CHG-10286,P-2267,7,feature_add,cost_reduction,elec_a,2024-10-02
CHG-10287,P-2268,1,tolerance_tightening,customer_request,hw_integration,2025-12-26
CHG-10288,P-2268,2,feature_remove,customer_request,hw_integration,2026-02-05
CHG-10289,P-2269,1,feature_remove,supplier_issue,mech_b,2023-03-03
CHG-10290,P-2269,2,dimension_update,design_review,mech_b,2023-02-05
CHG-10291,P-2269,3,feature_remove,test_failure,mech_b,2023-03-01
CHG-10292,P-2269,4,feature_add,supplier_issue,mech_b,2023-10-13
CHG-10293,P-2269,5,feature_add,test_failure,mech_b,2023-06-13
CHG-10294,P-2270,1,tolerance_tightening,cost_reduction,elec_a,2025-05-26
CHG-10295,P-2270,2,tolerance_tightening,cost_reduction,elec_a,2025-02-03
CHG-10296,P-2270,3,drawing_note,customer_request,elec_a,2026-02-05
CHG-10297,P-2270,4,dimension_update,cost_reduction,elec_a,2025-03-23
CHG-10298,P-2271,1,material_change,design_review,mech_b,2025-06-20
CHG-10299,P-2271,2,material_change,cost_reduction,mech_b,2026-08-24
CHG-10300,P-2271,3,drawing_note,supplier_issue,mech_b,2025-12-27
CHG-10301,P-2272,1,feature_remove,design_review,mech_a,2022-12-13
CHG-10302,P-2272,2,tolerance_tightening,cost_reduction,mech_a,2022-07-01
CHG-10303,P-2272,3,drawing_note,supplier_issue,mech_a,2022-07-19
CHG-10304,P-2273,1,tolerance_tightening,design_review,mech_b,2024-11-28
CHG-10305,P-2273,2,material_change,design_review,mech_b,2023-11-05
CHG-10306,P-2273,3,feature_add,supplier_issue,mech_b,2024-12-28
CHG-10307,P-2274,1,dimension_update,design_review,elec_a,2022-06-14
CHG-10308,P-2274,2,tolerance_tightening,cost_reduction,elec_a,2022-09-16
CHG-10309,P-2274,3,dimension_update,customer_request,elec_a,2022-10-31
CHG-10310,P-2274,4,material_change,cost_reduction,elec_a,2022-03-07
CHG-10311,P-2274,5,feature_remove,design_review,elec_a,2022-12-19
CHG-10312,P-2274,6,feature_remove,test_failure,elec_a,2022-05-05
CHG-10313,P-2275,1,material_change,test_failure,mech_b,2023-12-10
CHG-10314,P-2275,2,feature_remove,design_review,mech_b,2023-07-25
CHG-10315,P-2275,3,feature_remove,test_failure,mech_b,2024-07-15
CHG-10316,P-2275,4,material_change,supplier_issue,mech_b,2024-03-31
CHG-10317,P-2275,5,tolerance_tightening,design_review,mech_b,2024-07-05
CHG-10318,P-2275,6,feature_add,test_failure,mech_b,2023-05-25
CHG-10319,P-2275,7,material_change,test_failure,mech_b,2024-06-03
CHG-10320,P-2275,8,feature_add,cost_reduction,mech_b,2023-06-05
CHG-10321,P-2275,9,tolerance_tightening,test_failure,mech_b,2023-07-11
CHG-10322,P-2276,1,feature_add,design_review,elec_a,2024-07-28
CHG-10323,P-2276,2,feature_add,design_review,elec_a,2024-03-18
CHG-10324,P-2276,3,material_change,cost_reduction,elec_a,2023-08-29
CHG-10325,P-2276,4,tolerance_tightening,design_review,elec_a,2023-10-19
CHG-10326,P-2276,5,material_change,test_failure,elec_a,2024-01-03
CHG-10327,P-2276,6,material_change,customer_request,elec_a,2024-07-28
CHG-10328,P-2277,1,material_change,cost_reduction,elec_a,2025-06-03
CHG-10329,P-2277,2,feature_add,test_failure,elec_a,2024-12-15
CHG-10330,P-2277,3,dimension_update,cost_reduction,elec_a,2025-07-03
CHG-10331,P-2277,4,feature_add,customer_request,elec_a,2025-01-02
CHG-10332,P-2277,5,feature_remove,test_failure,elec_a,2024-11-20
CHG-10333,P-2278,1,tolerance_tightening,customer_request,mech_b,2023-10-20
CHG-10334,P-2278,2,feature_add,test_failure,mech_b,2023-07-10
CHG-10335,P-2278,3,feature_remove,design_review,mech_b,2024-07-21
CHG-10336,P-2278,4,material_change,design_review,mech_b,2024-07-21
CHG-10337,P-2278,5,feature_add,supplier_issue,mech_b,2024-04-07
CHG-10338,P-2279,1,dimension_update,cost_reduction,hw_integration,2023-11-27
CHG-10339,P-2279,2,dimension_update,customer_request,hw_integration,2024-06-08
CHG-10340,P-2279,3,drawing_note,supplier_issue,hw_integration,2024-06-30
CHG-10341,P-2279,4,drawing_note,supplier_issue,hw_integration,2024-04-20
CHG-10342,P-2279,5,drawing_note,cost_reduction,hw_integration,2024-01-10
CHG-10343,P-2279,6,feature_remove,customer_request,hw_integration,2023-07-08
CHG-10344,P-2280,1,tolerance_tightening,customer_request,mech_a,2025-05-12
CHG-10345,P-2280,2,drawing_note,design_review,mech_a,2025-08-16
CHG-10346,P-2281,1,material_change,supplier_issue,hw_integration,2025-07-11
CHG-10347,P-2281,2,dimension_update,test_failure,hw_integration,2025-04-10
CHG-10348,P-2281,3,material_change,design_review,hw_integration,2025-12-31
CHG-10349,P-2281,4,drawing_note,design_review,hw_integration,2024-09-03
CHG-10350,P-2281,5,drawing_note,test_failure,hw_integration,2025-12-21
CHG-10351,P-2282,1,feature_add,test_failure,mech_a,2023-01-10
CHG-10352,P-2282,2,material_change,customer_request,mech_a,2022-01-28
CHG-10353,P-2282,3,tolerance_tightening,design_review,mech_a,2022-12-30
CHG-10354,P-2282,4,drawing_note,test_failure,mech_a,2023-04-23
CHG-10355,P-2282,5,feature_add,design_review,mech_a,2022-01-25
CHG-10356,P-2282,6,feature_add,test_failure,mech_a,2023-03-16
CHG-10357,P-2282,7,feature_remove,test_failure,mech_a,2023-02-18
CHG-10358,P-2283,1,dimension_update,design_review,mech_b,2024-02-08
CHG-10359,P-2283,2,drawing_note,design_review,mech_b,2024-05-18
CHG-10360,P-2283,3,drawing_note,design_review,mech_b,2024-01-22
CHG-10361,P-2283,4,drawing_note,design_review,mech_b,2023-05-15
CHG-10362,P-2283,5,feature_add,design_review,mech_b,2024-02-13
CHG-10363,P-2283,6,material_change,customer_request,mech_b,2023-07-29
CHG-10365,P-2284,1,material_change,test_failure,hw_integration,2025-08-30
CHG-10366,P-2284,2,feature_add,cost_reduction,hw_integration,2026-01-06
CHG-10367,P-2284,3,dimension_update,design_review,hw_integration,2025-11-30
CHG-10368,P-2284,4,tolerance_tightening,cost_reduction,hw_integration,2025-01-12
CHG-10369,P-2285,1,feature_remove,test_failure,elec_a,2023-02-09
CHG-10370,P-2285,2,tolerance_tightening,test_failure,elec_a,2022-10-26
CHG-10371,P-2285,3,feature_add,test_failure,elec_a,2023-08-31
CHG-10372,P-2285,4,tolerance_tightening,test_failure,elec_a,2023-04-14
CHG-10373,P-2286,1,feature_add,design_review,mech_b,2024-02-12
CHG-10374,P-2286,2,material_change,customer_request,mech_b,2024-10-25
CHG-10375,P-2286,3,feature_remove,customer_request,mech_b,2024-03-01
CHG-10376,P-2287,1,feature_add,customer_request,hw_integration,2025-01-12
CHG-10377,P-2288,1,drawing_note,test_failure,mech_a,2025-05-20
CHG-10378,P-2288,2,tolerance_tightening,design_review,mech_a,2025-10-10
CHG-10379,P-2288,3,dimension_update,customer_request,mech_a,2024-07-08
CHG-10380,P-2289,1,dimension_update,customer_request,elec_a,2025-05-27
CHG-10381,P-2289,2,dimension_update,design_review,elec_a,2025-04-08
CHG-10382,P-2289,3,material_change,cost_reduction,elec_a,2025-05-18
CHG-10383,P-2289,4,feature_add,customer_request,elec_a,2024-11-27
CHG-10384,P-2290,1,dimension_update,supplier_issue,elec_a,2024-08-04
CHG-10385,P-2290,2,material_change,supplier_issue,elec_a,2024-05-02
CHG-10386,P-2290,3,feature_add,customer_request,elec_a,2025-02-09
CHG-10387,P-2291,1,dimension_update,test_failure,mech_a,2024-06-20
CHG-10388,P-2292,1,material_change,test_failure,hw_integration,2025-09-27
CHG-10389,P-2292,2,drawing_note,test_failure,hw_integration,2026-02-08
CHG-10390,P-2292,3,tolerance_tightening,cost_reduction,hw_integration,2025-02-24
CHG-10391,P-2293,1,feature_add,customer_request,hw_integration,2024-07-02
CHG-10392,P-2293,2,dimension_update,design_review,hw_integration,2024-04-23
CHG-10393,P-2293,3,drawing_note,test_failure,hw_integration,2024-08-30
CHG-10394,P-2294,1,drawing_note,customer_request,mech_a,2024-07-17
CHG-10395,P-2294,2,feature_remove,customer_request,mech_a,2024-11-22
CHG-10396,P-2294,3,feature_remove,customer_request,mech_a,2023-09-28
CHG-10397,P-2295,1,dimension_update,test_failure,mech_a,2023-08-16
CHG-10398,P-2295,2,material_change,test_failure,mech_a,2024-09-09
CHG-10399,P-2295,3,material_change,customer_request,mech_a,2024-02-20
CHG-10400,P-2295,4,drawing_note,design_review,mech_a,2024-08-23
CHG-10401,P-2296,1,feature_remove,supplier_issue,mech_a,2023-06-08
CHG-10402,P-2296,2,dimension_update,cost_reduction,mech_a,2024-06-01
CHG-10403,P-2296,3,material_change,customer_request,mech_a,2023-10-15
CHG-10404,P-2296,4,dimension_update,cost_reduction,mech_a,2023-12-12
CHG-10405,P-2296,5,feature_add,supplier_issue,mech_a,2023-11-22
CHG-10406,P-2296,6,feature_add,design_review,mech_a,2023-09-22
CHG-10407,P-2296,7,feature_add,design_review,mech_a,2024-01-18
CHG-10408,P-2296,8,dimension_update,supplier_issue,mech_a,2023-12-18
CHG-10409,P-2297,1,tolerance_tightening,design_review,mech_b,2024-07-22
CHG-10410,P-2297,2,feature_remove,design_review,mech_b,2024-03-17
CHG-10411,P-2297,3,dimension_update,test_failure,mech_b,2024-06-09
CHG-10412,P-2298,1,dimension_update,cost_reduction,mech_b,2024-09-15
CHG-10413,P-2298,2,feature_remove,test_failure,mech_b,2025-04-22
CHG-10414,P-2298,3,material_change,customer_request,mech_b,2024-06-22
CHG-10415,P-2298,4,feature_remove,design_review,mech_b,2025-05-08
CHG-10416,P-2299,1,feature_add,customer_request,elec_a,2025-04-26
CHG-10417,P-2299,2,drawing_note,test_failure,elec_a,2026-06-20
CHG-10418,P-2299,3,feature_add,supplier_issue,elec_a,2026-01-02
CHG-10419,P-2299,4,feature_remove,customer_request,elec_a,2026-01-24
CHG-10420,P-2300,1,feature_add,cost_reduction,elec_a,2023-08-21
CHG-10421,P-2300,2,tolerance_tightening,customer_request,elec_a,2024-11-06
CHG-10422,P-2300,3,feature_remove,customer_request,elec_a,2023-08-03
CHG-10423,P-2300,4,feature_remove,customer_request,elec_a,2023-10-03
CHG-10424,P-2301,1,feature_remove,design_review,mech_a,2025-06-05
CHG-10425,P-2301,2,dimension_update,design_review,mech_a,2025-10-18
CHG-10426,P-2301,3,material_change,design_review,mech_a,2024-10-19
CHG-10427,P-2301,4,drawing_note,design_review,mech_a,2024-12-14
CHG-10428,P-2302,1,feature_remove,supplier_issue,mech_b,2023-06-03
CHG-10429,P-2302,2,material_change,test_failure,mech_b,2024-01-07
CHG-10430,P-2302,3,drawing_note,cost_reduction,mech_b,2023-09-07
CHG-10431,P-2302,4,material_change,test_failure,mech_b,2023-02-24
CHG-10432,P-2302,5,feature_remove,test_failure,mech_b,2024-02-21
CHG-10433,P-2302,6,feature_remove,design_review,mech_b,2023-02-21
CHG-10434,P-2302,7,feature_remove,customer_request,mech_b,2023-12-27
CHG-10435,P-2303,1,material_change,test_failure,hw_integration,2026-05-11
CHG-10436,P-2303,2,material_change,customer_request,hw_integration,2025-06-17
CHG-10437,P-2303,3,drawing_note,test_failure,hw_integration,2025-07-27
CHG-10438,P-2303,4,dimension_update,supplier_issue,hw_integration,2025-11-16
CHG-10439,P-2303,5,feature_add,supplier_issue,hw_integration,2026-04-16
CHG-10440,P-2303,6,material_change,design_review,hw_integration,2026-07-10
CHG-10441,P-2303,7,dimension_update,cost_reduction,hw_integration,2026-08-06
CHG-10442,P-2304,1,feature_remove,customer_request,hw_integration,2025-07-24
CHG-10443,P-2304,2,feature_add,cost_reduction,hw_integration,2026-05-27
CHG-10444,P-2305,1,feature_add,supplier_issue,mech_b,2024-07-05
CHG-10445,P-2305,2,feature_add,design_review,mech_b,2025-01-22
CHG-10446,P-2305,3,feature_remove,test_failure,mech_b,2025-04-19
CHG-10447,P-2305,4,feature_add,supplier_issue,mech_b,2024-03-21
CHG-10448,P-2306,1,drawing_note,design_review,mech_a,2025-06-28
CHG-10449,P-2306,2,dimension_update,customer_request,mech_a,2025-09-16
CHG-10450,P-2306,3,material_change,test_failure,mech_a,2025-05-02
CHG-10451,P-2306,4,feature_remove,customer_request,mech_a,2024-12-02
CHG-10452,P-2307,1,material_change,cost_reduction,mech_a,2024-02-12
CHG-10453,P-2307,2,tolerance_tightening,customer_request,mech_a,2024-09-02
CHG-10454,P-2307,3,tolerance_tightening,supplier_issue,mech_a,2024-04-28
CHG-10455,P-2307,4,dimension_update,customer_request,mech_a,2024-02-01
CHG-10456,P-2307,5,feature_add,supplier_issue,mech_a,2025-02-20
CHG-10457,P-2308,1,tolerance_tightening,test_failure,mech_b,2023-08-20
CHG-10458,P-2308,2,feature_remove,test_failure,mech_b,2023-04-08
CHG-10459,P-2308,3,dimension_update,cost_reduction,mech_b,2023-06-03
CHG-10460,P-2308,4,drawing_note,customer_request,mech_b,2023-02-26
CHG-10461,P-2309,1,dimension_update,test_failure,mech_b,2026-03-10
CHG-10462,P-2309,2,feature_remove,customer_request,mech_b,2025-09-23
CHG-10463,P-2309,3,tolerance_tightening,supplier_issue,mech_b,2026-04-03
CHG-10464,P-2309,4,feature_remove,cost_reduction,mech_b,2026-02-10
CHG-10465,P-2309,5,drawing_note,test_failure,mech_b,2026-08-03
CHG-10466,P-2310,1,feature_add,test_failure,mech_b,2025-11-23
CHG-10467,P-2310,2,material_change,test_failure,mech_b,2025-07-13
CHG-10468,P-2310,3,dimension_update,design_review,mech_b,2024-12-08
CHG-10469,P-2310,4,feature_add,supplier_issue,mech_b,2024-08-27
CHG-10470,P-2310,5,feature_remove,design_review,mech_b,2025-10-06
CHG-10471,P-2310,6,feature_add,design_review,mech_b,2024-08-17
CHG-10472,P-2311,1,feature_remove,test_failure,mech_a,2024-06-24
CHG-10473,P-2311,2,feature_remove,design_review,mech_a,2024-01-15
CHG-10474,P-2311,3,feature_add,cost_reduction,mech_a,2023-11-15
CHG-10475,P-2311,4,feature_remove,supplier_issue,mech_a,2024-06-23
CHG-10476,P-2311,5,drawing_note,design_review,mech_a,2024-07-05
CHG-10477,P-2311,6,feature_add,test_failure,mech_a,2023-09-08
CHG-10478,P-2312,1,dimension_update,supplier_issue,mech_b,2023-08-20
CHG-10479,P-2312,2,drawing_note,design_review,mech_b,2024-02-21
CHG-10480,P-2312,3,dimension_update,test_failure,mech_b,2023-05-07
CHG-10481,P-2312,4,dimension_update,supplier_issue,mech_b,2023-01-16
CHG-10482,P-2312,5,material_change,design_review,mech_b,2023-04-21
CHG-10483,P-2312,6,dimension_update,design_review,mech_b,2022-11-29
CHG-10484,P-2312,7,tolerance_tightening,supplier_issue,mech_b,2023-06-02
CHG-10485,P-2313,1,material_change,customer_request,mech_b,2024-06-29
CHG-10486,P-2313,2,material_change,design_review,mech_b,2024-07-23
CHG-10487,P-2313,3,material_change,design_review,mech_b,2025-03-08
CHG-10488,P-2314,1,feature_remove,test_failure,mech_b,2024-06-27
CHG-10489,P-2314,2,feature_add,supplier_issue,mech_b,2024-11-02
CHG-10490,P-2314,3,drawing_note,test_failure,mech_b,2024-07-23
CHG-10491,P-2314,4,feature_remove,test_failure,mech_b,2023-10-21
CHG-10492,P-2314,5,feature_remove,customer_request,mech_b,2024-01-29
CHG-10493,P-2314,6,tolerance_tightening,design_review,mech_b,2023-09-15
CHG-10494,P-2315,1,feature_add,supplier_issue,mech_a,2025-06-18
CHG-10495,P-2315,2,feature_add,test_failure,mech_a,2025-04-21
CHG-10496,P-2315,3,tolerance_tightening,design_review,mech_a,2025-09-29
CHG-10497,P-2315,4,feature_remove,test_failure,mech_a,2025-07-13
CHG-10498,P-2315,5,drawing_note,test_failure,mech_a,2025-05-29
CHG-10499,P-2315,6,drawing_note,customer_request,mech_a,2025-06-27
CHG-10500,P-2316,1,feature_add,design_review,hw_integration,2023-11-07
CHG-10501,P-2316,2,drawing_note,cost_reduction,hw_integration,2022-12-02
CHG-10502,P-2316,3,feature_add,cost_reduction,hw_integration,2022-10-30
CHG-10503,P-2316,4,feature_add,design_review,hw_integration,2023-01-28
CHG-10504,P-2317,1,tolerance_tightening,customer_request,mech_b,2024-11-15
CHG-10505,P-2317,2,feature_remove,cost_reduction,mech_b,2024-10-27
CHG-10506,P-2317,3,feature_remove,cost_reduction,mech_b,2024-03-30
CHG-10507,P-2317,4,material_change,customer_request,mech_b,2024-12-13
CHG-10508,P-2318,1,drawing_note,cost_reduction,mech_b,2023-03-01
CHG-10509,P-2318,2,material_change,test_failure,mech_b,2023-07-25
CHG-10510,P-2318,3,material_change,test_failure,mech_b,2023-02-21
CHG-10511,P-2318,4,dimension_update,supplier_issue,mech_b,2022-06-18
CHG-10512,P-2318,5,material_change,test_failure,mech_b,2023-04-28
CHG-10513,P-2319,1,dimension_update,supplier_issue,hw_integration,2025-10-23
CHG-10514,P-2319,2,dimension_update,test_failure,hw_integration,2024-07-15
CHG-10515,P-2319,3,feature_remove,design_review,hw_integration,2025-09-09
CHG-10516,P-2319,4,drawing_note,cost_reduction,hw_integration,2025-02-06
CHG-10517,P-2320,1,material_change,design_review,elec_a,2023-09-16
CHG-10518,P-2320,2,tolerance_tightening,design_review,elec_a,2024-08-03
CHG-10519,P-2320,3,tolerance_tightening,cost_reduction,elec_a,2024-04-02
CHG-10520,P-2320,4,feature_add,test_failure,elec_a,2023-09-29
CHG-10521,P-2321,1,material_change,cost_reduction,mech_a,2022-09-13
CHG-10522,P-2321,2,drawing_note,customer_request,mech_a,2023-07-31
CHG-10523,P-2321,3,dimension_update,supplier_issue,mech_a,2023-04-25
CHG-10524,P-2321,4,feature_add,customer_request,mech_a,2023-11-22
CHG-10525,P-2322,1,drawing_note,test_failure,mech_a,2024-07-25
CHG-10526,P-2322,2,drawing_note,supplier_issue,mech_a,2025-02-08
CHG-10527,P-2322,3,feature_remove,customer_request,mech_a,2024-01-16
CHG-10528,P-2322,4,tolerance_tightening,design_review,mech_a,2024-11-13
CHG-10529,P-2322,5,tolerance_tightening,design_review,mech_a,2024-07-31
CHG-10530,P-2322,6,drawing_note,supplier_issue,mech_a,2024-09-30
CHG-10531,P-2323,1,drawing_note,design_review,mech_a,2024-08-10
CHG-10532,P-2323,2,tolerance_tightening,design_review,mech_a,2024-08-26
CHG-10533,P-2323,3,dimension_update,cost_reduction,mech_a,2024-12-20
CHG-10534,P-2323,4,feature_remove,customer_request,mech_a,2024-04-03
CHG-10535,P-2323,5,feature_add,design_review,mech_a,2024-02-15
CHG-10536,P-2323,6,tolerance_tightening,supplier_issue,mech_a,2025-01-22
CHG-10537,P-2324,1,material_change,customer_request,elec_a,2023-02-11
CHG-10538,P-2324,2,tolerance_tightening,cost_reduction,elec_a,2024-04-28
CHG-10539,P-2324,3,material_change,test_failure,elec_a,2023-05-25
CHG-10540,P-2325,1,feature_remove,test_failure,mech_b,2025-10-05
CHG-10541,P-2325,2,tolerance_tightening,supplier_issue,mech_b,2026-07-28
CHG-10542,P-2325,3,dimension_update,design_review,mech_b,2025-09-01
CHG-10543,P-2325,4,dimension_update,design_review,mech_b,2026-01-01
CHG-10544,P-2325,5,tolerance_tightening,cost_reduction,mech_b,2025-06-04
CHG-10545,P-2325,6,material_change,test_failure,mech_b,2026-07-09
CHG-10546,P-2326,1,dimension_update,design_review,mech_b,2022-11-23
CHG-10547,P-2326,2,tolerance_tightening,cost_reduction,mech_b,2022-09-14
CHG-10548,P-2326,3,feature_add,test_failure,mech_b,2023-07-18
CHG-10549,P-2326,4,dimension_update,cost_reduction,mech_b,2022-08-25
CHG-10550,P-2327,1,feature_remove,test_failure,elec_a,2024-03-30
CHG-10551,P-2327,2,drawing_note,test_failure,elec_a,2023-07-16
CHG-10552,P-2327,3,drawing_note,customer_request,elec_a,2024-02-01
CHG-10553,P-2327,4,drawing_note,design_review,elec_a,2023-05-31
CHG-10554,P-2328,1,material_change,cost_reduction,elec_a,2023-05-19
CHG-10555,P-2328,2,material_change,design_review,elec_a,2023-04-10
CHG-10556,P-2328,3,tolerance_tightening,test_failure,elec_a,2023-05-05
CHG-10557,P-2328,4,feature_add,customer_request,elec_a,2023-12-27
CHG-10558,P-2329,1,material_change,design_review,mech_a,2025-03-29
CHG-10559,P-2329,2,feature_remove,test_failure,mech_a,2025-06-09
CHG-10560,P-2329,3,tolerance_tightening,test_failure,mech_a,2025-11-29
CHG-10561,P-2329,4,tolerance_tightening,design_review,mech_a,2025-04-19
CHG-10562,P-2330,1,drawing_note,customer_request,mech_a,2024-02-17
CHG-10563,P-2330,2,tolerance_tightening,test_failure,mech_a,2023-11-14
CHG-10564,P-2331,1,drawing_note,supplier_issue,hw_integration,2023-01-28
CHG-10565,P-2331,2,feature_add,design_review,hw_integration,2023-11-07
CHG-10566,P-2331,3,feature_remove,cost_reduction,hw_integration,2023-08-11
CHG-10567,P-2331,4,feature_add,design_review,hw_integration,2022-11-06
CHG-10568,P-2332,1,tolerance_tightening,design_review,hw_integration,2024-11-30
CHG-10569,P-2332,2,drawing_note,design_review,hw_integration,2024-09-15
CHG-10570,P-2332,3,dimension_update,test_failure,hw_integration,2025-03-01
CHG-10571,P-2332,4,tolerance_tightening,customer_request,hw_integration,2024-09-02
CHG-10572,P-2332,5,tolerance_tightening,test_failure,hw_integration,2024-08-09
CHG-10573,P-2332,6,material_change,cost_reduction,hw_integration,2024-06-19
CHG-10574,P-2333,1,tolerance_tightening,test_failure,hw_integration,2023-01-24
CHG-10575,P-2333,2,tolerance_tightening,supplier_issue,hw_integration,2023-10-09
CHG-10576,P-2334,1,feature_add,supplier_issue,hw_integration,2023-08-01
CHG-10577,P-2334,2,material_change,cost_reduction,hw_integration,2023-11-10
CHG-10578,P-2334,3,tolerance_tightening,customer_request,hw_integration,2023-08-18
CHG-10579,P-2334,4,feature_add,cost_reduction,hw_integration,2023-10-10
CHG-10580,P-2334,5,dimension_update,test_failure,hw_integration,2023-08-16
CHG-10581,P-2334,6,material_change,supplier_issue,hw_integration,2023-09-15
CHG-10582,P-2335,1,material_change,cost_reduction,mech_b,2023-03-29
CHG-10583,P-2335,2,tolerance_tightening,supplier_issue,mech_b,2023-09-11
CHG-10584,P-2335,3,material_change,test_failure,mech_b,2023-04-08
CHG-10585,P-2335,4,tolerance_tightening,test_failure,mech_b,2024-02-07
CHG-10586,P-2336,1,material_change,design_review,hw_integration,2024-01-30
CHG-10587,P-2336,2,drawing_note,design_review,hw_integration,2024-05-10
CHG-10588,P-2336,3,drawing_note,cost_reduction,hw_integration,2024-02-08
CHG-10589,P-2336,4,drawing_note,supplier_issue,hw_integration,2024-02-02
CHG-10590,P-2336,5,material_change,design_review,hw_integration,2024-06-25
CHG-10591,P-2337,1,material_change,design_review,hw_integration,2025-02-06
CHG-10592,P-2337,2,dimension_update,test_failure,hw_integration,2025-12-14
CHG-10593,P-2337,3,feature_remove,test_failure,hw_integration,2025-11-29
CHG-10594,P-2337,4,feature_add,design_review,hw_integration,2025-11-19
CHG-10595,P-2337,5,drawing_note,test_failure,hw_integration,2025-07-17
CHG-10596,P-2338,1,drawing_note,customer_request,hw_integration,2024-02-16
CHG-10597,P-2338,2,drawing_note,design_review,hw_integration,2024-07-03
CHG-10598,P-2338,3,feature_add,cost_reduction,hw_integration,2023-11-12
CHG-10599,P-2338,4,material_change,design_review,hw_integration,2024-10-19
CHG-10600,P-2339,1,material_change,design_review,mech_a,2025-10-15
CHG-10601,P-2339,2,dimension_update,design_review,mech_a,2026-05-08
CHG-10602,P-2339,3,tolerance_tightening,design_review,mech_a,2026-03-14
CHG-10603,P-2339,4,feature_remove,test_failure,mech_a,2025-10-28
CHG-10604,P-2339,5,tolerance_tightening,customer_request,mech_a,2025-09-23
CHG-10605,P-2340,1,feature_remove,test_failure,mech_a,2022-12-26
CHG-10606,P-2340,2,feature_add,test_failure,mech_a,2023-07-27
CHG-10607,P-2340,3,material_change,test_failure,mech_a,2023-07-25
CHG-10608,P-2341,1,feature_add,customer_request,mech_b,2026-04-14
CHG-10609,P-2341,2,tolerance_tightening,test_failure,mech_b,2025-11-22
CHG-10610,P-2341,3,drawing_note,test_failure,mech_b,2026-04-09
CHG-10611,P-2341,4,dimension_update,test_failure,mech_b,2025-07-23
CHG-10612,P-2342,1,feature_remove,customer_request,elec_a,2025-10-11
CHG-10613,P-2342,2,drawing_note,test_failure,elec_a,2025-08-22
CHG-10614,P-2342,3,material_change,test_failure,elec_a,2024-12-19
CHG-10615,P-2343,1,material_change,customer_request,hw_integration,2022-12-16
CHG-10616,P-2343,2,dimension_update,test_failure,hw_integration,2022-11-11
CHG-10617,P-2343,3,tolerance_tightening,cost_reduction,hw_integration,2023-04-08
CHG-10618,P-2343,4,feature_add,design_review,hw_integration,2022-04-29
CHG-10619,P-2344,1,tolerance_tightening,supplier_issue,mech_b,2025-01-02
CHG-10620,P-2344,2,feature_add,test_failure,mech_b,2024-06-15
CHG-10621,P-2344,3,tolerance_tightening,design_review,mech_b,2025-01-20
CHG-10622,P-2345,1,feature_add,customer_request,hw_integration,2026-08-16
CHG-10623,P-2345,2,dimension_update,design_review,hw_integration,2025-08-28
CHG-10624,P-2346,1,drawing_note,cost_reduction,hw_integration,2025-02-14
CHG-10625,P-2346,2,drawing_note,test_failure,hw_integration,2025-04-13
CHG-10626,P-2347,1,drawing_note,test_failure,hw_integration,2023-01-13
CHG-10628,P-2347,3,dimension_update,design_review,hw_integration,2023-11-01
CHG-10629,P-2347,4,drawing_note,test_failure,hw_integration,2023-03-28
CHG-10630,P-2347,5,feature_remove,design_review,hw_integration,2023-07-21
CHG-10631,P-2347,6,feature_remove,test_failure,hw_integration,2023-01-02
CHG-10632,P-2347,7,feature_add,design_review,hw_integration,2023-06-24
CHG-10633,P-2348,1,tolerance_tightening,supplier_issue,mech_a,2024-08-22
CHG-10634,P-2348,2,material_change,design_review,mech_a,2024-07-30
CHG-10635,P-2348,3,feature_remove,customer_request,mech_a,2023-12-18
CHG-10636,P-2349,1,feature_add,supplier_issue,mech_a,2025-11-12
CHG-10637,P-2349,2,material_change,supplier_issue,mech_a,2026-04-22
CHG-10638,P-2349,3,feature_remove,design_review,mech_a,2025-11-24
CHG-10639,P-2349,4,material_change,design_review,mech_a,2025-10-22
CHG-10640,P-2349,5,drawing_note,customer_request,mech_a,2025-12-16
CHG-10641,P-2350,1,feature_remove,test_failure,mech_a,2024-03-30
CHG-10642,P-2351,1,drawing_note,test_failure,elec_a,2024-09-11
CHG-10643,P-2351,2,material_change,customer_request,elec_a,2024-11-27
CHG-10644,P-2351,3,drawing_note,test_failure,elec_a,2024-06-07
CHG-10645,P-2352,1,dimension_update,design_review,elec_a,2025-02-14
CHG-10646,P-2352,2,tolerance_tightening,customer_request,elec_a,2025-03-20
CHG-10647,P-2352,3,dimension_update,design_review,elec_a,2024-06-19
CHG-10648,P-2352,4,feature_add,customer_request,elec_a,2024-01-28
CHG-10649,P-2352,5,tolerance_tightening,test_failure,elec_a,2025-02-17
CHG-10650,P-2353,1,drawing_note,customer_request,mech_b,2024-12-31
CHG-10651,P-2353,2,drawing_note,test_failure,mech_b,2025-03-05
CHG-10652,P-2353,3,feature_remove,design_review,mech_b,2025-01-13
CHG-10653,P-2353,4,dimension_update,supplier_issue,mech_b,2025-02-23
CHG-10654,P-2353,5,dimension_update,design_review,mech_b,2025-05-04
CHG-10655,P-2353,6,dimension_update,test_failure,mech_b,2025-04-21
CHG-10656,P-2353,7,tolerance_tightening,customer_request,mech_b,2024-12-23
CHG-10657,P-2353,8,tolerance_tightening,test_failure,mech_b,2025-07-17
CHG-10658,P-2354,1,feature_remove,test_failure,mech_a,2026-06-19
CHG-10659,P-2354,2,feature_add,customer_request,mech_a,2026-05-05
CHG-10660,P-2354,3,tolerance_tightening,test_failure,mech_a,2026-06-23
CHG-10661,P-2354,4,tolerance_tightening,cost_reduction,mech_a,2026-05-12
CHG-10662,P-2354,5,feature_remove,supplier_issue,mech_a,2025-09-06
CHG-10663,P-2354,6,feature_add,design_review,mech_a,2025-06-20
CHG-10664,P-2355,1,dimension_update,design_review,elec_a,2025-03-02
CHG-10665,P-2355,2,dimension_update,customer_request,elec_a,2024-09-16
CHG-10666,P-2355,3,dimension_update,design_review,elec_a,2025-10-12
CHG-10667,P-2355,4,feature_remove,supplier_issue,elec_a,2025-04-10
CHG-10668,P-2355,5,feature_add,customer_request,elec_a,2025-02-06
CHG-10669,P-2355,6,feature_add,supplier_issue,elec_a,2025-02-18
CHG-10670,P-2356,1,feature_add,cost_reduction,elec_a,2024-04-15
CHG-10671,P-2356,2,feature_add,design_review,elec_a,2024-01-03
CHG-10672,P-2356,3,material_change,test_failure,elec_a,2024-02-06
CHG-10673,P-2356,4,dimension_update,cost_reduction,elec_a,2023-10-06
CHG-10674,P-2357,1,feature_remove,design_review,mech_b,2024-09-06
CHG-10675,P-2357,2,tolerance_tightening,test_failure,mech_b,2023-11-18
CHG-10676,P-2357,3,feature_add,design_review,mech_b,2023-12-26
CHG-10677,P-2357,4,drawing_note,design_review,mech_b,2024-04-27
CHG-10678,P-2357,5,feature_remove,design_review,mech_b,2023-09-03
CHG-10679,P-2357,6,feature_remove,design_review,mech_b,2023-08-29
CHG-10680,P-2358,1,feature_remove,customer_request,mech_b,2025-07-29
CHG-10681,P-2358,2,feature_remove,test_failure,mech_b,2025-07-03
CHG-10682,P-2358,3,dimension_update,customer_request,mech_b,2024-11-28
CHG-10683,P-2358,4,tolerance_tightening,test_failure,mech_b,2025-07-17
CHG-10684,P-2358,5,feature_remove,design_review,mech_b,2024-11-12
CHG-10685,P-2358,6,feature_add,test_failure,mech_b,2024-10-25
CHG-10686,P-2358,7,dimension_update,test_failure,mech_b,2025-06-17
CHG-10687,P-2359,1,material_change,design_review,elec_a,2022-06-11
CHG-10688,P-2359,2,dimension_update,cost_reduction,elec_a,2023-03-08
CHG-10689,P-2359,3,dimension_update,customer_request,elec_a,2023-05-24
CHG-10690,P-2360,1,dimension_update,design_review,elec_a,2024-08-25
CHG-10691,P-2360,2,material_change,cost_reduction,elec_a,2024-05-31
CHG-10692,P-2361,1,material_change,supplier_issue,elec_a,2024-07-29
CHG-10693,P-2361,2,feature_remove,design_review,elec_a,2023-04-21
CHG-10694,P-2361,3,feature_add,test_failure,elec_a,2024-02-08
CHG-10695,P-2361,4,feature_remove,test_failure,elec_a,2024-05-28
CHG-10696,P-2362,1,feature_add,cost_reduction,hw_integration,2026-07-23
CHG-10697,P-2362,2,dimension_update,design_review,hw_integration,2025-04-12
CHG-10698,P-2362,3,drawing_note,test_failure,hw_integration,2025-10-20
CHG-10699,P-2363,1,material_change,test_failure,mech_b,2025-08-20
CHG-10700,P-2363,2,drawing_note,cost_reduction,mech_b,2025-05-22
CHG-10701,P-2363,3,dimension_update,test_failure,mech_b,2025-11-09
CHG-10702,P-2363,4,feature_remove,design_review,mech_b,2025-10-27
CHG-10703,P-2363,5,dimension_update,customer_request,mech_b,2025-10-28
CHG-10704,P-2363,6,feature_remove,customer_request,mech_b,2025-07-03
CHG-10705,P-2363,7,feature_remove,supplier_issue,mech_b,2025-09-22
CHG-10706,P-2364,1,drawing_note,design_review,elec_a,2023-08-23
CHG-10707,P-2364,2,tolerance_tightening,supplier_issue,elec_a,2023-01-20
CHG-10708,P-2364,3,feature_add,cost_reduction,elec_a,2023-03-23
CHG-10709,P-2364,4,dimension_update,customer_request,elec_a,2023-08-28
CHG-10710,P-2364,5,feature_add,test_failure,elec_a,2023-06-14
CHG-10711,P-2364,6,feature_remove,design_review,elec_a,2023-04-17
CHG-10712,P-2365,1,tolerance_tightening,design_review,hw_integration,2025-05-04
CHG-10713,P-2365,2,drawing_note,design_review,hw_integration,2025-01-17
CHG-10714,P-2365,3,drawing_note,test_failure,hw_integration,2025-07-25
CHG-10715,P-2365,4,tolerance_tightening,customer_request,hw_integration,2024-07-12
CHG-10716,P-2365,5,feature_remove,design_review,hw_integration,2024-11-09
CHG-10717,P-2365,6,material_change,design_review,hw_integration,2025-02-06
CHG-10718,P-2365,7,feature_add,supplier_issue,hw_integration,2025-03-28
CHG-10719,P-2366,1,feature_add,design_review,mech_a,2023-12-28
CHG-10720,P-2366,2,tolerance_tightening,customer_request,mech_a,2023-11-25
CHG-10721,P-2366,3,material_change,test_failure,mech_a,2024-12-14
CHG-10722,P-2366,4,material_change,cost_reduction,mech_a,2024-04-08
CHG-10723,P-2366,5,feature_remove,customer_request,mech_a,2024-04-02
CHG-10724,P-2367,1,drawing_note,cost_reduction,mech_b,2026-02-08
CHG-10725,P-2367,2,feature_add,design_review,mech_b,2024-12-24
CHG-10726,P-2367,3,material_change,customer_request,mech_b,2025-07-20
CHG-10727,P-2367,4,material_change,design_review,mech_b,2025-03-24
CHG-10728,P-2367,5,drawing_note,design_review,mech_b,2024-11-29
CHG-10729,P-2368,1,dimension_update,design_review,mech_a,2024-07-25
CHG-10730,P-2368,2,feature_add,design_review,mech_a,2023-12-21
CHG-10731,P-2368,3,drawing_note,design_review,mech_a,2024-01-13
CHG-10732,P-2368,4,drawing_note,customer_request,mech_a,2024-11-21
CHG-10733,P-2368,5,feature_add,supplier_issue,mech_a,2023-12-18
CHG-10734,P-2369,1,tolerance_tightening,test_failure,mech_b,2025-01-01
CHG-10735,P-2369,2,drawing_note,design_review,mech_b,2024-12-17
CHG-10736,P-2369,3,drawing_note,test_failure,mech_b,2024-04-03
CHG-10737,P-2369,4,feature_add,customer_request,mech_b,2024-08-02
CHG-10738,P-2370,1,feature_add,design_review,mech_a,2025-08-05
CHG-10739,P-2370,2,material_change,test_failure,mech_a,2025-04-28
CHG-10740,P-2371,1,tolerance_tightening,design_review,elec_a,2025-11-24
CHG-10741,P-2371,2,feature_add,test_failure,elec_a,2025-12-20
CHG-10742,P-2371,3,dimension_update,cost_reduction,elec_a,2025-11-11
CHG-10743,P-2372,1,feature_add,customer_request,mech_a,2025-04-28
CHG-10744,P-2372,2,material_change,supplier_issue,mech_a,2025-01-23
CHG-10745,P-2373,1,drawing_note,supplier_issue,elec_a,2023-04-09
CHG-10746,P-2373,2,drawing_note,design_review,elec_a,2024-04-06
CHG-10747,P-2373,3,tolerance_tightening,cost_reduction,elec_a,2023-03-22
CHG-10748,P-2374,1,material_change,test_failure,elec_a,2024-12-08
CHG-10749,P-2374,2,tolerance_tightening,cost_reduction,elec_a,2025-07-29
CHG-10750,P-2374,3,material_change,customer_request,elec_a,2025-06-14
CHG-10751,P-2374,4,feature_remove,cost_reduction,elec_a,2025-04-18
CHG-10752,P-2374,5,drawing_note,customer_request,elec_a,2024-09-23
CHG-10753,P-2375,1,drawing_note,customer_request,hw_integration,2023-07-06
CHG-10754,P-2375,2,drawing_note,cost_reduction,hw_integration,2023-11-17
CHG-10755,P-2375,3,dimension_update,customer_request,hw_integration,2024-04-21
CHG-10756,P-2375,4,material_change,customer_request,hw_integration,2024-06-05
CHG-10757,P-2376,1,drawing_note,test_failure,mech_b,2024-12-12
CHG-10758,P-2376,2,tolerance_tightening,cost_reduction,mech_b,2024-12-05
CHG-10759,P-2376,3,feature_remove,test_failure,mech_b,2025-07-26
CHG-10760,P-2376,4,feature_add,design_review,mech_b,2025-02-22
CHG-10761,P-2377,1,tolerance_tightening,supplier_issue,mech_b,2025-08-29
CHG-10762,P-2377,2,feature_add,design_review,mech_b,2026-06-16
CHG-10763,P-2377,3,feature_remove,customer_request,mech_b,2025-09-15
CHG-10764,P-2377,4,feature_remove,design_review,mech_b,2026-03-13
CHG-10765,P-2378,1,dimension_update,design_review,mech_a,2023-09-06
CHG-10766,P-2378,2,material_change,test_failure,mech_a,2023-12-22
CHG-10767,P-2378,3,drawing_note,cost_reduction,mech_a,2024-10-18
CHG-10768,P-2378,4,feature_remove,test_failure,mech_a,2024-02-25
CHG-10769,P-2378,5,drawing_note,customer_request,mech_a,2023-11-16
CHG-10770,P-2379,1,material_change,design_review,elec_a,2025-06-11
CHG-10771,P-2379,2,drawing_note,design_review,elec_a,2026-03-09
CHG-10772,P-2379,3,material_change,customer_request,elec_a,2025-08-13
CHG-10773,P-2379,4,dimension_update,design_review,elec_a,2026-06-17
CHG-10774,P-2379,5,tolerance_tightening,design_review,elec_a,2025-04-16
CHG-10775,P-2379,6,drawing_note,cost_reduction,elec_a,2025-06-03
CHG-10776,P-2379,7,feature_add,design_review,elec_a,2025-12-25
CHG-10777,P-2379,8,material_change,customer_request,elec_a,2025-08-07
CHG-10778,P-2379,9,material_change,design_review,elec_a,2025-06-19
CHG-10779,P-2379,10,material_change,cost_reduction,elec_a,2025-10-02
CHG-10780,P-2380,1,material_change,design_review,mech_a,2022-12-07
CHG-10781,P-2380,2,feature_remove,design_review,mech_a,2023-09-09
CHG-10782,P-2380,3,feature_remove,test_failure,mech_a,2023-01-15
CHG-10783,P-2380,4,feature_add,design_review,mech_a,2023-02-01
CHG-10784,P-2380,5,drawing_note,design_review,mech_a,2023-09-12
CHG-10785,P-2380,6,material_change,supplier_issue,mech_a,2023-01-17
CHG-10786,P-2381,1,feature_remove,supplier_issue,mech_a,2024-07-05
CHG-10787,P-2382,1,tolerance_tightening,test_failure,hw_integration,2025-01-17
CHG-10788,P-2382,2,dimension_update,test_failure,hw_integration,2025-10-23
CHG-10789,P-2382,3,feature_remove,cost_reduction,hw_integration,2025-11-25
CHG-10790,P-2383,1,dimension_update,cost_reduction,elec_a,2025-02-05
CHG-10791,P-2383,2,feature_add,test_failure,elec_a,2024-10-13
CHG-10792,P-2383,3,feature_remove,cost_reduction,elec_a,2025-02-08
CHG-10793,P-2383,4,feature_remove,test_failure,elec_a,2025-04-18
CHG-10794,P-2384,1,drawing_note,test_failure,mech_a,2023-10-15
CHG-10795,P-2384,2,feature_remove,customer_request,mech_a,2023-04-24
CHG-10796,P-2384,3,drawing_note,supplier_issue,mech_a,2023-04-23
CHG-10797,P-2384,4,dimension_update,cost_reduction,mech_a,2023-09-06
CHG-10798,P-2384,5,tolerance_tightening,design_review,mech_a,2023-10-12
CHG-10799,P-2384,6,feature_remove,test_failure,mech_a,2023-05-05
CHG-10800,P-2385,1,feature_add,supplier_issue,elec_a,2025-01-04
CHG-10801,P-2385,2,drawing_note,test_failure,elec_a,2023-11-01
CHG-10802,P-2385,3,feature_remove,design_review,elec_a,2023-11-02
CHG-10803,P-2385,4,drawing_note,design_review,elec_a,2024-12-08
CHG-10804,P-2385,5,feature_remove,design_review,elec_a,2024-01-14
CHG-10805,P-2386,1,material_change,supplier_issue,mech_b,2023-02-16
CHG-10806,P-2386,2,tolerance_tightening,supplier_issue,mech_b,2023-09-23
CHG-10807,P-2386,3,tolerance_tightening,test_failure,mech_b,2022-09-05
CHG-10808,P-2386,4,dimension_update,test_failure,mech_b,2022-07-08
CHG-10809,P-2387,1,material_change,supplier_issue,mech_a,2025-01-06
CHG-10810,P-2387,2,drawing_note,design_review,mech_a,2025-07-04
CHG-10811,P-2387,3,drawing_note,customer_request,mech_a,2025-08-08
CHG-10812,P-2388,1,feature_remove,cost_reduction,mech_b,2023-05-29
CHG-10813,P-2388,2,dimension_update,customer_request,mech_b,2022-12-17
CHG-10814,P-2388,3,feature_add,design_review,mech_b,2022-12-21
CHG-10815,P-2388,4,material_change,test_failure,mech_b,2023-06-15
CHG-10816,P-2388,5,feature_remove,design_review,mech_b,2022-06-27
CHG-10817,P-2388,6,tolerance_tightening,design_review,mech_b,2022-12-15
CHG-10818,P-2389,1,dimension_update,design_review,hw_integration,2024-01-20
CHG-10819,P-2389,2,feature_add,design_review,hw_integration,2024-06-21
CHG-10820,P-2389,3,feature_remove,cost_reduction,hw_integration,2024-10-21
CHG-10821,P-2389,4,feature_remove,design_review,hw_integration,2024-04-16
CHG-10822,P-2389,5,feature_add,design_review,hw_integration,2024-10-20
CHG-10823,P-2389,6,drawing_note,design_review,hw_integration,2024-03-11
CHG-10824,P-2389,7,material_change,design_review,hw_integration,2025-01-20
CHG-10825,P-2390,1,tolerance_tightening,design_review,mech_a,2023-10-14
CHG-10826,P-2390,2,tolerance_tightening,customer_request,mech_a,2023-11-13
CHG-10827,P-2390,3,tolerance_tightening,customer_request,mech_a,2024-04-11
CHG-10828,P-2390,4,feature_remove,cost_reduction,mech_a,2025-01-15
CHG-10829,P-2390,5,drawing_note,customer_request,mech_a,2023-12-17
CHG-10830,P-2390,6,feature_add,test_failure,mech_a,2024-04-30
CHG-10831,P-2390,7,tolerance_tightening,cost_reduction,mech_a,2024-08-07
CHG-10832,P-2391,1,drawing_note,customer_request,mech_b,2024-11-13
CHG-10833,P-2391,2,tolerance_tightening,design_review,mech_b,2024-09-29
CHG-10834,P-2391,3,drawing_note,design_review,mech_b,2025-01-20
CHG-10835,P-2391,4,feature_add,design_review,mech_b,2024-09-29
CHG-10836,P-2391,5,tolerance_tightening,test_failure,mech_b,2024-04-29
CHG-10837,P-2392,1,feature_add,customer_request,hw_integration,2024-10-27
CHG-10838,P-2392,2,material_change,test_failure,hw_integration,2024-03-14
CHG-10839,P-2392,3,feature_add,test_failure,hw_integration,2024-03-22
CHG-10840,P-2392,4,feature_add,customer_request,hw_integration,2024-02-12
CHG-10841,P-2392,5,material_change,design_review,hw_integration,2024-03-11
CHG-10842,P-2392,6,drawing_note,design_review,hw_integration,2024-06-04
CHG-10843,P-2393,1,material_change,cost_reduction,mech_b,2023-06-17
CHG-10844,P-2393,2,dimension_update,supplier_issue,mech_b,2022-07-02
CHG-10845,P-2393,3,feature_remove,test_failure,mech_b,2022-10-01
CHG-10846,P-2393,4,tolerance_tightening,supplier_issue,mech_b,2022-09-10
CHG-10847,P-2393,5,feature_add,customer_request,mech_b,2023-08-12
CHG-10848,P-2393,6,drawing_note,design_review,mech_b,2022-07-21
CHG-10849,P-2394,1,feature_remove,design_review,mech_a,2024-07-13
CHG-10850,P-2394,2,feature_add,test_failure,mech_a,2024-10-27
CHG-10851,P-2394,3,material_change,supplier_issue,mech_a,2025-02-05
CHG-10852,P-2394,4,dimension_update,customer_request,mech_a,2024-11-04
CHG-10853,P-2394,5,feature_remove,cost_reduction,mech_a,2025-06-20
CHG-10854,P-2395,1,tolerance_tightening,design_review,mech_b,2026-04-22
CHG-10855,P-2395,2,dimension_update,design_review,mech_b,2026-02-12
CHG-10856,P-2395,3,drawing_note,test_failure,mech_b,2025-04-28
CHG-10857,P-2395,4,tolerance_tightening,test_failure,mech_b,2026-03-04
CHG-10858,P-2396,1,dimension_update,design_review,elec_a,2025-05-25
CHG-10859,P-2396,2,material_change,test_failure,elec_a,2025-04-05
CHG-10860,P-2396,3,feature_add,test_failure,elec_a,2024-07-06
CHG-10861,P-2396,4,dimension_update,design_review,elec_a,2024-11-16
CHG-10862,P-2397,1,dimension_update,supplier_issue,hw_integration,2022-11-03
CHG-10863,P-2397,2,feature_remove,supplier_issue,hw_integration,2022-12-04
CHG-10864,P-2397,3,tolerance_tightening,supplier_issue,hw_integration,2023-03-21
CHG-10865,P-2397,4,drawing_note,customer_request,hw_integration,2022-03-22
CHG-10866,P-2397,5,material_change,design_review,hw_integration,2022-10-20
CHG-10867,P-2397,6,feature_add,design_review,hw_integration,2022-09-05
CHG-10868,P-2398,1,feature_remove,design_review,elec_a,2022-10-05
CHG-10869,P-2398,2,tolerance_tightening,design_review,elec_a,2023-06-30
CHG-10870,P-2398,3,material_change,cost_reduction,elec_a,2022-05-22
CHG-10871,P-2398,4,material_change,test_failure,elec_a,2022-07-03
CHG-10872,P-2399,1,tolerance_tightening,design_review,mech_a,2024-02-28
CHG-10873,P-2399,2,dimension_update,design_review,mech_a,2023-11-28
CHG-10874,P-2400,1,feature_add,cost_reduction,hw_integration,2024-05-06
CHG-10875,P-2400,2,tolerance_tightening,supplier_issue,hw_integration,2024-01-06
CHG-10876,P-2400,3,feature_remove,test_failure,hw_integration,2024-02-02
CHG-10877,P-2400,4,material_change,supplier_issue,hw_integration,2024-05-20
CHG-10878,P-2401,1,feature_add,design_review,hw_integration,2023-09-15
CHG-10879,P-2401,2,feature_remove,test_failure,hw_integration,2023-03-10
CHG-10880,P-2401,3,feature_remove,cost_reduction,hw_integration,2022-07-13
CHG-10881,P-2402,1,material_change,customer_request,elec_a,2025-08-28
CHG-10882,P-2402,2,feature_add,cost_reduction,elec_a,2025-04-21
CHG-10883,P-2402,3,material_change,test_failure,elec_a,2025-07-28
CHG-10884,P-2403,1,drawing_note,supplier_issue,hw_integration,2025-08-18
CHG-10885,P-2403,2,tolerance_tightening,supplier_issue,hw_integration,2025-04-09
CHG-10886,P-2403,3,material_change,design_review,hw_integration,2024-09-22
CHG-10887,P-2404,1,tolerance_tightening,supplier_issue,hw_integration,2025-11-09
CHG-10888,P-2404,2,material_change,design_review,hw_integration,2025-05-22
CHG-10889,P-2404,3,tolerance_tightening,design_review,hw_integration,2024-10-17
CHG-10890,P-2404,4,dimension_update,test_failure,hw_integration,2025-12-30
CHG-10891,P-2405,1,feature_remove,design_review,mech_a,2026-04-14
CHG-10892,P-2405,2,tolerance_tightening,design_review,mech_a,2025-11-16
CHG-10893,P-2405,3,drawing_note,design_review,mech_a,2025-08-30
CHG-10894,P-2405,4,dimension_update,design_review,mech_a,2026-01-31
CHG-10895,P-2406,1,feature_add,customer_request,mech_b,2025-06-21
CHG-10896,P-2406,2,drawing_note,supplier_issue,mech_b,2026-04-25
CHG-10897,P-2406,3,feature_add,test_failure,mech_b,2026-03-06
CHG-10898,P-2406,4,tolerance_tightening,design_review,mech_b,2026-04-05
CHG-10899,P-2406,5,tolerance_tightening,design_review,mech_b,2025-08-04
CHG-10900,P-2407,1,drawing_note,test_failure,elec_a,2023-12-06
CHG-10901,P-2407,2,material_change,design_review,elec_a,2023-07-15
CHG-10902,P-2407,3,tolerance_tightening,test_failure,elec_a,2023-03-19
CHG-10903,P-2407,4,feature_remove,cost_reduction,elec_a,2023-01-19
CHG-10904,P-2407,5,feature_remove,test_failure,elec_a,2022-11-22
CHG-10905,P-2408,1,tolerance_tightening,test_failure,mech_b,2023-05-31
CHG-10906,P-2408,2,dimension_update,supplier_issue,mech_b,2022-07-08
CHG-10907,P-2409,1,feature_remove,customer_request,elec_a,2024-12-21
CHG-10908,P-2409,2,tolerance_tightening,test_failure,elec_a,2025-01-28
CHG-10909,P-2409,3,feature_add,cost_reduction,elec_a,2025-02-18
CHG-10910,P-2409,4,dimension_update,customer_request,elec_a,2025-07-24
CHG-10911,P-2409,5,material_change,design_review,elec_a,2025-09-27
CHG-10912,P-2409,6,feature_remove,design_review,elec_a,2025-02-16
CHG-10913,P-2409,7,dimension_update,customer_request,elec_a,2025-09-08
CHG-10914,P-2409,8,feature_add,customer_request,elec_a,2025-11-26
CHG-10915,P-2409,9,dimension_update,design_review,elec_a,2025-01-31
CHG-10916,P-2410,1,drawing_note,test_failure,elec_a,2025-03-28
CHG-10917,P-2411,1,drawing_note,test_failure,mech_a,2024-10-22
CHG-10918,P-2411,2,feature_remove,supplier_issue,mech_a,2024-07-27
CHG-10919,P-2412,1,dimension_update,supplier_issue,elec_a,2025-04-29
CHG-10920,P-2412,2,feature_add,test_failure,elec_a,2025-02-18
CHG-10921,P-2412,3,tolerance_tightening,test_failure,elec_a,2025-12-07
CHG-10922,P-2412,4,material_change,cost_reduction,elec_a,2025-06-08
CHG-10923,P-2413,1,tolerance_tightening,test_failure,mech_a,2025-04-30
CHG-10924,P-2413,2,material_change,cost_reduction,mech_a,2024-03-20
CHG-10925,P-2413,3,feature_add,customer_request,mech_a,2024-08-27
CHG-10926,P-2413,4,feature_remove,supplier_issue,mech_a,2024-06-20
CHG-10927,P-2413,5,feature_add,test_failure,mech_a,2025-04-12
CHG-10928,P-2414,1,material_change,test_failure,elec_a,2024-07-02
CHG-10929,P-2414,2,dimension_update,supplier_issue,elec_a,2024-11-20
CHG-10930,P-2414,3,dimension_update,design_review,elec_a,2023-08-07
CHG-10931,P-2414,4,feature_remove,customer_request,elec_a,2023-08-24
CHG-10932,P-2414,5,feature_add,cost_reduction,elec_a,2024-01-05
CHG-10933,P-2415,1,tolerance_tightening,customer_request,mech_b,2023-05-17
CHG-10934,P-2415,2,tolerance_tightening,customer_request,mech_b,2022-11-03
CHG-10935,P-2415,3,feature_remove,design_review,mech_b,2022-10-07
CHG-10936,P-2415,4,feature_add,design_review,mech_b,2022-12-19
CHG-10937,P-2415,5,material_change,test_failure,mech_b,2022-07-09
CHG-10938,P-2416,1,feature_add,supplier_issue,mech_a,2025-01-12
CHG-10939,P-2416,2,material_change,test_failure,mech_a,2025-09-04
CHG-10940,P-2417,1,feature_remove,test_failure,hw_integration,2024-03-23
CHG-10941,P-2417,2,tolerance_tightening,test_failure,hw_integration,2023-01-29
CHG-10942,P-2417,3,drawing_note,design_review,hw_integration,2023-11-16
CHG-10943,P-2417,4,material_change,cost_reduction,hw_integration,2023-09-24
CHG-10944,P-2417,5,material_change,design_review,hw_integration,2024-03-24
CHG-10945,P-2417,6,material_change,design_review,hw_integration,2023-09-19
CHG-10946,P-2417,7,material_change,test_failure,hw_integration,2024-01-27
CHG-10947,P-2417,8,drawing_note,cost_reduction,hw_integration,2023-08-26
CHG-10948,P-2417,9,dimension_update,design_review,hw_integration,2023-01-29
CHG-10949,P-2417,10,drawing_note,supplier_issue,hw_integration,2023-08-11
CHG-10950,P-2418,1,material_change,design_review,mech_b,2023-10-04
CHG-10951,P-2418,2,feature_add,test_failure,mech_b,2023-04-25
CHG-10952,P-2418,3,material_change,customer_request,mech_b,2023-07-25
CHG-10953,P-2419,1,dimension_update,design_review,mech_a,2025-05-27
CHG-10954,P-2419,2,drawing_note,customer_request,mech_a,2025-09-18
CHG-10955,P-2419,3,material_change,test_failure,mech_a,2026-04-02
CHG-10956,P-2419,4,feature_add,design_review,mech_a,2026-04-17
CHG-10957,P-2419,5,drawing_note,design_review,mech_a,2025-11-15
CHG-10958,P-2419,6,dimension_update,test_failure,mech_a,2026-05-21
CHG-10959,P-2420,1,material_change,supplier_issue,mech_b,2025-08-11
CHG-10960,P-2420,2,feature_remove,supplier_issue,mech_b,2024-06-09
CHG-10961,P-2420,3,tolerance_tightening,design_review,mech_b,2024-06-05
CHG-10962,P-2420,4,tolerance_tightening,design_review,mech_b,2024-09-15
CHG-10963,P-2420,5,tolerance_tightening,cost_reduction,mech_b,2024-10-19
CHG-10964,P-2420,6,feature_remove,test_failure,mech_b,2024-05-16
CHG-10965,P-2421,1,material_change,supplier_issue,hw_integration,2024-03-08
CHG-10966,P-2421,2,tolerance_tightening,design_review,hw_integration,2023-08-25
CHG-10967,P-2421,3,drawing_note,test_failure,hw_integration,2023-08-22
CHG-10968,P-2422,1,feature_remove,design_review,mech_a,2026-02-20
CHG-10969,P-2422,2,tolerance_tightening,cost_reduction,mech_a,2025-12-31
CHG-10970,P-2422,3,tolerance_tightening,cost_reduction,mech_a,2025-05-20
CHG-10971,P-2422,4,tolerance_tightening,test_failure,mech_a,2025-05-14
CHG-10972,P-2422,5,material_change,cost_reduction,mech_a,2025-04-19
CHG-10973,P-2423,1,drawing_note,design_review,mech_b,2024-11-04
CHG-10974,P-2423,2,feature_add,design_review,mech_b,2025-08-22
CHG-10975,P-2424,1,material_change,design_review,mech_b,2023-12-29
CHG-10976,P-2424,2,dimension_update,supplier_issue,mech_b,2024-09-16
CHG-10977,P-2424,3,tolerance_tightening,supplier_issue,mech_b,2024-04-02
CHG-10978,P-2424,4,material_change,design_review,mech_b,2024-09-29
CHG-10979,P-2424,5,tolerance_tightening,test_failure,mech_b,2024-02-09
CHG-10980,P-2424,6,tolerance_tightening,supplier_issue,mech_b,2024-07-22
CHG-10981,P-2425,1,tolerance_tightening,supplier_issue,hw_integration,2025-07-14
CHG-10982,P-2425,2,dimension_update,test_failure,hw_integration,2026-02-27
CHG-10983,P-2425,3,feature_add,test_failure,hw_integration,2026-05-05
CHG-10984,P-2425,4,drawing_note,customer_request,hw_integration,2026-09-17
CHG-10985,P-2425,5,tolerance_tightening,design_review,hw_integration,2025-06-17
CHG-10986,P-2426,1,dimension_update,customer_request,mech_a,2022-09-15
CHG-10987,P-2426,2,feature_add,test_failure,mech_a,2022-06-04
CHG-10988,P-2426,3,dimension_update,supplier_issue,mech_a,2022-11-12
CHG-10989,P-2426,4,feature_remove,cost_reduction,mech_a,2023-01-03
CHG-10990,P-2426,5,tolerance_tightening,test_failure,mech_a,2023-03-08
CHG-10991,P-2426,6,tolerance_tightening,supplier_issue,mech_a,2022-03-13
CHG-10992,P-2426,7,feature_remove,design_review,mech_a,2022-11-29
CHG-10993,P-2427,1,drawing_note,cost_reduction,mech_a,2024-11-13
CHG-10994,P-2427,2,tolerance_tightening,customer_request,mech_a,2024-07-28
CHG-10995,P-2427,3,feature_remove,customer_request,mech_a,2024-10-17
CHG-10996,P-2427,4,feature_remove,cost_reduction,mech_a,2024-03-20
CHG-10997,P-2427,5,material_change,test_failure,mech_a,2024-08-06
CHG-10998,P-2427,6,feature_add,cost_reduction,mech_a,2024-11-04
CHG-10999,P-2427,7,drawing_note,design_review,mech_a,2024-04-10
CHG-11000,P-2428,1,drawing_note,cost_reduction,elec_a,2023-10-27
CHG-11001,P-2428,2,feature_add,supplier_issue,elec_a,2023-11-21
CHG-11002,P-2428,3,material_change,customer_request,elec_a,2024-03-05
CHG-11003,P-2429,1,feature_add,design_review,mech_a,2023-07-28
CHG-11004,P-2429,2,feature_add,supplier_issue,mech_a,2023-10-01
CHG-11005,P-2429,3,tolerance_tightening,design_review,mech_a,2022-12-08
CHG-11006,P-2430,1,dimension_update,design_review,elec_a,2024-09-28
CHG-11007,P-2430,2,feature_remove,test_failure,elec_a,2025-05-04
CHG-11008,P-2430,3,feature_remove,design_review,elec_a,2025-03-23
CHG-11009,P-2430,4,drawing_note,test_failure,elec_a,2025-01-14
CHG-11010,P-2430,5,feature_remove,design_review,elec_a,2025-04-21
CHG-11011,P-2431,1,tolerance_tightening,supplier_issue,mech_b,2023-05-24
CHG-11012,P-2431,2,feature_remove,design_review,mech_b,2022-08-11
CHG-11013,P-2431,3,feature_add,test_failure,mech_b,2023-03-26
CHG-11014,P-2431,4,dimension_update,test_failure,mech_b,2022-05-21
CHG-11015,P-2431,5,feature_remove,customer_request,mech_b,2023-08-24
CHG-11016,P-2431,6,dimension_update,test_failure,mech_b,2023-02-25
CHG-11017,P-2432,1,material_change,customer_request,elec_a,2025-02-05
CHG-11018,P-2432,2,feature_remove,customer_request,elec_a,2025-05-23
CHG-11019,P-2432,3,drawing_note,design_review,elec_a,2025-06-30
CHG-11020,P-2432,4,feature_remove,design_review,elec_a,2025-07-02
CHG-11021,P-2432,5,drawing_note,test_failure,elec_a,2025-06-25
CHG-11022,P-2432,6,dimension_update,design_review,elec_a,2025-05-24
CHG-11023,P-2433,1,dimension_update,design_review,mech_a,2024-10-23
CHG-11024,P-2433,2,tolerance_tightening,design_review,mech_a,2025-03-03
CHG-11025,P-2433,3,dimension_update,customer_request,mech_a,2025-03-08
CHG-11026,P-2434,1,tolerance_tightening,cost_reduction,elec_a,2024-06-23
CHG-11027,P-2434,2,material_change,cost_reduction,elec_a,2024-02-11
CHG-11028,P-2434,3,feature_add,design_review,elec_a,2024-05-30
CHG-11029,P-2434,4,feature_remove,customer_request,elec_a,2024-08-10
CHG-11030,P-2434,5,dimension_update,design_review,elec_a,2024-01-19
CHG-11031,P-2435,1,feature_remove,design_review,elec_a,2023-04-30
CHG-11032,P-2435,2,tolerance_tightening,design_review,elec_a,2023-09-10
CHG-11033,P-2435,3,dimension_update,cost_reduction,elec_a,2024-02-24
CHG-11034,P-2436,1,drawing_note,cost_reduction,mech_a,2026-04-02
CHG-11035,P-2436,2,drawing_note,design_review,mech_a,2025-09-21
CHG-11036,P-2436,3,material_change,design_review,mech_a,2025-12-01
CHG-11037,P-2436,4,dimension_update,customer_request,mech_a,2026-04-15
CHG-11038,P-2437,1,material_change,customer_request,mech_b,2025-08-07
CHG-11039,P-2437,2,feature_add,design_review,mech_b,2024-12-06
CHG-11040,P-2437,3,feature_add,test_failure,mech_b,2025-06-09
CHG-11041,P-2437,4,feature_remove,cost_reduction,mech_b,2025-08-24
CHG-11042,P-2437,5,feature_add,supplier_issue,mech_b,2025-10-29
CHG-11043,P-2437,6,feature_add,design_review,mech_b,2024-11-05
CHG-11044,P-2438,1,dimension_update,supplier_issue,mech_a,2022-09-12
CHG-11045,P-2438,2,dimension_update,design_review,mech_a,2023-06-20
CHG-11046,P-2438,3,feature_remove,design_review,mech_a,2023-01-10
CHG-11047,P-2438,4,dimension_update,supplier_issue,mech_a,2022-09-20
CHG-11048,P-2439,1,drawing_note,test_failure,mech_a,2024-09-10
CHG-11049,P-2439,2,drawing_note,test_failure,mech_a,2025-09-10
CHG-11050,P-2439,3,feature_remove,cost_reduction,mech_a,2024-12-06
CHG-11051,P-2439,4,feature_add,test_failure,mech_a,2025-06-09
CHG-11052,P-2439,5,feature_add,supplier_issue,mech_a,2025-02-18
CHG-11053,P-2440,1,drawing_note,customer_request,elec_a,2023-04-21
CHG-11054,P-2440,2,feature_add,cost_reduction,elec_a,2023-01-31
CHG-11055,P-2440,3,feature_add,design_review,elec_a,2023-05-21
CHG-11056,P-2440,4,tolerance_tightening,cost_reduction,elec_a,2023-03-29
CHG-11057,P-2440,5,material_change,supplier_issue,elec_a,2023-06-22
CHG-11058,P-2440,6,dimension_update,customer_request,elec_a,2023-08-21
CHG-11059,P-2441,1,dimension_update,design_review,mech_b,2024-08-06
CHG-11060,P-2441,2,drawing_note,design_review,mech_b,2024-06-06
CHG-11061,P-2441,3,feature_remove,test_failure,mech_b,2025-04-26
CHG-11062,P-2442,1,material_change,cost_reduction,hw_integration,2023-11-24
CHG-11063,P-2442,2,dimension_update,design_review,hw_integration,2023-04-11
CHG-11064,P-2442,3,tolerance_tightening,supplier_issue,hw_integration,2023-12-20
CHG-11065,P-2442,4,drawing_note,design_review,hw_integration,2023-01-25
CHG-11066,P-2442,5,feature_remove,supplier_issue,hw_integration,2023-10-22
CHG-11067,P-2443,1,feature_remove,customer_request,mech_b,2025-07-29
CHG-11068,P-2443,2,feature_add,supplier_issue,mech_b,2025-07-02
CHG-11069,P-2443,3,feature_add,supplier_issue,mech_b,2024-10-27
CHG-11070,P-2444,1,tolerance_tightening,test_failure,elec_a,2024-11-14
CHG-11071,P-2444,2,dimension_update,cost_reduction,elec_a,2025-02-22
CHG-11072,P-2444,3,feature_add,design_review,elec_a,2025-10-31
CHG-11073,P-2444,4,material_change,supplier_issue,elec_a,2025-11-05
CHG-11074,P-2445,1,drawing_note,cost_reduction,elec_a,2026-01-09
CHG-11075,P-2445,2,feature_remove,design_review,elec_a,2026-01-22
CHG-11076,P-2445,3,drawing_note,cost_reduction,elec_a,2025-03-25
CHG-11077,P-2445,4,drawing_note,cost_reduction,elec_a,2024-12-26
CHG-11078,P-2446,1,material_change,design_review,elec_a,2025-07-01
CHG-11079,P-2446,2,dimension_update,design_review,elec_a,2025-04-19
CHG-11080,P-2446,3,material_change,design_review,elec_a,2025-02-02
CHG-11081,P-2446,4,tolerance_tightening,cost_reduction,elec_a,2025-07-12
CHG-11082,P-2447,1,drawing_note,customer_request,hw_integration,2025-06-20
CHG-11083,P-2447,2,dimension_update,cost_reduction,hw_integration,2024-09-10
CHG-11084,P-2447,3,drawing_note,cost_reduction,hw_integration,2024-11-10
CHG-11085,P-2447,4,dimension_update,customer_request,hw_integration,2025-03-07
CHG-11086,P-2447,5,feature_add,supplier_issue,hw_integration,2025-06-30
CHG-11087,P-2447,6,material_change,cost_reduction,hw_integration,2024-12-08
CHG-11088,P-2447,7,drawing_note,cost_reduction,hw_integration,2025-06-26
CHG-11089,P-2448,1,material_change,customer_request,elec_a,2024-11-15
CHG-11090,P-2448,2,dimension_update,customer_request,elec_a,2025-11-23
CHG-11091,P-2448,3,drawing_note,design_review,elec_a,2025-10-07
CHG-11092,P-2448,4,feature_add,design_review,elec_a,2025-05-28
CHG-11093,P-2449,1,tolerance_tightening,design_review,elec_a,2025-10-26
CHG-11094,P-2449,2,tolerance_tightening,supplier_issue,elec_a,2026-01-05
CHG-11095,P-2449,3,drawing_note,design_review,elec_a,2025-08-22
CHG-11096,P-2449,4,drawing_note,design_review,elec_a,2025-06-16
CHG-11097,P-2449,5,drawing_note,test_failure,elec_a,2026-04-30
CHG-11098,P-2449,6,dimension_update,cost_reduction,elec_a,2026-05-11
CHG-11099,P-2449,7,dimension_update,supplier_issue,elec_a,2025-08-10
CHG-11100,P-2450,1,dimension_update,supplier_issue,elec_a,2025-09-15
CHG-11101,P-2450,2,feature_add,design_review,elec_a,2025-11-09
CHG-11102,P-2450,3,material_change,customer_request,elec_a,2026-01-08
CHG-11103,P-2450,4,dimension_update,design_review,elec_a,2025-07-17
CHG-11104,P-2450,5,drawing_note,supplier_issue,elec_a,2025-06-04
CHG-11105,P-2450,6,feature_add,cost_reduction,elec_a,2026-06-02
CHG-11106,P-2450,7,drawing_note,test_failure,elec_a,2026-02-21
CHG-11107,P-2451,1,feature_add,test_failure,mech_b,2026-01-06
CHG-11108,P-2451,2,dimension_update,test_failure,mech_b,2026-01-06
CHG-11109,P-2451,3,feature_add,cost_reduction,mech_b,2025-09-18
CHG-11110,P-2452,1,feature_add,test_failure,elec_a,2024-03-03
CHG-11111,P-2452,2,tolerance_tightening,design_review,elec_a,2024-08-19
CHG-11112,P-2452,3,feature_add,customer_request,elec_a,2024-01-15
CHG-11113,P-2452,4,feature_add,customer_request,elec_a,2024-08-03
CHG-11114,P-2452,5,feature_remove,cost_reduction,elec_a,2024-10-01
CHG-11115,P-2452,6,dimension_update,test_failure,elec_a,2023-11-27
CHG-11116,P-2452,7,tolerance_tightening,test_failure,elec_a,2024-02-13
CHG-11117,P-2452,8,feature_add,test_failure,elec_a,2024-08-12
CHG-11118,P-2453,1,dimension_update,test_failure,hw_integration,2023-10-06
CHG-11119,P-2453,2,feature_remove,test_failure,hw_integration,2023-06-10
CHG-11120,P-2453,3,dimension_update,supplier_issue,hw_integration,2024-02-23
CHG-11121,P-2453,4,material_change,design_review,hw_integration,2023-12-28
CHG-11122,P-2453,5,material_change,cost_reduction,hw_integration,2024-04-28
CHG-11123,P-2453,6,dimension_update,design_review,hw_integration,2023-10-29
CHG-11124,P-2454,1,feature_add,design_review,elec_a,2024-03-28
CHG-11125,P-2454,2,tolerance_tightening,design_review,elec_a,2023-11-27
CHG-11126,P-2455,1,feature_remove,design_review,elec_a,2025-05-13
CHG-11127,P-2455,2,tolerance_tightening,test_failure,elec_a,2025-04-29
CHG-11128,P-2455,3,feature_add,design_review,elec_a,2025-04-07
CHG-11129,P-2455,4,dimension_update,test_failure,elec_a,2025-05-04
CHG-11130,P-2455,5,drawing_note,cost_reduction,elec_a,2024-06-27
CHG-11131,P-2455,6,drawing_note,test_failure,elec_a,2024-02-24
CHG-11132,P-2456,1,tolerance_tightening,test_failure,mech_a,2025-03-10
CHG-11133,P-2456,2,drawing_note,design_review,mech_a,2024-04-02
CHG-11134,P-2456,3,feature_add,cost_reduction,mech_a,2025-06-01
CHG-11135,P-2456,4,feature_remove,cost_reduction,mech_a,2024-06-29
CHG-11136,P-2457,1,feature_remove,test_failure,mech_b,2024-01-03
CHG-11137,P-2457,2,dimension_update,cost_reduction,mech_b,2023-10-02
CHG-11138,P-2457,3,material_change,design_review,mech_b,2024-09-12
CHG-11139,P-2457,4,feature_add,design_review,mech_b,2024-09-26
CHG-11140,P-2457,5,feature_remove,design_review,mech_b,2023-08-28
CHG-11141,P-2457,6,feature_remove,test_failure,mech_b,2024-04-11
CHG-11142,P-2458,1,feature_remove,design_review,mech_a,2023-06-24
CHG-11143,P-2458,2,material_change,test_failure,mech_a,2023-09-20
CHG-11144,P-2458,3,feature_add,test_failure,mech_a,2023-09-03
CHG-11145,P-2458,4,drawing_note,cost_reduction,mech_a,2024-04-02
CHG-11146,P-2458,5,dimension_update,test_failure,mech_a,2024-02-18
CHG-11147,P-2459,1,drawing_note,test_failure,mech_a,2025-11-23
CHG-11148,P-2459,2,material_change,design_review,mech_a,2024-10-01
CHG-11149,P-2459,3,material_change,supplier_issue,mech_a,2024-07-30
CHG-11150,P-2459,4,material_change,test_failure,mech_a,2025-07-07
CHG-11151,P-2459,5,dimension_update,test_failure,mech_a,2025-08-13
CHG-11152,P-2460,1,dimension_update,design_review,mech_b,2024-02-17
CHG-11153,P-2460,2,dimension_update,cost_reduction,mech_b,2024-12-20
CHG-11154,P-2460,3,feature_add,design_review,mech_b,2025-03-10
CHG-11155,P-2460,4,feature_add,design_review,mech_b,2024-10-03
CHG-11156,P-2460,5,tolerance_tightening,cost_reduction,mech_b,2024-07-08
CHG-11157,P-2460,6,drawing_note,test_failure,mech_b,2024-01-23
CHG-11158,P-2460,7,dimension_update,design_review,mech_b,2024-03-13
CHG-11159,P-2460,8,dimension_update,design_review,mech_b,2024-10-26
CHG-11160,P-2461,1,feature_add,supplier_issue,mech_b,2023-03-24
CHG-11161,P-2461,2,tolerance_tightening,design_review,mech_b,2022-02-25
CHG-11162,P-2461,3,dimension_update,test_failure,mech_b,2023-04-10
CHG-11163,P-2461,4,drawing_note,customer_request,mech_b,2023-05-25
CHG-11164,P-2461,5,tolerance_tightening,test_failure,mech_b,2022-02-01
CHG-11165,P-2461,6,feature_add,cost_reduction,mech_b,2022-05-30
CHG-11166,P-2462,1,drawing_note,design_review,elec_a,2023-06-25
CHG-11167,P-2462,2,drawing_note,test_failure,elec_a,2023-09-10
CHG-11168,P-2462,3,drawing_note,design_review,elec_a,2023-03-01
CHG-11169,P-2462,4,tolerance_tightening,test_failure,elec_a,2022-09-03
CHG-11170,P-2462,5,feature_remove,supplier_issue,elec_a,2023-10-01
CHG-11171,P-2462,6,feature_remove,design_review,elec_a,2023-01-19
CHG-11172,P-2463,1,dimension_update,supplier_issue,hw_integration,2023-10-21
CHG-11173,P-2463,2,drawing_note,test_failure,hw_integration,2023-09-13
CHG-11174,P-2463,3,material_change,test_failure,hw_integration,2023-06-14
CHG-11175,P-2464,1,material_change,test_failure,hw_integration,2024-05-31
CHG-11176,P-2464,2,material_change,supplier_issue,hw_integration,2024-08-26
CHG-11177,P-2464,3,feature_add,design_review,hw_integration,2023-07-20
CHG-11178,P-2465,1,feature_add,cost_reduction,mech_b,2025-10-31
CHG-11179,P-2465,2,feature_add,cost_reduction,mech_b,2025-02-19
CHG-11180,P-2465,3,dimension_update,test_failure,mech_b,2025-06-19
CHG-11181,P-2465,4,dimension_update,test_failure,mech_b,2024-12-26
CHG-11182,P-2465,5,feature_add,customer_request,mech_b,2025-07-18
CHG-11183,P-2465,6,tolerance_tightening,test_failure,mech_b,2024-12-25
CHG-11184,P-2465,7,feature_remove,cost_reduction,mech_b,2025-11-02
CHG-11185,P-2466,1,dimension_update,test_failure,mech_b,2024-08-11
CHG-11186,P-2466,2,tolerance_tightening,customer_request,mech_b,2024-05-07
CHG-11187,P-2466,3,dimension_update,cost_reduction,mech_b,2024-09-15
CHG-11188,P-2466,4,feature_remove,supplier_issue,mech_b,2024-10-10
CHG-11189,P-2466,5,feature_add,test_failure,mech_b,2023-09-08
CHG-11190,P-2466,6,tolerance_tightening,design_review,mech_b,2024-09-13
CHG-11191,P-2466,7,drawing_note,design_review,mech_b,2024-12-17
CHG-11192,P-2466,8,tolerance_tightening,design_review,mech_b,2024-06-01
CHG-11193,P-2467,1,feature_remove,supplier_issue,elec_a,2023-08-21
CHG-11194,P-2467,2,tolerance_tightening,design_review,elec_a,2023-10-01
CHG-11195,P-2468,1,material_change,design_review,mech_b,2022-10-13
CHG-11196,P-2468,2,drawing_note,cost_reduction,mech_b,2022-07-22
CHG-11197,P-2468,3,material_change,design_review,mech_b,2022-10-03
CHG-11198,P-2468,4,feature_add,supplier_issue,mech_b,2022-07-10
CHG-11199,P-2469,1,tolerance_tightening,design_review,hw_integration,2023-07-21
CHG-11200,P-2469,2,dimension_update,design_review,hw_integration,2022-11-14
CHG-11201,P-2469,3,feature_remove,customer_request,hw_integration,2023-01-17
CHG-11202,P-2470,1,tolerance_tightening,test_failure,hw_integration,2026-03-21
CHG-11203,P-2470,2,drawing_note,cost_reduction,hw_integration,2025-11-27
CHG-11204,P-2470,3,material_change,customer_request,hw_integration,2026-07-30
CHG-11205,P-2470,4,feature_remove,cost_reduction,hw_integration,2026-10-27
CHG-11206,P-2470,5,feature_remove,customer_request,hw_integration,2025-09-26
CHG-11207,P-2471,1,dimension_update,design_review,elec_a,2025-06-22
CHG-11208,P-2471,2,feature_remove,test_failure,elec_a,2025-10-09
CHG-11209,P-2471,3,material_change,test_failure,elec_a,2025-07-21
CHG-11210,P-2471,4,feature_remove,design_review,elec_a,2026-01-22
CHG-11211,P-2471,5,feature_add,design_review,elec_a,2025-12-26
CHG-11212,P-2471,6,tolerance_tightening,design_review,elec_a,2026-04-23
CHG-11213,P-2471,7,feature_remove,test_failure,elec_a,2025-06-14
CHG-11214,P-2472,1,tolerance_tightening,design_review,mech_a,2023-03-27
CHG-11215,P-2472,2,dimension_update,test_failure,mech_a,2023-01-14
CHG-11216,P-2472,3,feature_remove,cost_reduction,mech_a,2022-10-20
CHG-11217,P-2472,4,dimension_update,customer_request,mech_a,2023-05-25
CHG-11218,P-2473,1,drawing_note,design_review,elec_a,2024-05-06
CHG-11219,P-2473,2,tolerance_tightening,cost_reduction,elec_a,2024-09-16
CHG-11220,P-2473,3,feature_remove,test_failure,elec_a,2024-06-21
CHG-11221,P-2473,4,material_change,test_failure,elec_a,2023-08-25
CHG-11222,P-2473,5,feature_remove,supplier_issue,elec_a,2023-11-27
CHG-11223,P-2473,6,material_change,design_review,elec_a,2024-07-28
CHG-11224,P-2473,7,drawing_note,test_failure,elec_a,2024-02-12
CHG-11225,P-2473,8,feature_remove,customer_request,elec_a,2023-09-13
CHG-11226,P-2473,9,drawing_note,test_failure,elec_a,2023-12-26
CHG-11227,P-2474,1,material_change,design_review,hw_integration,2026-01-11
CHG-11228,P-2474,2,drawing_note,test_failure,hw_integration,2025-10-23
CHG-11229,P-2475,1,material_change,test_failure,mech_a,2024-08-15
CHG-11230,P-2475,2,tolerance_tightening,cost_reduction,mech_a,2025-06-27
CHG-11231,P-2475,3,drawing_note,cost_reduction,mech_a,2024-11-11
CHG-11232,P-2476,1,drawing_note,supplier_issue,mech_a,2022-06-01
CHG-11233,P-2476,2,material_change,test_failure,mech_a,2022-08-20
CHG-11234,P-2476,3,feature_remove,customer_request,mech_a,2023-03-30
CHG-11235,P-2476,4,feature_add,supplier_issue,mech_a,2022-10-08
CHG-11236,P-2476,5,tolerance_tightening,supplier_issue,mech_a,2022-06-05
CHG-11237,P-2477,1,material_change,test_failure,elec_a,2024-08-12
CHG-11238,P-2477,2,material_change,design_review,elec_a,2024-05-03
CHG-11239,P-2478,1,dimension_update,cost_reduction,mech_b,2025-11-06
CHG-11240,P-2478,2,drawing_note,test_failure,mech_b,2026-04-19
CHG-11241,P-2478,3,feature_remove,test_failure,mech_b,2026-01-14
CHG-11242,P-2479,1,tolerance_tightening,cost_reduction,elec_a,2024-05-10
CHG-11243,P-2479,2,drawing_note,test_failure,elec_a,2023-08-07
CHG-11244,P-2479,3,feature_remove,cost_reduction,elec_a,2024-04-07
CHG-11245,P-2479,4,material_change,supplier_issue,elec_a,2023-11-10
CHG-11246,P-2479,5,tolerance_tightening,design_review,elec_a,2023-05-21
CHG-11247,P-2480,1,material_change,cost_reduction,mech_b,2025-04-03
CHG-11248,P-2480,2,material_change,design_review,mech_b,2024-03-10
CHG-11249,P-2480,3,drawing_note,design_review,mech_b,2024-05-08
CHG-11250,P-2480,4,material_change,cost_reduction,mech_b,2024-01-06
CHG-11251,P-2480,5,feature_add,supplier_issue,mech_b,2024-08-30
CHG-11252,P-2481,1,feature_remove,design_review,hw_integration,2023-12-14
CHG-11253,P-2481,2,drawing_note,customer_request,hw_integration,2024-04-08
CHG-11254,P-2481,3,dimension_update,design_review,hw_integration,2023-05-28
CHG-11255,P-2481,4,feature_remove,supplier_issue,hw_integration,2023-07-11
CHG-11256,P-2482,1,dimension_update,cost_reduction,mech_b,2023-01-09
CHG-11257,P-2482,2,material_change,supplier_issue,mech_b,2023-05-28
CHG-11258,P-2482,3,drawing_note,supplier_issue,mech_b,2022-12-21
CHG-11259,P-2482,4,dimension_update,design_review,mech_b,2023-04-01
CHG-11260,P-2483,1,drawing_note,design_review,mech_b,2025-02-12
CHG-11261,P-2484,1,material_change,supplier_issue,mech_a,2022-12-05
CHG-11262,P-2485,1,material_change,customer_request,mech_a,2024-07-03
CHG-11263,P-2485,2,feature_remove,customer_request,mech_a,2025-05-12
CHG-11264,P-2485,3,material_change,supplier_issue,mech_a,2024-05-10
CHG-11265,P-2485,4,drawing_note,customer_request,mech_a,2024-09-03
CHG-11266,P-2485,5,feature_add,customer_request,mech_a,2024-09-05
CHG-11267,P-2486,1,drawing_note,test_failure,mech_a,2023-04-14
CHG-11268,P-2487,1,material_change,customer_request,hw_integration,2024-05-25
CHG-11269,P-2487,2,dimension_update,test_failure,hw_integration,2024-12-15
CHG-11270,P-2487,3,tolerance_tightening,cost_reduction,hw_integration,2025-03-11
CHG-11271,P-2488,1,material_change,customer_request,mech_b,2025-12-08
CHG-11272,P-2488,2,tolerance_tightening,design_review,mech_b,2025-06-09
CHG-11273,P-2488,3,feature_add,design_review,mech_b,2024-11-04
CHG-11274,P-2488,4,dimension_update,test_failure,mech_b,2024-12-16
CHG-11275,P-2489,1,tolerance_tightening,design_review,mech_a,2025-02-12
CHG-11276,P-2489,2,feature_remove,supplier_issue,mech_a,2025-03-28
CHG-11277,P-2489,3,feature_add,supplier_issue,mech_a,2025-01-10
CHG-11278,P-2489,4,drawing_note,supplier_issue,mech_a,2025-02-26
CHG-11279,P-2489,5,dimension_update,test_failure,mech_a,2025-02-28
CHG-11280,P-2490,1,tolerance_tightening,customer_request,mech_b,2022-10-07
CHG-11281,P-2490,2,drawing_note,cost_reduction,mech_b,2022-11-10
CHG-11282,P-2490,3,drawing_note,design_review,mech_b,2023-10-25
CHG-11283,P-2490,4,material_change,design_review,mech_b,2023-02-19
CHG-11284,P-2490,5,feature_add,cost_reduction,mech_b,2023-08-22
CHG-11285,P-2491,1,drawing_note,design_review,elec_a,2023-05-19
CHG-11286,P-2491,2,feature_remove,supplier_issue,elec_a,2023-10-09
CHG-11287,P-2492,1,feature_add,customer_request,hw_integration,2024-01-24
CHG-11288,P-2492,2,dimension_update,design_review,hw_integration,2023-10-21
CHG-11289,P-2492,3,dimension_update,design_review,hw_integration,2023-03-15
CHG-11290,P-2492,4,tolerance_tightening,cost_reduction,hw_integration,2023-03-14
CHG-11291,P-2493,1,tolerance_tightening,design_review,hw_integration,2025-02-19
CHG-11292,P-2493,2,material_change,design_review,hw_integration,2025-05-17
CHG-11293,P-2494,1,feature_remove,supplier_issue,mech_a,2024-07-19
CHG-11294,P-2494,2,drawing_note,design_review,mech_a,2024-09-02
CHG-11295,P-2494,3,dimension_update,test_failure,mech_a,2025-01-27
CHG-11296,P-2494,4,feature_remove,customer_request,mech_a,2024-11-09
CHG-11297,P-2495,1,dimension_update,customer_request,hw_integration,2023-04-26
CHG-11298,P-2495,2,drawing_note,customer_request,hw_integration,2023-01-08
CHG-11299,P-2495,3,drawing_note,cost_reduction,hw_integration,2023-08-01
CHG-11300,P-2495,4,material_change,design_review,hw_integration,2023-03-12
CHG-11301,P-2495,5,feature_add,test_failure,hw_integration,2022-10-16
CHG-11302,P-2495,6,feature_remove,design_review,hw_integration,2023-11-12
CHG-11303,P-2495,7,material_change,supplier_issue,hw_integration,2023-08-11
CHG-11304,P-2495,8,feature_add,test_failure,hw_integration,2022-12-10
CHG-11305,P-2496,1,drawing_note,cost_reduction,mech_b,2025-04-26
CHG-11306,P-2496,2,feature_remove,cost_reduction,mech_b,2024-05-06
CHG-11307,P-2496,3,drawing_note,test_failure,mech_b,2024-05-03
CHG-11308,P-2497,1,tolerance_tightening,test_failure,hw_integration,2024-04-23
CHG-11309,P-2497,2,tolerance_tightening,test_failure,hw_integration,2024-01-13
CHG-11310,P-2497,3,feature_remove,test_failure,hw_integration,2024-09-18
CHG-11311,P-2497,4,feature_add,test_failure,hw_integration,2024-09-10
CHG-11312,P-2498,1,dimension_update,customer_request,mech_a,2024-05-27
CHG-11313,P-2498,2,tolerance_tightening,design_review,mech_a,2024-01-23
CHG-11314,P-2498,3,feature_remove,cost_reduction,mech_a,2023-07-30
CHG-11315,P-2498,4,feature_remove,cost_reduction,mech_a,2024-06-04
CHG-11316,P-2498,5,tolerance_tightening,design_review,mech_a,2024-05-25
CHG-11317,P-2498,6,material_change,test_failure,mech_a,2024-01-19
CHG-11318,P-2499,1,tolerance_tightening,supplier_issue,elec_a,2026-01-29
CHG-11319,P-2499,2,feature_add,supplier_issue,elec_a,2026-03-04
CHG-11320,P-2500,1,material_change,design_review,hw_integration,2022-11-22
CHG-11321,P-2500,2,material_change,design_review,hw_integration,2022-11-29
CHG-11322,P-2500,3,dimension_update,customer_request,hw_integration,2022-07-05
CHG-11323,P-2501,1,material_change,supplier_issue,mech_a,2024-11-08
CHG-11324,P-2501,2,feature_add,supplier_issue,mech_a,2025-07-18
CHG-11325,P-2501,3,feature_remove,supplier_issue,mech_a,2024-11-16
CHG-11326,P-2501,4,drawing_note,design_review,mech_a,2024-12-03
CHG-11327,P-2501,5,dimension_update,supplier_issue,mech_a,2025-10-31
CHG-11328,P-2501,6,tolerance_tightening,design_review,mech_a,2025-05-04
CHG-11329,P-2501,7,tolerance_tightening,supplier_issue,mech_a,2024-09-09
CHG-11330,P-2502,1,material_change,design_review,hw_integration,2024-03-13
CHG-11331,P-2502,2,feature_add,customer_request,hw_integration,2024-02-22
CHG-11332,P-2502,3,tolerance_tightening,design_review,hw_integration,2023-12-23
CHG-11333,P-2502,4,tolerance_tightening,design_review,hw_integration,2024-06-23
CHG-11334,P-2503,1,feature_remove,design_review,mech_a,2023-02-15
CHG-11335,P-2503,2,feature_add,design_review,mech_a,2023-11-09
CHG-11336,P-2503,3,feature_add,design_review,mech_a,2023-02-15
CHG-11337,P-2503,4,material_change,cost_reduction,mech_a,2024-01-29
CHG-11338,P-2503,5,drawing_note,test_failure,mech_a,2023-06-08
CHG-11339,P-2503,6,feature_add,supplier_issue,mech_a,2023-09-23
CHG-11340,P-2503,7,feature_remove,test_failure,mech_a,2023-12-15
CHG-11341,P-2504,1,feature_remove,test_failure,hw_integration,2023-11-15
CHG-11342,P-2504,2,drawing_note,design_review,hw_integration,2023-07-15
CHG-11343,P-2504,3,material_change,test_failure,hw_integration,2023-12-13
CHG-11344,P-2504,4,material_change,supplier_issue,hw_integration,2023-07-23
CHG-11345,P-2505,1,feature_add,test_failure,elec_a,2023-06-01
CHG-11346,P-2505,2,tolerance_tightening,design_review,elec_a,2023-02-12
CHG-11347,P-2505,3,feature_remove,design_review,elec_a,2023-05-27
CHG-11348,P-2505,4,drawing_note,customer_request,elec_a,2023-02-16
CHG-11349,P-2505,5,drawing_note,design_review,elec_a,2023-08-08
CHG-11350,P-2505,6,dimension_update,supplier_issue,elec_a,2022-11-02
CHG-11351,P-2505,7,dimension_update,customer_request,elec_a,2022-11-09
CHG-11352,P-2506,1,drawing_note,customer_request,hw_integration,2025-04-25
CHG-11353,P-2506,2,tolerance_tightening,design_review,hw_integration,2025-06-04
CHG-11354,P-2506,3,feature_add,design_review,hw_integration,2025-06-26
CHG-11355,P-2506,4,feature_remove,cost_reduction,hw_integration,2025-03-16
CHG-11356,P-2506,5,tolerance_tightening,test_failure,hw_integration,2024-06-06
CHG-11357,P-2506,6,feature_add,test_failure,hw_integration,2025-01-01
CHG-11358,P-2507,1,feature_remove,design_review,hw_integration,2025-02-26
CHG-11359,P-2507,2,tolerance_tightening,cost_reduction,hw_integration,2025-07-28
CHG-11360,P-2507,3,dimension_update,supplier_issue,hw_integration,2025-08-07
CHG-11361,P-2507,4,feature_add,customer_request,hw_integration,2025-02-03
CHG-11362,P-2507,5,drawing_note,supplier_issue,hw_integration,2025-02-07
CHG-11363,P-2507,6,feature_add,test_failure,hw_integration,2025-05-25
CHG-11364,P-2508,1,material_change,test_failure,mech_b,2024-01-10
CHG-11365,P-2508,2,dimension_update,test_failure,mech_b,2023-04-17
CHG-11366,P-2508,3,feature_remove,cost_reduction,mech_b,2023-06-01
CHG-11367,P-2508,4,tolerance_tightening,test_failure,mech_b,2023-05-03
CHG-11368,P-2508,5,tolerance_tightening,test_failure,mech_b,2023-05-01
CHG-11369,P-2509,1,material_change,supplier_issue,mech_b,2023-09-01
CHG-11370,P-2509,2,feature_remove,cost_reduction,mech_b,2024-08-02
CHG-11371,P-2510,1,feature_add,test_failure,elec_a,2026-03-13
CHG-11372,P-2510,2,feature_remove,customer_request,elec_a,2026-04-25
CHG-11373,P-2510,3,dimension_update,customer_request,elec_a,2026-07-29
CHG-11374,P-2510,4,material_change,cost_reduction,elec_a,2025-12-22
CHG-11375,P-2510,5,feature_remove,design_review,elec_a,2025-12-09
CHG-11376,P-2510,6,feature_add,supplier_issue,elec_a,2026-03-25
CHG-11377,P-2511,1,feature_remove,cost_reduction,mech_a,2025-05-13
CHG-11378,P-2511,2,drawing_note,cost_reduction,mech_a,2025-09-24
CHG-11379,P-2512,1,feature_add,design_review,mech_b,2024-01-31
CHG-11380,P-2512,2,material_change,design_review,mech_b,2024-04-03
CHG-11381,P-2512,3,material_change,cost_reduction,mech_b,2025-04-14
CHG-11382,P-2512,4,dimension_update,design_review,mech_b,2024-12-05
CHG-11383,P-2512,5,material_change,cost_reduction,mech_b,2024-12-16
CHG-11384,P-2512,6,material_change,design_review,mech_b,2024-06-25
CHG-11385,P-2513,1,feature_remove,design_review,mech_a,2023-08-07
CHG-11386,P-2513,2,feature_add,customer_request,mech_a,2023-03-21
CHG-11387,P-2513,3,dimension_update,design_review,mech_a,2022-06-04
CHG-11388,P-2513,4,feature_add,design_review,mech_a,2023-02-04
CHG-11389,P-2513,5,feature_remove,design_review,mech_a,2023-05-24
CHG-11390,P-2513,6,material_change,test_failure,mech_a,2022-09-06
CHG-11391,P-2513,7,feature_remove,test_failure,mech_a,2023-06-03
CHG-11392,P-2514,1,feature_remove,design_review,hw_integration,2024-06-20
CHG-11393,P-2514,2,material_change,test_failure,hw_integration,2024-04-02
CHG-11394,P-2514,3,dimension_update,customer_request,hw_integration,2025-03-14
CHG-11395,P-2514,4,tolerance_tightening,cost_reduction,hw_integration,2024-12-16
CHG-11396,P-2515,1,feature_add,customer_request,mech_a,2024-01-21
CHG-11397,P-2515,2,drawing_note,supplier_issue,mech_a,2024-09-06
CHG-11398,P-2515,3,material_change,cost_reduction,mech_a,2023-07-31
CHG-11399,P-2515,4,drawing_note,test_failure,mech_a,2023-10-01
CHG-11400,P-2515,5,tolerance_tightening,test_failure,mech_a,2023-12-25
CHG-11401,P-2515,6,feature_remove,customer_request,mech_a,2023-11-07
CHG-11402,P-2516,1,tolerance_tightening,design_review,mech_b,2025-01-25
CHG-11403,P-2516,2,feature_remove,test_failure,mech_b,2026-01-22
CHG-11404,P-2516,3,material_change,design_review,mech_b,2026-01-18
CHG-11405,P-2516,4,dimension_update,test_failure,mech_b,2024-12-22
CHG-11406,P-2516,5,tolerance_tightening,customer_request,mech_b,2025-05-09
CHG-11407,P-2517,1,material_change,cost_reduction,mech_b,2023-12-01
CHG-11408,P-2517,2,drawing_note,cost_reduction,mech_b,2023-09-17
CHG-11409,P-2517,3,drawing_note,design_review,mech_b,2023-02-17
CHG-11410,P-2517,4,feature_remove,test_failure,mech_b,2023-07-01
CHG-11411,P-2517,5,drawing_note,cost_reduction,mech_b,2023-12-08
CHG-11412,P-2518,1,dimension_update,supplier_issue,mech_b,2025-12-31
CHG-11413,P-2518,2,feature_remove,design_review,mech_b,2026-09-04
CHG-11414,P-2518,3,feature_add,test_failure,mech_b,2025-07-06
CHG-11415,P-2518,4,feature_add,test_failure,mech_b,2026-08-26
CHG-11416,P-2518,5,dimension_update,customer_request,mech_b,2025-10-27
CHG-11417,P-2518,6,dimension_update,cost_reduction,mech_b,2025-07-12
CHG-11418,P-2519,1,feature_remove,test_failure,hw_integration,2026-04-01
CHG-11419,P-2519,2,material_change,test_failure,hw_integration,2026-05-21
CHG-11420,P-2520,1,feature_add,supplier_issue,hw_integration,2024-11-30
CHG-11421,P-2520,2,tolerance_tightening,customer_request,hw_integration,2024-12-27
CHG-11422,P-2520,3,tolerance_tightening,design_review,hw_integration,2025-07-05
CHG-11423,P-2520,4,material_change,test_failure,hw_integration,2025-07-25
CHG-11424,P-2520,5,feature_add,design_review,hw_integration,2024-12-22
CHG-11425,P-2520,6,drawing_note,supplier_issue,hw_integration,2025-01-26
CHG-11426,P-2520,7,dimension_update,design_review,hw_integration,2025-02-05
CHG-11427,P-2520,8,material_change,design_review,hw_integration,2025-11-03
CHG-11428,P-2521,1,material_change,test_failure,elec_a,2024-01-18
CHG-11429,P-2521,2,feature_remove,supplier_issue,elec_a,2024-05-29
CHG-11430,P-2521,3,dimension_update,test_failure,elec_a,2023-10-15
CHG-11431,P-2521,4,feature_remove,design_review,elec_a,2024-04-09
CHG-11432,P-2521,5,dimension_update,cost_reduction,elec_a,2024-03-08
CHG-11433,P-2522,1,material_change,supplier_issue,hw_integration,2024-04-18
CHG-11434,P-2522,2,drawing_note,test_failure,hw_integration,2024-03-08
CHG-11435,P-2522,3,drawing_note,design_review,hw_integration,2025-03-12
CHG-11436,P-2522,4,drawing_note,test_failure,hw_integration,2024-11-17
CHG-11437,P-2522,5,feature_remove,supplier_issue,hw_integration,2025-04-18
CHG-11438,P-2523,1,tolerance_tightening,test_failure,mech_a,2025-12-08
CHG-11439,P-2523,2,feature_add,customer_request,mech_a,2025-08-06
CHG-11440,P-2523,3,feature_remove,cost_reduction,mech_a,2025-06-13
CHG-11441,P-2523,4,drawing_note,design_review,mech_a,2025-12-30
CHG-11442,P-2523,5,tolerance_tightening,customer_request,mech_a,2025-07-06
CHG-11443,P-2523,6,drawing_note,design_review,mech_a,2025-07-27
CHG-11444,P-2524,1,material_change,cost_reduction,hw_integration,2025-04-09
CHG-11445,P-2524,2,feature_remove,supplier_issue,hw_integration,2025-11-10
CHG-11446,P-2524,3,feature_add,design_review,hw_integration,2026-04-02
CHG-11447,P-2524,4,feature_add,test_failure,hw_integration,2026-04-21
CHG-11448,P-2524,5,feature_remove,customer_request,hw_integration,2025-01-19
CHG-11449,P-2525,1,drawing_note,customer_request,mech_a,2025-01-09
CHG-11450,P-2525,2,drawing_note,design_review,mech_a,2025-01-03
CHG-11451,P-2525,3,material_change,test_failure,mech_a,2024-11-10
CHG-11452,P-2525,4,material_change,customer_request,mech_a,2025-11-09
CHG-11453,P-2525,5,feature_add,design_review,mech_a,2026-01-25
CHG-11454,P-2525,6,feature_remove,supplier_issue,mech_a,2026-02-20
CHG-11455,P-2526,1,material_change,supplier_issue,mech_a,2023-11-20
CHG-11456,P-2526,2,dimension_update,design_review,mech_a,2023-06-30
CHG-11457,P-2526,3,material_change,test_failure,mech_a,2023-06-30
CHG-11458,P-2526,4,material_change,design_review,mech_a,2023-08-29
CHG-11459,P-2526,5,dimension_update,design_review,mech_a,2023-02-28
CHG-11460,P-2526,6,drawing_note,test_failure,mech_a,2023-11-28
CHG-11461,P-2527,1,dimension_update,cost_reduction,mech_a,2024-02-26
CHG-11462,P-2527,2,drawing_note,cost_reduction,mech_a,2024-07-31
CHG-11463,P-2527,3,drawing_note,cost_reduction,mech_a,2023-12-11
CHG-11464,P-2527,4,drawing_note,test_failure,mech_a,2023-07-04
CHG-11465,P-2528,1,tolerance_tightening,customer_request,mech_a,2024-10-27
CHG-11466,P-2528,2,material_change,design_review,mech_a,2025-12-11
CHG-11467,P-2528,3,drawing_note,design_review,mech_a,2025-07-06
CHG-11468,P-2528,4,feature_add,design_review,mech_a,2025-11-06
CHG-11469,P-2528,5,feature_remove,test_failure,mech_a,2025-08-15
CHG-11470,P-2528,6,dimension_update,customer_request,mech_a,2025-01-23
CHG-11471,P-2529,1,tolerance_tightening,test_failure,hw_integration,2023-03-13
CHG-11472,P-2529,2,dimension_update,test_failure,hw_integration,2023-01-27
CHG-11473,P-2529,3,dimension_update,supplier_issue,hw_integration,2022-06-21
CHG-11474,P-2530,1,feature_remove,customer_request,mech_b,2024-09-16
CHG-11475,P-2530,2,tolerance_tightening,supplier_issue,mech_b,2024-10-15
CHG-11476,P-2530,3,feature_add,cost_reduction,mech_b,2025-09-18
CHG-11477,P-2531,1,feature_remove,design_review,hw_integration,2023-07-03
CHG-11478,P-2531,2,feature_add,cost_reduction,hw_integration,2024-05-10
CHG-11479,P-2531,3,feature_add,supplier_issue,hw_integration,2024-03-23
CHG-11480,P-2531,4,drawing_note,supplier_issue,hw_integration,2023-06-20
CHG-11481,P-2532,1,tolerance_tightening,cost_reduction,mech_b,2025-03-06
CHG-11482,P-2532,2,material_change,cost_reduction,mech_b,2024-03-03
CHG-11483,P-2532,3,drawing_note,supplier_issue,mech_b,2025-01-16
CHG-11484,P-2532,4,dimension_update,design_review,mech_b,2024-06-22
CHG-11485,P-2532,5,tolerance_tightening,cost_reduction,mech_b,2024-11-09
CHG-11486,P-2533,1,drawing_note,test_failure,mech_a,2026-06-05
CHG-11487,P-2533,2,material_change,cost_reduction,mech_a,2026-07-06
CHG-11488,P-2533,3,drawing_note,design_review,mech_a,2025-11-21
CHG-11489,P-2533,4,material_change,customer_request,mech_a,2025-03-18
CHG-11490,P-2533,5,material_change,test_failure,mech_a,2025-07-29
CHG-11491,P-2534,1,feature_remove,design_review,mech_b,2026-02-14
CHG-11492,P-2534,2,tolerance_tightening,cost_reduction,mech_b,2026-05-01
CHG-11493,P-2534,3,drawing_note,test_failure,mech_b,2026-05-12
CHG-11494,P-2534,4,drawing_note,test_failure,mech_b,2025-12-09
CHG-11495,P-2534,5,dimension_update,supplier_issue,mech_b,2025-08-19
CHG-11496,P-2535,1,tolerance_tightening,test_failure,mech_a,2024-04-17
CHG-11497,P-2535,2,feature_add,design_review,mech_a,2023-06-04
CHG-11498,P-2535,3,drawing_note,cost_reduction,mech_a,2024-02-28
CHG-11499,P-2535,4,tolerance_tightening,cost_reduction,mech_a,2023-08-21
CHG-11500,P-2535,5,drawing_note,test_failure,mech_a,2023-06-10
CHG-11501,P-2535,6,feature_remove,design_review,mech_a,2024-05-19
CHG-11502,P-2536,1,tolerance_tightening,cost_reduction,mech_b,2024-09-14
CHG-11503,P-2536,2,drawing_note,supplier_issue,mech_b,2025-02-22
CHG-11504,P-2536,3,tolerance_tightening,test_failure,mech_b,2025-04-18
CHG-11505,P-2536,4,feature_remove,test_failure,mech_b,2025-10-13
CHG-11506,P-2537,1,material_change,customer_request,elec_a,2022-01-29
CHG-11507,P-2537,2,material_change,design_review,elec_a,2022-07-24
CHG-11508,P-2538,1,material_change,customer_request,hw_integration,2024-12-28
CHG-11509,P-2538,2,drawing_note,design_review,hw_integration,2025-05-30
CHG-11510,P-2538,3,feature_add,supplier_issue,hw_integration,2025-03-27
CHG-11511,P-2539,1,feature_remove,supplier_issue,elec_a,2023-09-14
CHG-11512,P-2539,2,tolerance_tightening,customer_request,elec_a,2023-10-26
CHG-11513,P-2539,3,material_change,customer_request,elec_a,2023-01-08
CHG-11514,P-2539,4,material_change,test_failure,elec_a,2022-06-25
CHG-11515,P-2539,5,dimension_update,customer_request,elec_a,2023-05-16
CHG-11516,P-2539,6,tolerance_tightening,customer_request,elec_a,2022-12-30
CHG-11517,P-2540,1,drawing_note,design_review,mech_a,2025-06-09
CHG-11518,P-2540,2,feature_add,supplier_issue,mech_a,2026-06-07
CHG-11519,P-2540,3,feature_add,supplier_issue,mech_a,2026-05-06
CHG-11520,P-2540,4,material_change,test_failure,mech_a,2026-03-25
CHG-11521,P-2540,5,feature_remove,customer_request,mech_a,2026-03-07
CHG-11522,P-2541,1,feature_remove,customer_request,elec_a,2023-05-06
CHG-11523,P-2541,2,material_change,cost_reduction,elec_a,2024-03-30
CHG-11524,P-2541,3,feature_add,design_review,elec_a,2024-01-27
CHG-11525,P-2541,4,feature_add,supplier_issue,elec_a,2024-05-03
CHG-11526,P-2541,5,drawing_note,supplier_issue,elec_a,2023-12-10
CHG-11527,P-2542,1,tolerance_tightening,test_failure,elec_a,2025-10-19
CHG-11528,P-2542,2,drawing_note,supplier_issue,elec_a,2025-05-25
CHG-11529,P-2542,3,feature_remove,test_failure,elec_a,2024-12-05
CHG-11530,P-2542,4,drawing_note,customer_request,elec_a,2025-05-03
CHG-11531,P-2543,1,drawing_note,customer_request,mech_a,2024-12-21
CHG-11532,P-2543,2,dimension_update,design_review,mech_a,2025-01-24
CHG-11533,P-2543,3,material_change,customer_request,mech_a,2024-09-26
CHG-11534,P-2543,4,dimension_update,supplier_issue,mech_a,2025-05-12
CHG-11535,P-2543,5,drawing_note,supplier_issue,mech_a,2024-08-05
CHG-11536,P-2543,6,dimension_update,design_review,mech_a,2024-07-18
CHG-11537,P-2543,7,feature_remove,test_failure,mech_a,2025-08-19
CHG-11538,P-2544,1,dimension_update,customer_request,hw_integration,2022-12-14
CHG-11539,P-2544,2,dimension_update,supplier_issue,hw_integration,2024-02-17
CHG-11540,P-2544,3,feature_add,test_failure,hw_integration,2023-07-18
CHG-11541,P-2544,4,feature_remove,customer_request,hw_integration,2023-02-28
CHG-11542,P-2544,5,feature_add,design_review,hw_integration,2023-07-24
CHG-11543,P-2544,6,feature_remove,customer_request,hw_integration,2023-12-23
CHG-11544,P-2545,1,material_change,supplier_issue,hw_integration,2026-03-12
CHG-11545,P-2545,2,drawing_note,design_review,hw_integration,2025-11-30
CHG-11546,P-2545,3,feature_remove,test_failure,hw_integration,2024-12-31
CHG-11547,P-2545,4,feature_remove,design_review,hw_integration,2025-03-03
CHG-11548,P-2546,1,feature_add,design_review,elec_a,2023-05-28
CHG-11549,P-2546,2,feature_remove,design_review,elec_a,2023-06-17
CHG-11550,P-2546,3,drawing_note,design_review,elec_a,2023-09-17
CHG-11551,P-2546,4,drawing_note,design_review,elec_a,2023-08-26
CHG-11552,P-2546,5,feature_add,design_review,elec_a,2023-09-26
CHG-11553,P-2547,1,material_change,test_failure,mech_b,2026-04-21
CHG-11554,P-2547,2,feature_remove,design_review,mech_b,2025-09-23
CHG-11555,P-2547,3,feature_remove,design_review,mech_b,2025-03-16
CHG-11556,P-2547,4,drawing_note,design_review,mech_b,2025-10-25
CHG-11557,P-2547,5,dimension_update,supplier_issue,mech_b,2026-01-02
CHG-11558,P-2547,6,material_change,test_failure,mech_b,2025-11-11
CHG-11559,P-2547,7,feature_remove,cost_reduction,mech_b,2025-07-03
CHG-11560,P-2547,8,material_change,design_review,mech_b,2026-04-08
CHG-11561,P-2548,1,dimension_update,cost_reduction,mech_b,2024-05-01
CHG-11562,P-2548,2,drawing_note,customer_request,mech_b,2024-07-14
CHG-11563,P-2548,3,drawing_note,supplier_issue,mech_b,2024-09-30
CHG-11564,P-2549,1,feature_add,test_failure,mech_b,2024-04-16
CHG-11565,P-2549,2,tolerance_tightening,design_review,mech_b,2023-11-10
CHG-11566,P-2549,3,material_change,customer_request,mech_b,2024-09-15
CHG-11567,P-2549,4,feature_remove,design_review,mech_b,2023-11-07
CHG-11568,P-2550,1,feature_remove,supplier_issue,mech_a,2023-12-04
CHG-11569,P-2551,1,dimension_update,cost_reduction,mech_b,2022-11-12
CHG-11570,P-2551,2,feature_remove,design_review,mech_b,2022-11-08
CHG-11571,P-2551,3,feature_remove,customer_request,mech_b,2023-04-19
CHG-11572,P-2551,4,feature_add,cost_reduction,mech_b,2022-06-13
CHG-11573,P-2552,1,drawing_note,cost_reduction,mech_a,2025-03-20
CHG-11574,P-2552,2,dimension_update,test_failure,mech_a,2025-01-28
CHG-11575,P-2552,3,feature_remove,supplier_issue,mech_a,2025-03-19
CHG-11576,P-2553,1,feature_remove,cost_reduction,mech_a,2025-08-09
CHG-11577,P-2553,2,feature_remove,customer_request,mech_a,2025-06-14
CHG-11578,P-2553,3,feature_add,test_failure,mech_a,2025-03-04
CHG-11579,P-2553,4,material_change,design_review,mech_a,2025-07-19
CHG-11580,P-2553,5,material_change,test_failure,mech_a,2025-11-24
CHG-11581,P-2554,1,material_change,cost_reduction,elec_a,2026-04-23
CHG-11582,P-2554,2,dimension_update,design_review,elec_a,2026-02-27
CHG-11583,P-2554,3,tolerance_tightening,design_review,elec_a,2024-12-23
CHG-11584,P-2554,4,material_change,design_review,elec_a,2025-08-19
CHG-11585,P-2554,5,feature_add,design_review,elec_a,2025-03-15
CHG-11586,P-2555,1,feature_remove,customer_request,mech_a,2026-05-16
CHG-11587,P-2555,2,dimension_update,design_review,mech_a,2026-04-17
CHG-11588,P-2555,3,material_change,supplier_issue,mech_a,2025-12-03
CHG-11589,P-2555,4,tolerance_tightening,design_review,mech_a,2025-09-05
CHG-11590,P-2555,5,dimension_update,test_failure,mech_a,2026-04-04
CHG-11591,P-2555,6,dimension_update,supplier_issue,mech_a,2026-07-17
CHG-11592,P-2555,7,feature_remove,customer_request,mech_a,2026-08-02
CHG-11593,P-2555,8,material_change,cost_reduction,mech_a,2026-05-06
CHG-11594,P-2555,9,feature_add,design_review,mech_a,2026-01-28
CHG-11595,P-2556,1,feature_remove,customer_request,mech_b,2023-08-19
CHG-11596,P-2557,1,drawing_note,test_failure,mech_b,2025-01-07
CHG-11597,P-2557,2,feature_remove,design_review,mech_b,2024-04-27
CHG-11598,P-2557,3,feature_remove,design_review,mech_b,2024-12-01
CHG-11599,P-2557,4,tolerance_tightening,cost_reduction,mech_b,2024-04-28
CHG-11600,P-2558,1,material_change,customer_request,mech_a,2025-05-01
CHG-11601,P-2558,2,drawing_note,design_review,mech_a,2025-08-07
CHG-11602,P-2558,3,material_change,supplier_issue,mech_a,2025-10-01
CHG-11603,P-2558,4,tolerance_tightening,customer_request,mech_a,2025-09-18
CHG-11604,P-2558,5,feature_add,supplier_issue,mech_a,2025-06-25
CHG-11605,P-2559,1,dimension_update,design_review,hw_integration,2024-02-20
CHG-11606,P-2559,2,material_change,design_review,hw_integration,2024-02-17
CHG-11607,P-2559,3,feature_add,cost_reduction,hw_integration,2024-10-05
CHG-11608,P-2559,4,drawing_note,supplier_issue,hw_integration,2024-06-05
CHG-11609,P-2559,5,tolerance_tightening,design_review,hw_integration,2024-02-09
CHG-11610,P-2560,1,feature_remove,supplier_issue,hw_integration,2025-03-25
CHG-11611,P-2560,2,drawing_note,cost_reduction,hw_integration,2025-05-15
CHG-11612,P-2561,1,dimension_update,design_review,elec_a,2025-10-23
CHG-11613,P-2561,2,drawing_note,test_failure,elec_a,2024-10-19
CHG-11614,P-2561,3,drawing_note,design_review,elec_a,2025-07-05
CHG-11615,P-2562,1,dimension_update,design_review,elec_a,2026-02-22
CHG-11616,P-2562,2,feature_add,test_failure,elec_a,2026-09-06
CHG-11617,P-2563,1,tolerance_tightening,test_failure,mech_a,2024-05-12
CHG-11618,P-2563,2,dimension_update,supplier_issue,mech_a,2023-08-01
CHG-11619,P-2563,3,dimension_update,supplier_issue,mech_a,2023-09-25
CHG-11620,P-2564,1,drawing_note,test_failure,hw_integration,2023-11-11
CHG-11621,P-2564,2,tolerance_tightening,design_review,hw_integration,2023-11-29
CHG-11622,P-2565,1,feature_remove,supplier_issue,hw_integration,2025-12-14
CHG-11623,P-2565,2,material_change,design_review,hw_integration,2026-06-18
CHG-11624,P-2566,1,dimension_update,design_review,mech_b,2024-02-15
CHG-11625,P-2566,2,material_change,design_review,mech_b,2024-07-24
CHG-11626,P-2566,3,dimension_update,design_review,mech_b,2024-01-09
CHG-11627,P-2566,4,feature_add,customer_request,mech_b,2024-03-10
CHG-11628,P-2567,1,drawing_note,test_failure,elec_a,2023-02-27
CHG-11629,P-2567,2,material_change,customer_request,elec_a,2023-02-19
CHG-11630,P-2567,3,feature_remove,design_review,elec_a,2023-02-07
CHG-11631,P-2567,4,drawing_note,customer_request,elec_a,2023-06-22
CHG-11632,P-2567,5,tolerance_tightening,customer_request,elec_a,2022-09-26
CHG-11633,P-2567,6,feature_add,customer_request,elec_a,2023-06-04
CHG-11634,P-2567,7,tolerance_tightening,test_failure,elec_a,2023-03-20
CHG-11635,P-2567,8,feature_add,design_review,elec_a,2023-03-22
CHG-11636,P-2567,9,feature_add,test_failure,elec_a,2023-09-04
CHG-11637,P-2568,1,material_change,design_review,hw_integration,2025-06-18
CHG-11638,P-2568,2,dimension_update,test_failure,hw_integration,2025-06-12
CHG-11639,P-2568,3,drawing_note,customer_request,hw_integration,2024-11-24
CHG-11640,P-2568,4,tolerance_tightening,test_failure,hw_integration,2024-11-09
CHG-11641,P-2569,1,dimension_update,supplier_issue,elec_a,2025-08-05
CHG-11642,P-2569,2,feature_remove,test_failure,elec_a,2026-04-22
CHG-11643,P-2569,3,material_change,customer_request,elec_a,2025-10-07
CHG-11644,P-2570,1,drawing_note,cost_reduction,mech_a,2025-05-30
CHG-11645,P-2570,2,drawing_note,cost_reduction,mech_a,2025-02-14
CHG-11646,P-2570,3,feature_remove,design_review,mech_a,2025-02-22
CHG-11647,P-2571,1,material_change,customer_request,mech_b,2023-05-09
CHG-11648,P-2571,2,feature_remove,design_review,mech_b,2023-07-20
CHG-11649,P-2572,1,material_change,test_failure,mech_a,2025-05-25
CHG-11650,P-2572,2,drawing_note,supplier_issue,mech_a,2026-01-07
CHG-11651,P-2573,1,dimension_update,test_failure,mech_b,2022-05-04
CHG-11652,P-2573,2,feature_add,design_review,mech_b,2022-06-27
CHG-11653,P-2573,3,feature_remove,supplier_issue,mech_b,2022-03-24
CHG-11654,P-2573,4,feature_remove,supplier_issue,mech_b,2022-08-04
CHG-11655,P-2574,1,dimension_update,cost_reduction,hw_integration,2026-01-13
CHG-11656,P-2574,2,feature_remove,design_review,hw_integration,2025-10-23
CHG-11657,P-2574,3,dimension_update,test_failure,hw_integration,2025-03-28
CHG-11658,P-2574,4,material_change,supplier_issue,hw_integration,2026-03-17
CHG-11659,P-2575,1,dimension_update,design_review,mech_a,2022-09-02
CHG-11660,P-2575,2,tolerance_tightening,test_failure,mech_a,2023-07-24
CHG-11661,P-2575,3,feature_remove,design_review,mech_a,2023-02-25
CHG-11662,P-2576,1,dimension_update,customer_request,hw_integration,2023-07-23
CHG-11663,P-2576,2,dimension_update,test_failure,hw_integration,2024-02-03
CHG-11664,P-2576,3,material_change,customer_request,hw_integration,2023-04-14
CHG-11665,P-2576,4,tolerance_tightening,cost_reduction,hw_integration,2024-01-02
CHG-11666,P-2576,5,tolerance_tightening,cost_reduction,hw_integration,2023-09-04
CHG-11667,P-2577,1,feature_remove,cost_reduction,mech_b,2023-02-10
CHG-11668,P-2577,2,feature_remove,supplier_issue,mech_b,2023-10-03
CHG-11669,P-2577,3,drawing_note,customer_request,mech_b,2023-06-21
CHG-11670,P-2577,4,tolerance_tightening,customer_request,mech_b,2023-08-16
CHG-11671,P-2577,5,tolerance_tightening,design_review,mech_b,2023-07-24
CHG-11672,P-2577,6,material_change,design_review,mech_b,2024-01-02
CHG-11673,P-2578,1,dimension_update,test_failure,mech_b,2024-10-20
CHG-11674,P-2578,2,dimension_update,design_review,mech_b,2024-09-25
CHG-11675,P-2578,3,material_change,design_review,mech_b,2023-09-05
CHG-11676,P-2578,4,tolerance_tightening,customer_request,mech_b,2024-03-24
CHG-11677,P-2578,5,tolerance_tightening,test_failure,mech_b,2023-10-04
CHG-11678,P-2578,6,tolerance_tightening,test_failure,mech_b,2024-08-23
CHG-11679,P-2578,7,feature_add,test_failure,mech_b,2023-12-13
CHG-11680,P-2579,1,feature_remove,test_failure,elec_a,2022-03-20
CHG-11681,P-2579,2,feature_add,cost_reduction,elec_a,2023-07-13
CHG-11682,P-2579,3,dimension_update,cost_reduction,elec_a,2023-02-19
CHG-11683,P-2579,4,drawing_note,design_review,elec_a,2022-09-03
CHG-11684,P-2579,5,dimension_update,supplier_issue,elec_a,2023-02-01
CHG-11685,P-2579,6,feature_remove,test_failure,elec_a,2022-06-19
CHG-11686,P-2580,1,feature_add,design_review,mech_a,2024-09-06
CHG-11687,P-2580,2,drawing_note,cost_reduction,mech_a,2024-07-10
CHG-11688,P-2580,3,dimension_update,supplier_issue,mech_a,2024-08-19
CHG-11689,P-2580,4,drawing_note,design_review,mech_a,2025-10-12
CHG-11690,P-2580,5,feature_remove,customer_request,mech_a,2024-09-01
CHG-11691,P-2581,1,material_change,test_failure,mech_a,2022-10-15
CHG-11692,P-2581,2,feature_add,cost_reduction,mech_a,2023-10-22
CHG-11693,P-2581,3,material_change,customer_request,mech_a,2023-08-09
CHG-11694,P-2581,4,feature_remove,design_review,mech_a,2022-11-13
CHG-11695,P-2582,1,tolerance_tightening,test_failure,mech_b,2023-06-06
CHG-11696,P-2582,2,tolerance_tightening,design_review,mech_b,2023-01-30
CHG-11697,P-2582,3,dimension_update,design_review,mech_b,2023-06-09
CHG-11698,P-2582,4,feature_add,cost_reduction,mech_b,2022-12-21
CHG-11699,P-2583,1,drawing_note,design_review,mech_a,2022-11-13
CHG-11700,P-2583,2,feature_add,design_review,mech_a,2023-04-03
CHG-11701,P-2583,3,material_change,design_review,mech_a,2022-03-30
CHG-11702,P-2583,4,feature_remove,test_failure,mech_a,2022-02-14
CHG-11703,P-2583,5,drawing_note,design_review,mech_a,2022-05-05
CHG-11704,P-2584,1,material_change,supplier_issue,hw_integration,2026-01-21
CHG-11705,P-2584,2,drawing_note,customer_request,hw_integration,2026-09-04
CHG-11706,P-2584,3,drawing_note,design_review,hw_integration,2026-06-28
CHG-11707,P-2585,1,feature_remove,customer_request,elec_a,2023-02-01
CHG-11708,P-2586,1,feature_add,test_failure,hw_integration,2025-02-01
CHG-11709,P-2586,2,feature_add,design_review,hw_integration,2025-07-24
CHG-11710,P-2586,3,dimension_update,design_review,hw_integration,2024-10-29
CHG-11711,P-2586,4,feature_add,design_review,hw_integration,2025-06-29
CHG-11712,P-2586,5,drawing_note,supplier_issue,hw_integration,2025-11-17
CHG-11713,P-2586,6,drawing_note,cost_reduction,hw_integration,2024-10-03
CHG-11714,P-2586,7,feature_remove,cost_reduction,hw_integration,2025-01-01
CHG-11715,P-2586,8,drawing_note,test_failure,hw_integration,2025-10-25
CHG-11716,P-2587,1,material_change,test_failure,hw_integration,2025-01-08
CHG-11717,P-2587,2,feature_add,test_failure,hw_integration,2024-10-08
CHG-11718,P-2587,3,feature_remove,design_review,hw_integration,2025-02-06
CHG-11719,P-2587,4,drawing_note,test_failure,hw_integration,2024-12-20
CHG-11720,P-2587,5,feature_add,design_review,hw_integration,2025-05-03
CHG-11721,P-2588,1,tolerance_tightening,cost_reduction,mech_b,2025-06-30
CHG-11722,P-2588,2,material_change,design_review,mech_b,2026-03-23
CHG-11723,P-2588,3,feature_add,test_failure,mech_b,2026-03-06
CHG-11724,P-2588,4,tolerance_tightening,design_review,mech_b,2026-03-29
CHG-11725,P-2589,1,feature_add,cost_reduction,hw_integration,2023-09-14
CHG-11726,P-2589,2,tolerance_tightening,customer_request,hw_integration,2024-11-03
CHG-11727,P-2589,3,drawing_note,test_failure,hw_integration,2024-03-17
CHG-11728,P-2589,4,dimension_update,design_review,hw_integration,2024-07-05
CHG-11729,P-2590,1,dimension_update,design_review,mech_a,2026-02-05
CHG-11730,P-2591,1,tolerance_tightening,design_review,mech_b,2023-11-27
CHG-11731,P-2591,2,drawing_note,design_review,mech_b,2024-07-13
CHG-11732,P-2591,3,feature_remove,supplier_issue,mech_b,2023-09-23
CHG-11733,P-2591,4,tolerance_tightening,cost_reduction,mech_b,2024-02-27
CHG-11734,P-2592,1,feature_remove,design_review,elec_a,2023-08-06
CHG-11735,P-2593,1,dimension_update,customer_request,mech_b,2026-04-22
CHG-11736,P-2593,2,material_change,design_review,mech_b,2025-10-13
CHG-11737,P-2593,3,dimension_update,supplier_issue,mech_b,2026-01-20
CHG-11738,P-2594,1,tolerance_tightening,test_failure,elec_a,2023-07-03
CHG-11739,P-2594,2,drawing_note,cost_reduction,elec_a,2024-08-20
CHG-11740,P-2594,3,feature_add,design_review,elec_a,2024-07-28
CHG-11741,P-2594,4,dimension_update,test_failure,elec_a,2023-11-11
CHG-11742,P-2594,5,drawing_note,cost_reduction,elec_a,2024-03-04
CHG-11743,P-2594,6,tolerance_tightening,cost_reduction,elec_a,2024-09-24
CHG-11744,P-2594,7,dimension_update,supplier_issue,elec_a,2024-02-18
CHG-11745,P-2595,1,dimension_update,test_failure,hw_integration,2022-11-28
CHG-11746,P-2595,2,dimension_update,cost_reduction,hw_integration,2022-10-03
CHG-11747,P-2595,3,feature_remove,customer_request,hw_integration,2022-02-02
CHG-11748,P-2595,4,tolerance_tightening,design_review,hw_integration,2022-12-07
CHG-11749,P-2596,1,feature_add,design_review,mech_b,2025-07-08
CHG-11750,P-2596,2,feature_add,design_review,mech_b,2024-10-09
CHG-11751,P-2596,3,feature_remove,test_failure,mech_b,2025-05-25
CHG-11752,P-2596,4,feature_remove,cost_reduction,mech_b,2024-10-14
CHG-11753,P-2596,5,drawing_note,supplier_issue,mech_b,2025-02-03
CHG-11754,P-2597,1,dimension_update,design_review,mech_b,2023-07-23
CHG-11755,P-2597,2,material_change,customer_request,mech_b,2023-05-11
CHG-11756,P-2597,3,material_change,test_failure,mech_b,2024-01-29
CHG-11757,P-2597,4,material_change,test_failure,mech_b,2024-04-25
CHG-11758,P-2597,5,dimension_update,cost_reduction,mech_b,2023-04-26
CHG-11759,P-2597,6,drawing_note,test_failure,mech_b,2024-05-15
CHG-11760,P-2598,1,material_change,test_failure,elec_a,2024-11-17
CHG-11761,P-2598,2,feature_remove,test_failure,elec_a,2025-02-08
CHG-11762,P-2598,3,feature_add,supplier_issue,elec_a,2025-06-14
CHG-11763,P-2599,1,feature_remove,customer_request,hw_integration,2023-09-16
CHG-11764,P-2599,2,material_change,supplier_issue,hw_integration,2023-06-19
CHG-11765,P-2599,3,drawing_note,test_failure,hw_integration,2022-11-02
CHG-11766,P-2599,4,feature_add,supplier_issue,hw_integration,2022-08-11
CHG-11767,P-2600,1,feature_remove,test_failure,hw_integration,2025-06-05
CHG-11768,P-2600,2,feature_remove,customer_request,hw_integration,2024-12-31
CHG-11769,P-2600,3,drawing_note,customer_request,hw_integration,2024-09-08
CHG-11770,P-2600,4,feature_add,design_review,hw_integration,2025-06-13
CHG-11771,P-2601,1,material_change,cost_reduction,hw_integration,2026-03-17
CHG-11772,P-2601,2,material_change,design_review,hw_integration,2025-08-20
CHG-11773,P-2601,3,feature_add,customer_request,hw_integration,2025-09-10
CHG-11774,P-2601,4,tolerance_tightening,test_failure,hw_integration,2025-11-22
CHG-11775,P-2601,5,feature_remove,supplier_issue,hw_integration,2025-04-22
CHG-11776,P-2601,6,material_change,test_failure,hw_integration,2025-08-29
CHG-11777,P-2602,1,feature_add,design_review,mech_a,2022-06-13
CHG-11778,P-2602,2,feature_add,design_review,mech_a,2023-04-03
CHG-11779,P-2602,3,drawing_note,test_failure,mech_a,2023-06-24
CHG-11780,P-2602,4,drawing_note,customer_request,mech_a,2022-07-17
CHG-11781,P-2603,1,drawing_note,supplier_issue,mech_a,2025-01-07
CHG-11782,P-2603,2,feature_remove,supplier_issue,mech_a,2024-07-05
CHG-11783,P-2603,3,dimension_update,supplier_issue,mech_a,2024-11-07
CHG-11784,P-2603,4,material_change,customer_request,mech_a,2025-02-26
CHG-11785,P-2604,1,feature_add,design_review,elec_a,2025-03-21
CHG-11786,P-2604,2,material_change,design_review,elec_a,2024-11-25
CHG-11787,P-2604,3,feature_remove,supplier_issue,elec_a,2024-10-23
CHG-11788,P-2604,4,material_change,test_failure,elec_a,2025-02-13
CHG-11789,P-2605,1,dimension_update,supplier_issue,mech_b,2025-10-03
CHG-11790,P-2605,2,dimension_update,cost_reduction,mech_b,2026-03-07
CHG-11791,P-2605,3,feature_remove,cost_reduction,mech_b,2026-06-28
CHG-11792,P-2605,4,drawing_note,test_failure,mech_b,2025-06-13
CHG-11793,P-2605,5,feature_add,supplier_issue,mech_b,2026-01-25
CHG-11794,P-2605,6,feature_add,supplier_issue,mech_b,2025-06-02
CHG-11795,P-2606,1,dimension_update,customer_request,elec_a,2023-09-09
CHG-11796,P-2606,2,dimension_update,cost_reduction,elec_a,2023-11-22
CHG-11797,P-2606,3,material_change,test_failure,elec_a,2023-06-23
CHG-11798,P-2606,4,tolerance_tightening,cost_reduction,elec_a,2024-04-22
CHG-11799,P-2606,5,tolerance_tightening,test_failure,elec_a,2023-09-21
CHG-11800,P-2607,1,material_change,design_review,hw_integration,2023-10-20
CHG-11801,P-2608,1,drawing_note,design_review,elec_a,2024-09-15
CHG-11802,P-2608,2,feature_remove,supplier_issue,elec_a,2024-01-12
CHG-11803,P-2608,3,feature_add,cost_reduction,elec_a,2024-04-20
CHG-11804,P-2608,4,material_change,test_failure,elec_a,2023-12-09
CHG-11805,P-2609,1,feature_add,supplier_issue,mech_b,2023-08-28
CHG-11806,P-2610,1,feature_remove,cost_reduction,hw_integration,2026-04-11
CHG-11807,P-2610,2,feature_add,design_review,hw_integration,2026-09-27
CHG-11808,P-2610,3,feature_add,design_review,hw_integration,2025-10-27
CHG-11809,P-2610,4,feature_remove,test_failure,hw_integration,2026-09-16
CHG-11810,P-2610,5,feature_remove,test_failure,hw_integration,2026-04-08
CHG-11811,P-2610,6,feature_remove,test_failure,hw_integration,2026-07-03
CHG-11812,P-2610,7,feature_add,test_failure,hw_integration,2025-06-28
CHG-11813,P-2611,1,tolerance_tightening,test_failure,mech_b,2025-05-09
CHG-11814,P-2611,2,material_change,design_review,mech_b,2024-11-11
CHG-11815,P-2611,3,dimension_update,customer_request,mech_b,2025-01-21
CHG-11816,P-2611,4,dimension_update,test_failure,mech_b,2024-06-16
CHG-11817,P-2612,1,tolerance_tightening,supplier_issue,elec_a,2022-09-13
CHG-11818,P-2612,2,drawing_note,test_failure,elec_a,2023-10-24
CHG-11819,P-2612,3,material_change,cost_reduction,elec_a,2023-07-27
CHG-11820,P-2613,1,feature_add,customer_request,mech_a,2025-09-18
CHG-11821,P-2613,2,material_change,design_review,mech_a,2025-02-28
CHG-11822,P-2613,3,tolerance_tightening,test_failure,mech_a,2025-07-08
CHG-11823,P-2613,4,tolerance_tightening,customer_request,mech_a,2026-01-04
CHG-11824,P-2613,5,dimension_update,customer_request,mech_a,2026-03-14
CHG-11825,P-2613,6,tolerance_tightening,cost_reduction,mech_a,2026-02-26
CHG-11826,P-2613,7,tolerance_tightening,test_failure,mech_a,2025-11-12
CHG-11827,P-2614,1,drawing_note,customer_request,elec_a,2023-01-05
CHG-11828,P-2614,2,dimension_update,design_review,elec_a,2023-02-06
CHG-11829,P-2614,3,dimension_update,test_failure,elec_a,2023-06-17
CHG-11830,P-2614,4,drawing_note,test_failure,elec_a,2023-04-15
CHG-11831,P-2614,5,feature_add,cost_reduction,elec_a,2023-04-28
CHG-11832,P-2614,6,feature_add,test_failure,elec_a,2023-09-25
CHG-11833,P-2615,1,material_change,test_failure,mech_b,2025-03-13
CHG-11834,P-2615,2,feature_remove,test_failure,mech_b,2026-01-01
CHG-11835,P-2615,3,drawing_note,customer_request,mech_b,2026-01-12
CHG-11836,P-2615,4,drawing_note,design_review,mech_b,2025-05-24
CHG-11837,P-2616,1,tolerance_tightening,customer_request,mech_a,2023-11-01
CHG-11838,P-2617,1,feature_remove,design_review,mech_a,2025-06-15
CHG-11839,P-2617,2,tolerance_tightening,customer_request,mech_a,2024-07-25
CHG-11840,P-2617,3,material_change,supplier_issue,mech_a,2025-09-13
CHG-11841,P-2617,4,feature_remove,design_review,mech_a,2024-10-26
CHG-11842,P-2618,1,tolerance_tightening,design_review,elec_a,2026-04-11
CHG-11843,P-2618,2,tolerance_tightening,customer_request,elec_a,2025-11-19
CHG-11844,P-2618,3,feature_remove,design_review,elec_a,2025-08-09
CHG-11845,P-2618,4,drawing_note,test_failure,elec_a,2026-01-05
CHG-11846,P-2618,5,feature_add,design_review,elec_a,2025-06-23
CHG-11847,P-2618,6,drawing_note,cost_reduction,elec_a,2026-05-02
CHG-11848,P-2618,7,feature_remove,design_review,elec_a,2025-03-17
CHG-11849,P-2619,1,drawing_note,cost_reduction,mech_a,2026-05-22
CHG-11850,P-2619,2,tolerance_tightening,cost_reduction,mech_a,2025-10-27
CHG-11851,P-2619,3,dimension_update,design_review,mech_a,2025-06-10
CHG-11852,P-2619,4,drawing_note,test_failure,mech_a,2026-05-21
CHG-11853,P-2619,5,dimension_update,test_failure,mech_a,2025-09-22
CHG-11854,P-2619,6,tolerance_tightening,customer_request,mech_a,2025-03-11
CHG-11855,P-2620,1,material_change,cost_reduction,mech_a,2023-07-30
CHG-11856,P-2620,2,tolerance_tightening,cost_reduction,mech_a,2023-08-17
CHG-11857,P-2621,1,feature_remove,test_failure,mech_a,2024-05-19
CHG-11858,P-2621,2,dimension_update,customer_request,mech_a,2024-05-12
CHG-11859,P-2621,3,material_change,test_failure,mech_a,2024-04-28
CHG-11860,P-2621,4,dimension_update,test_failure,mech_a,2024-03-21
CHG-11861,P-2622,1,material_change,test_failure,mech_a,2022-10-09
CHG-11862,P-2622,2,feature_remove,customer_request,mech_a,2023-03-12
CHG-11863,P-2623,1,feature_add,customer_request,mech_b,2024-11-07
CHG-11864,P-2623,2,dimension_update,test_failure,mech_b,2024-09-28
CHG-11865,P-2623,3,dimension_update,supplier_issue,mech_b,2024-10-07
CHG-11866,P-2623,4,drawing_note,design_review,mech_b,2024-06-30
CHG-11867,P-2624,1,drawing_note,design_review,mech_b,2024-07-04
CHG-11868,P-2624,2,material_change,design_review,mech_b,2024-01-21
CHG-11869,P-2624,3,dimension_update,cost_reduction,mech_b,2023-12-12
CHG-11870,P-2624,4,feature_remove,customer_request,mech_b,2023-11-11
CHG-11871,P-2625,1,feature_remove,design_review,elec_a,2025-10-01
CHG-11872,P-2625,2,tolerance_tightening,supplier_issue,elec_a,2026-02-03
CHG-11873,P-2625,3,feature_add,supplier_issue,elec_a,2026-03-16
CHG-11874,P-2625,4,tolerance_tightening,customer_request,elec_a,2025-09-08
CHG-11875,P-2626,1,feature_remove,design_review,elec_a,2025-01-27
CHG-11876,P-2626,2,tolerance_tightening,design_review,elec_a,2024-12-19
CHG-11877,P-2626,3,feature_add,design_review,elec_a,2024-04-28
CHG-11878,P-2626,4,feature_add,design_review,elec_a,2025-07-07
CHG-11879,P-2626,5,feature_add,test_failure,elec_a,2024-09-12
CHG-11880,P-2626,6,tolerance_tightening,customer_request,elec_a,2024-03-29
CHG-11881,P-2627,1,dimension_update,customer_request,elec_a,2024-09-01
CHG-11882,P-2627,2,dimension_update,test_failure,elec_a,2024-11-17
CHG-11883,P-2627,3,feature_remove,design_review,elec_a,2024-06-24
CHG-11884,P-2627,4,feature_remove,test_failure,elec_a,2023-11-17
CHG-11885,P-2627,5,tolerance_tightening,design_review,elec_a,2024-11-21
CHG-11886,P-2628,1,material_change,design_review,hw_integration,2023-08-20
CHG-11887,P-2628,2,feature_add,test_failure,hw_integration,2022-12-23
CHG-11888,P-2629,1,material_change,test_failure,mech_a,2023-10-27
CHG-11889,P-2629,2,dimension_update,design_review,mech_a,2023-10-29
CHG-11890,P-2629,3,feature_add,supplier_issue,mech_a,2024-04-30
CHG-11891,P-2630,1,feature_remove,test_failure,elec_a,2025-07-16
CHG-11892,P-2630,2,material_change,cost_reduction,elec_a,2024-12-09
CHG-11893,P-2630,3,drawing_note,cost_reduction,elec_a,2025-06-03
CHG-11894,P-2630,4,material_change,supplier_issue,elec_a,2025-01-27
CHG-11895,P-2631,1,feature_remove,test_failure,mech_a,2023-02-20
CHG-11896,P-2631,2,tolerance_tightening,design_review,mech_a,2023-08-29
CHG-11897,P-2632,1,drawing_note,test_failure,hw_integration,2025-03-07
CHG-11898,P-2632,2,material_change,cost_reduction,hw_integration,2025-01-28
CHG-11899,P-2632,3,dimension_update,customer_request,hw_integration,2025-12-16
CHG-11900,P-2632,4,material_change,supplier_issue,hw_integration,2026-04-02
CHG-11901,P-2633,1,feature_remove,test_failure,mech_b,2024-06-10
CHG-11902,P-2633,2,feature_remove,test_failure,mech_b,2024-12-15
CHG-11903,P-2633,3,feature_remove,design_review,mech_b,2025-05-26
CHG-11904,P-2634,1,dimension_update,design_review,mech_b,2024-08-13
CHG-11905,P-2634,2,feature_remove,test_failure,mech_b,2024-10-05
CHG-11906,P-2634,3,material_change,supplier_issue,mech_b,2024-09-07
CHG-11907,P-2634,4,dimension_update,supplier_issue,mech_b,2024-09-28
CHG-11908,P-2634,5,tolerance_tightening,supplier_issue,mech_b,2024-05-24
CHG-11909,P-2634,6,drawing_note,design_review,mech_b,2025-01-24
CHG-11910,P-2634,7,feature_remove,design_review,mech_b,2024-11-23
CHG-11911,P-2635,1,tolerance_tightening,design_review,mech_a,2024-10-10
CHG-11912,P-2635,2,feature_remove,design_review,mech_a,2023-11-09
CHG-11913,P-2635,3,feature_remove,test_failure,mech_a,2024-10-12
CHG-11914,P-2635,4,material_change,customer_request,mech_a,2024-06-25
CHG-11915,P-2636,1,drawing_note,test_failure,elec_a,2022-05-24
CHG-11916,P-2636,2,drawing_note,cost_reduction,elec_a,2022-07-09
CHG-11917,P-2636,3,tolerance_tightening,supplier_issue,elec_a,2022-02-23
CHG-11918,P-2636,4,feature_remove,cost_reduction,elec_a,2022-09-07
CHG-11919,P-2637,1,tolerance_tightening,design_review,mech_b,2023-03-02
CHG-11920,P-2637,2,feature_remove,design_review,mech_b,2023-08-10
CHG-11921,P-2637,3,tolerance_tightening,cost_reduction,mech_b,2024-02-04
CHG-11922,P-2638,1,feature_remove,cost_reduction,hw_integration,2024-02-21
CHG-11923,P-2638,2,feature_remove,customer_request,hw_integration,2024-11-12
CHG-11924,P-2638,3,material_change,design_review,hw_integration,2024-12-01
CHG-11925,P-2638,4,feature_remove,design_review,hw_integration,2025-02-04
CHG-11926,P-2638,5,tolerance_tightening,test_failure,hw_integration,2024-04-09
CHG-11927,P-2638,6,dimension_update,design_review,hw_integration,2024-06-19
CHG-11928,P-2639,1,dimension_update,cost_reduction,mech_a,2025-01-12
CHG-11929,P-2639,2,feature_add,test_failure,mech_a,2024-12-06
CHG-11930,P-2639,3,feature_remove,customer_request,mech_a,2024-08-21
CHG-11931,P-2639,4,material_change,test_failure,mech_a,2024-02-07
CHG-11932,P-2639,5,drawing_note,test_failure,mech_a,2025-01-17
CHG-11933,P-2640,1,feature_add,customer_request,mech_b,2022-12-19
CHG-11934,P-2640,2,feature_remove,customer_request,mech_b,2023-06-25
CHG-11935,P-2641,1,feature_add,test_failure,hw_integration,2025-01-20
CHG-11936,P-2641,2,drawing_note,test_failure,hw_integration,2025-02-22
CHG-11937,P-2641,3,feature_remove,test_failure,hw_integration,2025-12-16
CHG-11938,P-2641,4,drawing_note,test_failure,hw_integration,2025-06-22
CHG-11939,P-2642,1,feature_remove,customer_request,hw_integration,2024-07-20
CHG-11940,P-2642,2,tolerance_tightening,test_failure,hw_integration,2024-09-21
CHG-11941,P-2642,3,feature_remove,design_review,hw_integration,2024-02-29
CHG-11942,P-2643,1,dimension_update,customer_request,hw_integration,2024-05-24
CHG-11943,P-2643,2,feature_remove,supplier_issue,hw_integration,2024-03-12
CHG-11944,P-2643,3,feature_add,design_review,hw_integration,2023-06-19
CHG-11945,P-2643,4,tolerance_tightening,customer_request,hw_integration,2024-09-13
CHG-11946,P-2643,5,tolerance_tightening,supplier_issue,hw_integration,2023-09-11
CHG-11947,P-2643,6,tolerance_tightening,design_review,hw_integration,2023-05-19
CHG-11948,P-2644,1,drawing_note,supplier_issue,elec_a,2024-10-08
CHG-11949,P-2645,1,drawing_note,test_failure,hw_integration,2023-03-20
CHG-11950,P-2645,2,drawing_note,design_review,hw_integration,2023-02-18
CHG-11951,P-2645,3,feature_add,supplier_issue,hw_integration,2023-06-13
CHG-11952,P-2645,4,material_change,design_review,hw_integration,2022-10-14
CHG-11953,P-2645,5,material_change,design_review,hw_integration,2023-03-25
CHG-11954,P-2645,6,drawing_note,design_review,hw_integration,2022-11-23
CHG-11955,P-2646,1,feature_add,design_review,mech_a,2023-04-12
CHG-11956,P-2646,2,material_change,test_failure,mech_a,2022-09-09
CHG-11957,P-2646,3,tolerance_tightening,customer_request,mech_a,2023-05-30
CHG-11958,P-2646,4,tolerance_tightening,test_failure,mech_a,2023-06-18
CHG-11959,P-2646,5,drawing_note,cost_reduction,mech_a,2022-06-19
CHG-11960,P-2646,6,drawing_note,test_failure,mech_a,2023-05-09
CHG-11961,P-2647,1,feature_add,test_failure,hw_integration,2024-04-16
CHG-11962,P-2647,2,dimension_update,test_failure,hw_integration,2024-03-07
CHG-11963,P-2647,3,drawing_note,customer_request,hw_integration,2023-05-01
CHG-11964,P-2647,4,dimension_update,test_failure,hw_integration,2024-04-30
CHG-11965,P-2647,5,dimension_update,design_review,hw_integration,2023-12-09
CHG-11966,P-2647,6,material_change,design_review,hw_integration,2023-03-24
CHG-11967,P-2647,7,drawing_note,cost_reduction,hw_integration,2023-10-03
CHG-11968,P-2648,1,tolerance_tightening,cost_reduction,elec_a,2023-01-08
CHG-11969,P-2648,2,material_change,supplier_issue,elec_a,2023-01-29
CHG-11970,P-2648,3,feature_add,design_review,elec_a,2022-03-29
CHG-11971,P-2648,4,dimension_update,supplier_issue,elec_a,2022-09-08
CHG-11972,P-2648,5,material_change,test_failure,elec_a,2022-01-15
CHG-11973,P-2648,6,dimension_update,design_review,elec_a,2023-03-20
CHG-11974,P-2648,7,drawing_note,customer_request,elec_a,2022-06-06
CHG-11975,P-2648,8,material_change,design_review,elec_a,2022-06-14
CHG-11976,P-2649,1,feature_remove,customer_request,mech_b,2023-06-15
CHG-11977,P-2649,2,material_change,design_review,mech_b,2023-10-17
CHG-11978,P-2649,3,tolerance_tightening,test_failure,mech_b,2024-05-19
CHG-11979,P-2649,4,feature_remove,customer_request,mech_b,2023-09-22
CHG-11980,P-2649,5,feature_remove,design_review,mech_b,2023-05-15
CHG-11981,P-2649,6,feature_remove,supplier_issue,mech_b,2023-12-21
CHG-11982,P-2649,7,tolerance_tightening,supplier_issue,mech_b,2024-02-15
CHG-11983,P-2649,8,tolerance_tightening,supplier_issue,mech_b,2024-02-02
CHG-11984,P-2650,1,dimension_update,supplier_issue,mech_a,2022-06-26
CHG-11985,P-2650,2,feature_remove,test_failure,mech_a,2022-09-04
CHG-11986,P-2650,3,feature_remove,customer_request,mech_a,2023-01-27
CHG-11987,P-2650,4,feature_add,cost_reduction,mech_a,2022-11-29
CHG-11988,P-2650,5,feature_remove,design_review,mech_a,2022-12-05
CHG-11989,P-2651,1,tolerance_tightening,design_review,elec_a,2024-05-01
CHG-11990,P-2651,2,feature_remove,test_failure,elec_a,2024-06-21
CHG-11991,P-2651,3,feature_remove,cost_reduction,elec_a,2024-06-05
CHG-11992,P-2651,4,tolerance_tightening,test_failure,elec_a,2024-09-11
CHG-11993,P-2651,5,material_change,cost_reduction,elec_a,2024-12-05
CHG-11994,P-2651,6,feature_remove,supplier_issue,elec_a,2025-03-27
CHG-11995,P-2651,7,dimension_update,cost_reduction,elec_a,2025-01-09
CHG-11996,P-2652,1,drawing_note,test_failure,mech_a,2022-08-17
CHG-11997,P-2652,2,drawing_note,cost_reduction,mech_a,2022-11-01
CHG-11998,P-2652,3,dimension_update,test_failure,mech_a,2023-02-02
CHG-11999,P-2652,4,material_change,customer_request,mech_a,2023-04-05
CHG-12000,P-2652,5,dimension_update,design_review,mech_a,2022-03-24
CHG-12001,P-2652,6,feature_remove,cost_reduction,mech_a,2022-10-22
CHG-12002,P-2652,7,feature_remove,customer_request,mech_a,2022-04-22
CHG-12003,P-2652,8,feature_add,supplier_issue,mech_a,2022-05-06
CHG-12004,P-2652,9,dimension_update,design_review,mech_a,2023-04-04
CHG-12005,P-2653,1,drawing_note,cost_reduction,elec_a,2023-11-24
CHG-12006,P-2653,2,dimension_update,design_review,elec_a,2023-12-05
CHG-12007,P-2653,3,drawing_note,customer_request,elec_a,2023-01-06
CHG-12008,P-2653,4,tolerance_tightening,design_review,elec_a,2023-03-30
CHG-12009,P-2653,5,material_change,test_failure,elec_a,2023-05-04
CHG-12010,P-2653,6,feature_add,cost_reduction,elec_a,2022-11-18
CHG-12011,P-2653,7,feature_add,customer_request,elec_a,2023-03-01
CHG-12012,P-2654,1,dimension_update,design_review,mech_a,2023-06-11
CHG-12013,P-2654,2,tolerance_tightening,supplier_issue,mech_a,2023-12-09
CHG-12014,P-2655,1,drawing_note,test_failure,mech_b,2024-09-14
CHG-12015,P-2655,2,drawing_note,test_failure,mech_b,2025-04-03
CHG-12016,P-2655,3,dimension_update,cost_reduction,mech_b,2024-10-28
CHG-12017,P-2655,4,material_change,cost_reduction,mech_b,2024-08-06
CHG-12018,P-2655,5,feature_add,test_failure,mech_b,2024-03-06
CHG-12019,P-2656,1,drawing_note,supplier_issue,mech_a,2024-09-29
CHG-12020,P-2656,2,feature_remove,customer_request,mech_a,2023-06-22
CHG-12021,P-2656,3,dimension_update,test_failure,mech_a,2023-10-18
CHG-12022,P-2657,1,feature_remove,design_review,mech_b,2025-03-05
CHG-12023,P-2657,2,material_change,customer_request,mech_b,2025-11-15
CHG-12024,P-2657,3,dimension_update,test_failure,mech_b,2025-09-04
CHG-12025,P-2658,1,dimension_update,cost_reduction,mech_b,2025-03-17
CHG-12026,P-2658,2,material_change,supplier_issue,mech_b,2026-01-13
CHG-12027,P-2658,3,feature_add,design_review,mech_b,2025-03-20
CHG-12028,P-2659,1,tolerance_tightening,cost_reduction,mech_a,2024-09-04
CHG-12029,P-2659,2,feature_remove,test_failure,mech_a,2024-07-10
CHG-12030,P-2659,3,material_change,test_failure,mech_a,2024-01-01
CHG-12031,P-2660,1,tolerance_tightening,test_failure,hw_integration,2022-11-16
CHG-12032,P-2660,2,tolerance_tightening,design_review,hw_integration,2023-01-27
CHG-12033,P-2660,3,tolerance_tightening,design_review,hw_integration,2022-12-14
CHG-12034,P-2660,4,feature_add,design_review,hw_integration,2022-04-28
CHG-12035,P-2661,1,feature_add,customer_request,hw_integration,2026-03-18
CHG-12036,P-2661,2,dimension_update,test_failure,hw_integration,2026-04-10
CHG-12037,P-2661,3,drawing_note,customer_request,hw_integration,2026-08-29
CHG-12038,P-2661,4,tolerance_tightening,cost_reduction,hw_integration,2026-06-15
CHG-12039,P-2661,5,dimension_update,cost_reduction,hw_integration,2025-08-14
CHG-12040,P-2661,6,feature_remove,supplier_issue,hw_integration,2026-02-18
CHG-12041,P-2661,7,dimension_update,design_review,hw_integration,2025-10-01
CHG-12042,P-2661,8,material_change,design_review,hw_integration,2026-06-28
CHG-12043,P-2661,9,drawing_note,design_review,hw_integration,2025-12-17
CHG-12044,P-2662,1,material_change,test_failure,mech_b,2024-03-08
CHG-12045,P-2663,1,tolerance_tightening,design_review,mech_a,2024-11-05
CHG-12046,P-2663,2,drawing_note,customer_request,mech_a,2025-01-01
CHG-12047,P-2663,3,tolerance_tightening,design_review,mech_a,2024-06-04
CHG-12048,P-2663,4,feature_remove,cost_reduction,mech_a,2024-02-18
CHG-12049,P-2664,1,feature_remove,design_review,hw_integration,2025-11-29
CHG-12050,P-2664,2,feature_remove,test_failure,hw_integration,2025-07-25
CHG-12051,P-2664,3,drawing_note,test_failure,hw_integration,2025-10-16
CHG-12052,P-2664,4,drawing_note,design_review,hw_integration,2025-10-09
CHG-12053,P-2664,5,feature_add,design_review,hw_integration,2025-05-08
CHG-12054,P-2665,1,feature_add,design_review,elec_a,2025-06-29
CHG-12055,P-2665,2,feature_add,cost_reduction,elec_a,2025-04-07
CHG-12056,P-2665,3,drawing_note,customer_request,elec_a,2025-07-25
CHG-12057,P-2666,1,dimension_update,customer_request,elec_a,2025-04-21
CHG-12058,P-2666,2,dimension_update,test_failure,elec_a,2024-06-11
CHG-12059,P-2667,1,material_change,customer_request,elec_a,2023-08-09
CHG-12060,P-2667,2,feature_add,design_review,elec_a,2024-06-16
CHG-12061,P-2667,3,feature_remove,customer_request,elec_a,2023-11-13
CHG-12062,P-2667,4,feature_add,test_failure,elec_a,2024-06-15
CHG-12063,P-2667,5,material_change,cost_reduction,elec_a,2023-08-21
CHG-12064,P-2667,6,feature_remove,test_failure,elec_a,2024-07-17
CHG-12065,P-2668,1,drawing_note,test_failure,mech_a,2025-02-27
CHG-12066,P-2668,2,feature_remove,customer_request,mech_a,2025-05-01
CHG-12067,P-2668,3,tolerance_tightening,design_review,mech_a,2025-06-20
CHG-12068,P-2668,4,feature_add,customer_request,mech_a,2025-02-26
CHG-12069,P-2669,1,drawing_note,cost_reduction,mech_b,2023-06-13
CHG-12070,P-2669,2,tolerance_tightening,supplier_issue,mech_b,2022-09-30
CHG-12071,P-2669,3,feature_remove,design_review,mech_b,2022-12-04
CHG-12072,P-2669,4,dimension_update,test_failure,mech_b,2023-04-09
CHG-12073,P-2670,1,feature_remove,test_failure,mech_a,2024-04-30
CHG-12074,P-2670,2,drawing_note,cost_reduction,mech_a,2024-07-13
CHG-12075,P-2670,3,drawing_note,test_failure,mech_a,2024-11-17
CHG-12076,P-2671,1,material_change,design_review,elec_a,2023-10-24
CHG-12077,P-2671,2,feature_add,design_review,elec_a,2024-01-16
CHG-12078,P-2671,3,drawing_note,test_failure,elec_a,2023-10-13
CHG-12079,P-2671,4,feature_add,test_failure,elec_a,2023-12-20
CHG-12080,P-2671,5,dimension_update,cost_reduction,elec_a,2023-10-16
CHG-12081,P-2671,6,tolerance_tightening,test_failure,elec_a,2023-10-27
CHG-12082,P-2672,1,drawing_note,supplier_issue,hw_integration,2022-10-25
CHG-12083,P-2672,2,dimension_update,customer_request,hw_integration,2023-05-02
CHG-12084,P-2672,3,material_change,design_review,hw_integration,2023-05-24
CHG-12085,P-2672,4,tolerance_tightening,supplier_issue,hw_integration,2023-03-13
CHG-12086,P-2672,5,feature_add,cost_reduction,hw_integration,2022-07-05
CHG-12087,P-2672,6,material_change,supplier_issue,hw_integration,2022-11-08
CHG-12088,P-2672,7,feature_remove,design_review,hw_integration,2022-09-16
CHG-12089,P-2672,8,tolerance_tightening,design_review,hw_integration,2022-11-18
CHG-12090,P-2672,9,dimension_update,cost_reduction,hw_integration,2023-09-10
CHG-12091,P-2673,1,dimension_update,test_failure,elec_a,2023-11-02
CHG-12092,P-2673,2,drawing_note,supplier_issue,elec_a,2023-04-12
CHG-12093,P-2673,3,tolerance_tightening,test_failure,elec_a,2023-10-20
CHG-12094,P-2673,4,material_change,test_failure,elec_a,2023-08-24
CHG-12095,P-2674,1,feature_add,design_review,elec_a,2023-08-17
CHG-12096,P-2674,2,tolerance_tightening,customer_request,elec_a,2023-03-27
CHG-12097,P-2674,3,tolerance_tightening,test_failure,elec_a,2023-03-17
CHG-12098,P-2674,4,dimension_update,design_review,elec_a,2023-03-26
CHG-12099,P-2675,1,feature_remove,supplier_issue,elec_a,2022-10-15
CHG-12100,P-2675,2,material_change,test_failure,elec_a,2023-04-17
CHG-12101,P-2675,3,feature_add,customer_request,elec_a,2022-05-05
CHG-12102,P-2675,4,tolerance_tightening,supplier_issue,elec_a,2023-06-12
CHG-12103,P-2675,5,drawing_note,design_review,elec_a,2022-04-27
CHG-12104,P-2675,6,feature_remove,supplier_issue,elec_a,2023-01-06
CHG-12105,P-2675,7,dimension_update,customer_request,elec_a,2022-10-03
CHG-12106,P-2676,1,feature_remove,supplier_issue,hw_integration,2025-03-27
CHG-12107,P-2676,2,feature_add,design_review,hw_integration,2025-02-21
CHG-12108,P-2676,3,feature_add,supplier_issue,hw_integration,2025-11-16
CHG-12109,P-2676,4,dimension_update,customer_request,hw_integration,2025-02-25
CHG-12110,P-2677,1,tolerance_tightening,design_review,mech_a,2025-02-20
CHG-12111,P-2677,2,dimension_update,customer_request,mech_a,2025-03-22
CHG-12112,P-2677,3,tolerance_tightening,test_failure,mech_a,2025-08-20
CHG-12113,P-2677,4,feature_add,supplier_issue,mech_a,2025-04-03
CHG-12114,P-2677,5,tolerance_tightening,customer_request,mech_a,2024-12-15
CHG-12115,P-2678,1,feature_remove,customer_request,mech_b,2025-03-04
CHG-12116,P-2678,2,feature_remove,customer_request,mech_b,2025-04-26
CHG-12117,P-2678,3,feature_add,cost_reduction,mech_b,2026-03-05
CHG-12118,P-2678,4,feature_add,design_review,mech_b,2025-03-14
CHG-12119,P-2678,5,tolerance_tightening,test_failure,mech_b,2025-04-02
CHG-12120,P-2679,1,feature_remove,test_failure,mech_b,2022-09-04
CHG-12121,P-2679,2,dimension_update,design_review,mech_b,2023-03-24
CHG-12122,P-2679,3,tolerance_tightening,design_review,mech_b,2022-12-18
CHG-12123,P-2679,4,feature_remove,design_review,mech_b,2023-06-22
CHG-12124,P-2679,5,tolerance_tightening,cost_reduction,mech_b,2022-11-29
CHG-12125,P-2679,6,feature_add,customer_request,mech_b,2023-01-16
CHG-12126,P-2680,1,material_change,design_review,elec_a,2023-11-14
CHG-12127,P-2680,2,tolerance_tightening,supplier_issue,elec_a,2024-10-25
CHG-12128,P-2680,3,feature_remove,design_review,elec_a,2024-11-21
CHG-12129,P-2680,4,dimension_update,customer_request,elec_a,2024-12-25
CHG-12130,P-2681,1,material_change,design_review,mech_b,2024-06-24
CHG-12131,P-2681,2,tolerance_tightening,test_failure,mech_b,2024-09-04
CHG-12132,P-2681,3,material_change,design_review,mech_b,2025-04-03
CHG-12133,P-2681,4,drawing_note,design_review,mech_b,2025-07-17
CHG-12134,P-2681,5,drawing_note,design_review,mech_b,2025-05-01
CHG-12135,P-2681,6,drawing_note,design_review,mech_b,2025-06-27
CHG-12136,P-2681,7,dimension_update,cost_reduction,mech_b,2025-06-03
CHG-12137,P-2681,8,material_change,test_failure,mech_b,2024-08-03
CHG-12138,P-2682,1,feature_add,supplier_issue,hw_integration,2024-07-19
CHG-12139,P-2682,2,dimension_update,customer_request,hw_integration,2023-10-28
CHG-12140,P-2682,3,feature_remove,cost_reduction,hw_integration,2023-10-17
CHG-12141,P-2682,4,feature_add,design_review,hw_integration,2024-09-12
CHG-12142,P-2683,1,feature_add,test_failure,mech_b,2023-05-14
CHG-12143,P-2683,2,feature_remove,cost_reduction,mech_b,2022-04-08
CHG-12144,P-2683,3,feature_add,cost_reduction,mech_b,2022-04-01
CHG-12145,P-2683,4,material_change,supplier_issue,mech_b,2022-09-08
CHG-12146,P-2683,5,tolerance_tightening,customer_request,mech_b,2022-03-21
CHG-12147,P-2683,6,drawing_note,design_review,mech_b,2023-05-04
CHG-12148,P-2684,1,material_change,cost_reduction,hw_integration,2024-05-25
CHG-12149,P-2684,2,tolerance_tightening,cost_reduction,hw_integration,2023-12-05
CHG-12150,P-2684,3,tolerance_tightening,customer_request,hw_integration,2023-10-07
CHG-12151,P-2684,4,drawing_note,design_review,hw_integration,2024-03-02
CHG-12152,P-2685,1,feature_remove,test_failure,hw_integration,2023-09-11
CHG-12153,P-2685,2,material_change,supplier_issue,hw_integration,2023-04-01
CHG-12154,P-2685,3,tolerance_tightening,design_review,hw_integration,2023-07-27
CHG-12155,P-2685,4,feature_add,test_failure,hw_integration,2022-08-09
CHG-12156,P-2686,1,material_change,test_failure,mech_a,2022-05-17
CHG-12157,P-2686,2,dimension_update,test_failure,mech_a,2022-11-07
CHG-12158,P-2686,3,feature_add,test_failure,mech_a,2023-04-28
CHG-12159,P-2687,1,drawing_note,test_failure,hw_integration,2024-09-16
CHG-12160,P-2687,2,feature_remove,test_failure,hw_integration,2025-06-01
CHG-12161,P-2687,3,dimension_update,test_failure,hw_integration,2025-10-05
CHG-12162,P-2687,4,feature_remove,design_review,hw_integration,2024-11-29
CHG-12163,P-2687,5,material_change,cost_reduction,hw_integration,2024-10-05
CHG-12164,P-2687,6,feature_remove,test_failure,hw_integration,2024-12-14
CHG-12165,P-2688,1,material_change,test_failure,hw_integration,2023-06-26
CHG-12166,P-2688,2,dimension_update,design_review,hw_integration,2023-04-14
CHG-12167,P-2688,3,feature_add,supplier_issue,hw_integration,2022-05-16
CHG-12168,P-2688,4,tolerance_tightening,design_review,hw_integration,2023-03-15
CHG-12169,P-2688,5,dimension_update,design_review,hw_integration,2023-03-06
CHG-12170,P-2688,6,dimension_update,test_failure,hw_integration,2023-05-21
CHG-12171,P-2689,1,feature_add,customer_request,mech_a,2023-11-20
CHG-12172,P-2689,2,feature_add,test_failure,mech_a,2023-06-29
CHG-12173,P-2689,3,dimension_update,design_review,mech_a,2024-04-24
CHG-12174,P-2689,4,drawing_note,customer_request,mech_a,2024-03-05
CHG-12175,P-2689,5,feature_remove,customer_request,mech_a,2023-05-14
CHG-12176,P-2689,6,dimension_update,cost_reduction,mech_a,2023-11-12
CHG-12177,P-2689,7,dimension_update,supplier_issue,mech_a,2024-01-03
CHG-12178,P-2690,1,material_change,design_review,mech_b,2026-05-31
CHG-12179,P-2690,2,dimension_update,supplier_issue,mech_b,2026-09-03
CHG-12180,P-2690,3,dimension_update,test_failure,mech_b,2026-09-18
CHG-12181,P-2690,4,tolerance_tightening,customer_request,mech_b,2025-12-07
CHG-12182,P-2690,5,dimension_update,design_review,mech_b,2026-07-31
CHG-12183,P-2691,1,tolerance_tightening,design_review,hw_integration,2025-05-30
CHG-12184,P-2691,2,drawing_note,test_failure,hw_integration,2025-07-15
CHG-12185,P-2691,3,material_change,design_review,hw_integration,2026-05-14
CHG-12186,P-2691,4,material_change,test_failure,hw_integration,2026-04-19
CHG-12187,P-2691,5,drawing_note,customer_request,hw_integration,2026-04-16
CHG-12188,P-2692,1,drawing_note,cost_reduction,hw_integration,2023-05-25
CHG-12189,P-2692,2,dimension_update,design_review,hw_integration,2023-03-14
CHG-12190,P-2692,3,feature_remove,customer_request,hw_integration,2023-03-01
CHG-12191,P-2692,4,feature_remove,test_failure,hw_integration,2023-04-18
CHG-12192,P-2693,1,dimension_update,test_failure,mech_b,2023-12-22
CHG-12193,P-2693,2,feature_add,design_review,mech_b,2024-08-04
CHG-12194,P-2693,3,tolerance_tightening,cost_reduction,mech_b,2023-09-28
CHG-12195,P-2693,4,drawing_note,cost_reduction,mech_b,2024-07-25
CHG-12196,P-2694,1,material_change,supplier_issue,elec_a,2023-07-12
CHG-12197,P-2694,2,tolerance_tightening,test_failure,elec_a,2024-05-14
CHG-12198,P-2694,3,dimension_update,test_failure,elec_a,2024-06-08
CHG-12199,P-2694,4,feature_add,cost_reduction,elec_a,2024-02-01
CHG-12200,P-2694,5,feature_add,test_failure,elec_a,2024-06-07
CHG-12201,P-2695,1,tolerance_tightening,customer_request,mech_a,2024-05-26
CHG-12202,P-2695,2,tolerance_tightening,design_review,mech_a,2024-10-17
CHG-12203,P-2696,1,material_change,cost_reduction,elec_a,2025-03-29
CHG-12204,P-2696,2,tolerance_tightening,supplier_issue,elec_a,2024-07-09
CHG-12205,P-2696,3,tolerance_tightening,supplier_issue,elec_a,2025-04-01
CHG-12206,P-2696,4,feature_remove,cost_reduction,elec_a,2024-10-14
CHG-12207,P-2697,1,feature_remove,design_review,elec_a,2023-03-27
CHG-12208,P-2697,2,feature_remove,supplier_issue,elec_a,2022-11-18
CHG-12209,P-2697,3,tolerance_tightening,cost_reduction,elec_a,2022-12-06
CHG-12210,P-2697,4,dimension_update,test_failure,elec_a,2023-04-13
CHG-12211,P-2697,5,drawing_note,design_review,elec_a,2022-12-22
CHG-12212,P-2698,1,material_change,design_review,mech_b,2024-05-06
CHG-12213,P-2698,2,tolerance_tightening,design_review,mech_b,2023-09-12
CHG-12214,P-2698,3,dimension_update,design_review,mech_b,2024-07-17
CHG-12215,P-2699,1,feature_add,customer_request,mech_b,2024-02-15
CHG-12216,P-2699,2,drawing_note,cost_reduction,mech_b,2023-12-12
CHG-12217,P-2699,3,feature_add,design_review,mech_b,2023-07-03
CHG-12218,P-2699,4,tolerance_tightening,test_failure,mech_b,2023-07-24
CHG-12219,P-2699,5,drawing_note,cost_reduction,mech_b,2023-06-17
CHG-12220,P-2700,1,feature_add,design_review,hw_integration,2025-12-30
CHG-12221,P-2700,2,dimension_update,design_review,hw_integration,2025-12-25
CHG-12222,P-2700,3,dimension_update,test_failure,hw_integration,2026-07-29
CHG-12223,P-2701,1,feature_add,design_review,mech_b,2024-02-25
CHG-12224,P-2701,2,tolerance_tightening,test_failure,mech_b,2023-09-15
CHG-12225,P-2701,3,dimension_update,design_review,mech_b,2023-12-06
CHG-12226,P-2701,4,feature_add,supplier_issue,mech_b,2023-05-21
CHG-12227,P-2701,5,feature_add,customer_request,mech_b,2023-09-20
CHG-12228,P-2701,6,drawing_note,cost_reduction,mech_b,2023-02-05
CHG-12229,P-2702,1,material_change,cost_reduction,mech_b,2022-07-14
CHG-12230,P-2702,2,dimension_update,customer_request,mech_b,2023-05-07
CHG-12231,P-2702,3,material_change,cost_reduction,mech_b,2023-01-12
CHG-12232,P-2703,1,dimension_update,test_failure,mech_b,2025-06-21
CHG-12233,P-2703,2,dimension_update,design_review,mech_b,2025-07-02
CHG-12234,P-2703,3,feature_remove,design_review,mech_b,2025-03-10
CHG-12235,P-2704,1,drawing_note,customer_request,mech_b,2026-02-08
CHG-12236,P-2704,2,material_change,cost_reduction,mech_b,2026-05-18
CHG-12237,P-2704,3,feature_add,cost_reduction,mech_b,2025-12-23
CHG-12238,P-2704,4,drawing_note,cost_reduction,mech_b,2025-04-24
CHG-12239,P-2704,5,feature_add,test_failure,mech_b,2026-04-19
CHG-12240,P-2704,6,dimension_update,test_failure,mech_b,2025-01-31
CHG-12241,P-2705,1,dimension_update,supplier_issue,mech_b,2025-12-16
CHG-12242,P-2705,2,drawing_note,design_review,mech_b,2025-10-30
CHG-12243,P-2705,3,tolerance_tightening,supplier_issue,mech_b,2026-03-07
CHG-12244,P-2705,4,drawing_note,design_review,mech_b,2025-07-20
CHG-12245,P-2706,1,tolerance_tightening,test_failure,elec_a,2022-06-29
CHG-12246,P-2706,2,tolerance_tightening,design_review,elec_a,2022-12-10
CHG-12247,P-2706,3,feature_add,test_failure,elec_a,2022-08-31
CHG-12248,P-2706,4,drawing_note,customer_request,elec_a,2022-07-21
CHG-12249,P-2707,1,drawing_note,customer_request,hw_integration,2025-08-01
CHG-12250,P-2707,2,dimension_update,test_failure,hw_integration,2025-08-30
CHG-12252,P-2708,1,feature_remove,design_review,elec_a,2023-08-22
CHG-12253,P-2708,2,drawing_note,supplier_issue,elec_a,2022-11-01
CHG-12254,P-2708,3,dimension_update,supplier_issue,elec_a,2023-11-14
CHG-12255,P-2708,4,drawing_note,supplier_issue,elec_a,2023-01-19
CHG-12256,P-2709,1,feature_add,cost_reduction,mech_a,2023-08-13
CHG-12257,P-2709,2,tolerance_tightening,cost_reduction,mech_a,2022-12-24
CHG-12258,P-2709,3,material_change,design_review,mech_a,2023-09-23
CHG-12259,P-2709,4,feature_remove,customer_request,mech_a,2022-11-14
CHG-12260,P-2709,5,drawing_note,cost_reduction,mech_a,2022-10-12
CHG-12261,P-2709,6,feature_remove,test_failure,mech_a,2022-11-10
CHG-12262,P-2709,7,drawing_note,test_failure,mech_a,2022-11-15
CHG-12263,P-2710,1,material_change,customer_request,mech_b,2024-08-15
CHG-12264,P-2710,2,material_change,test_failure,mech_b,2024-10-15
CHG-12265,P-2710,3,feature_add,design_review,mech_b,2025-02-05
CHG-12266,P-2711,1,material_change,test_failure,elec_a,2025-12-06
CHG-12267,P-2711,2,tolerance_tightening,cost_reduction,elec_a,2025-12-13
CHG-12268,P-2711,3,tolerance_tightening,customer_request,elec_a,2025-05-11
CHG-12269,P-2712,1,dimension_update,cost_reduction,elec_a,2025-07-28
CHG-12270,P-2712,2,feature_add,design_review,elec_a,2025-05-19
CHG-12271,P-2712,3,material_change,design_review,elec_a,2025-03-26
CHG-12272,P-2712,4,dimension_update,design_review,elec_a,2025-11-12
CHG-12273,P-2712,5,feature_remove,cost_reduction,elec_a,2025-12-13
CHG-12274,P-2713,1,feature_remove,supplier_issue,hw_integration,2025-01-05
CHG-12275,P-2713,2,tolerance_tightening,customer_request,hw_integration,2025-06-30
CHG-12276,P-2713,3,dimension_update,cost_reduction,hw_integration,2024-07-02
CHG-12277,P-2714,1,feature_remove,supplier_issue,mech_b,2024-07-29
CHG-12278,P-2714,2,tolerance_tightening,cost_reduction,mech_b,2023-08-21
CHG-12279,P-2714,3,dimension_update,cost_reduction,mech_b,2023-07-21
CHG-12280,P-2714,4,feature_remove,design_review,mech_b,2024-03-22
CHG-12281,P-2715,1,feature_add,supplier_issue,mech_b,2024-12-04
CHG-12282,P-2715,2,material_change,cost_reduction,mech_b,2024-03-11
CHG-12283,P-2716,1,material_change,design_review,elec_a,2023-03-20
CHG-12284,P-2716,2,feature_add,design_review,elec_a,2024-03-17
CHG-12285,P-2716,3,material_change,cost_reduction,elec_a,2024-02-17
CHG-12286,P-2716,4,feature_remove,test_failure,elec_a,2023-11-10
CHG-12287,P-2717,1,tolerance_tightening,design_review,mech_a,2023-03-01
CHG-12288,P-2717,2,feature_remove,test_failure,mech_a,2023-06-04
CHG-12289,P-2717,3,material_change,test_failure,mech_a,2022-08-16
CHG-12290,P-2718,1,tolerance_tightening,test_failure,elec_a,2023-06-19
CHG-12291,P-2718,2,drawing_note,customer_request,elec_a,2024-09-27
CHG-12292,P-2718,3,feature_add,supplier_issue,elec_a,2023-08-03
CHG-12293,P-2718,4,drawing_note,supplier_issue,elec_a,2023-11-18
CHG-12294,P-2719,1,dimension_update,test_failure,hw_integration,2023-06-24
CHG-12295,P-2719,2,tolerance_tightening,supplier_issue,hw_integration,2023-07-15
CHG-12296,P-2719,3,dimension_update,supplier_issue,hw_integration,2022-12-26
CHG-12297,P-2719,4,material_change,test_failure,hw_integration,2022-10-03
CHG-12298,P-2719,5,drawing_note,design_review,hw_integration,2023-11-10
CHG-12299,P-2719,6,tolerance_tightening,test_failure,hw_integration,2022-09-24
CHG-12300,P-2719,7,tolerance_tightening,test_failure,hw_integration,2023-11-09
CHG-12301,P-2720,1,feature_add,test_failure,elec_a,2023-03-31
CHG-12302,P-2720,2,dimension_update,design_review,elec_a,2022-09-06
CHG-12303,P-2720,3,material_change,test_failure,elec_a,2023-05-18
CHG-12304,P-2720,4,tolerance_tightening,supplier_issue,elec_a,2022-10-12
CHG-12305,P-2720,5,dimension_update,test_failure,elec_a,2023-01-07
CHG-12306,P-2720,6,feature_add,customer_request,elec_a,2022-07-09
CHG-12307,P-2720,7,dimension_update,cost_reduction,elec_a,2023-06-20
CHG-12308,P-2721,1,material_change,test_failure,mech_b,2025-03-05
CHG-12309,P-2721,2,drawing_note,customer_request,mech_b,2024-12-20
CHG-12310,P-2722,1,feature_remove,test_failure,hw_integration,2024-12-08
CHG-12311,P-2722,2,feature_add,design_review,hw_integration,2025-03-21
CHG-12312,P-2722,3,feature_remove,design_review,hw_integration,2025-07-25
CHG-12313,P-2723,1,feature_remove,test_failure,elec_a,2025-09-17
CHG-12314,P-2723,2,dimension_update,cost_reduction,elec_a,2024-10-18
CHG-12315,P-2723,3,feature_add,customer_request,elec_a,2025-06-07
CHG-12316,P-2723,4,dimension_update,supplier_issue,elec_a,2025-02-16
CHG-12317,P-2724,1,drawing_note,design_review,elec_a,2026-06-24
CHG-12318,P-2724,2,drawing_note,design_review,elec_a,2025-12-10
CHG-12319,P-2724,3,feature_add,test_failure,elec_a,2026-05-16
CHG-12320,P-2724,4,tolerance_tightening,supplier_issue,elec_a,2025-10-24
CHG-12321,P-2724,5,material_change,design_review,elec_a,2025-07-26
CHG-12322,P-2724,6,drawing_note,test_failure,elec_a,2025-10-22
CHG-12323,P-2724,7,dimension_update,design_review,elec_a,2025-09-06
CHG-12324,P-2725,1,feature_remove,cost_reduction,hw_integration,2024-01-12
CHG-12325,P-2725,2,feature_remove,test_failure,hw_integration,2024-08-03
CHG-12326,P-2725,3,tolerance_tightening,supplier_issue,hw_integration,2025-01-09
CHG-12327,P-2725,4,drawing_note,design_review,hw_integration,2024-10-30
CHG-12328,P-2726,1,feature_remove,supplier_issue,mech_a,2025-03-15
CHG-12329,P-2726,2,feature_remove,cost_reduction,mech_a,2024-06-27
CHG-12330,P-2726,3,dimension_update,test_failure,mech_a,2024-12-03
CHG-12331,P-2726,4,material_change,customer_request,mech_a,2024-12-14
CHG-12332,P-2726,5,feature_remove,design_review,mech_a,2025-04-03
CHG-12333,P-2726,6,feature_add,supplier_issue,mech_a,2024-09-06
CHG-12334,P-2727,1,drawing_note,test_failure,hw_integration,2022-11-19
CHG-12335,P-2727,2,feature_add,design_review,hw_integration,2023-01-01
CHG-12336,P-2727,3,dimension_update,test_failure,hw_integration,2023-01-27
CHG-12337,P-2727,4,feature_add,supplier_issue,hw_integration,2022-10-02
CHG-12338,P-2728,1,feature_add,test_failure,elec_a,2023-08-29
CHG-12339,P-2728,2,feature_add,design_review,elec_a,2024-08-26
CHG-12340,P-2729,1,feature_remove,design_review,elec_a,2022-06-20
CHG-12341,P-2729,2,material_change,design_review,elec_a,2023-06-03
CHG-12342,P-2729,3,tolerance_tightening,design_review,elec_a,2022-06-11
CHG-12343,P-2729,4,tolerance_tightening,supplier_issue,elec_a,2023-06-03
CHG-12344,P-2729,5,feature_remove,cost_reduction,elec_a,2022-12-11
CHG-12345,P-2729,6,tolerance_tightening,test_failure,elec_a,2022-05-31
CHG-12346,P-2729,7,feature_add,test_failure,elec_a,2023-04-06
CHG-12347,P-2729,8,feature_remove,customer_request,elec_a,2022-10-27
CHG-12348,P-2729,9,material_change,test_failure,elec_a,2023-04-10
CHG-12349,P-2730,1,material_change,test_failure,mech_a,2024-09-24
CHG-12350,P-2730,2,dimension_update,test_failure,mech_a,2025-05-26
CHG-12351,P-2731,1,tolerance_tightening,test_failure,hw_integration,2024-07-08
CHG-12352,P-2731,2,dimension_update,supplier_issue,hw_integration,2024-10-10
CHG-12353,P-2732,1,feature_remove,cost_reduction,mech_a,2024-08-22
CHG-12354,P-2732,2,tolerance_tightening,design_review,mech_a,2024-12-06
CHG-12355,P-2732,3,feature_remove,cost_reduction,mech_a,2024-07-03
CHG-12356,P-2732,4,dimension_update,design_review,mech_a,2023-12-09
CHG-12357,P-2732,5,feature_remove,test_failure,mech_a,2024-07-01
CHG-12358,P-2733,1,feature_add,customer_request,hw_integration,2025-02-27
CHG-12359,P-2734,1,feature_add,customer_request,hw_integration,2023-06-25
CHG-12360,P-2734,2,feature_add,design_review,hw_integration,2022-04-01
CHG-12361,P-2734,3,feature_add,customer_request,hw_integration,2023-04-13
CHG-12362,P-2735,1,feature_remove,design_review,mech_b,2024-07-14
CHG-12363,P-2735,2,dimension_update,customer_request,mech_b,2023-11-06
CHG-12364,P-2735,3,dimension_update,customer_request,mech_b,2024-04-16
CHG-12365,P-2735,4,tolerance_tightening,customer_request,mech_b,2024-04-22
CHG-12366,P-2736,1,feature_remove,test_failure,mech_b,2024-09-16
CHG-12367,P-2737,1,feature_remove,design_review,mech_a,2025-06-02
CHG-12368,P-2737,2,dimension_update,design_review,mech_a,2025-12-14
CHG-12369,P-2737,3,feature_remove,design_review,mech_a,2025-03-04
CHG-12370,P-2737,4,feature_remove,design_review,mech_a,2025-04-21
CHG-12371,P-2738,1,feature_remove,customer_request,mech_b,2024-09-16
CHG-12372,P-2738,2,drawing_note,customer_request,mech_b,2024-09-22
CHG-12373,P-2738,3,dimension_update,design_review,mech_b,2025-01-26
CHG-12374,P-2738,4,material_change,test_failure,mech_b,2025-06-17
CHG-12375,P-2738,5,feature_remove,test_failure,mech_b,2025-02-17
CHG-12376,P-2739,1,feature_remove,design_review,mech_a,2025-02-20
CHG-12377,P-2739,2,dimension_update,customer_request,mech_a,2025-07-01
CHG-12378,P-2739,3,material_change,supplier_issue,mech_a,2025-03-29
CHG-12379,P-2739,4,drawing_note,design_review,mech_a,2025-10-01
CHG-12380,P-2739,5,material_change,design_review,mech_a,2025-11-02
CHG-12381,P-2739,6,drawing_note,customer_request,mech_a,2025-08-09
CHG-12382,P-2739,7,drawing_note,test_failure,mech_a,2025-03-16
CHG-12383,P-2739,8,tolerance_tightening,customer_request,mech_a,2025-09-17
CHG-12384,P-2740,1,material_change,design_review,hw_integration,2024-12-22
CHG-12385,P-2740,2,feature_remove,cost_reduction,hw_integration,2025-07-09
CHG-12386,P-2740,3,dimension_update,design_review,hw_integration,2025-06-26
CHG-12387,P-2740,4,material_change,test_failure,hw_integration,2026-02-04
CHG-12388,P-2740,5,drawing_note,supplier_issue,hw_integration,2025-02-11
CHG-12389,P-2741,1,drawing_note,supplier_issue,elec_a,2023-11-07
CHG-12390,P-2741,2,drawing_note,customer_request,elec_a,2023-03-27
CHG-12391,P-2741,3,material_change,test_failure,elec_a,2024-01-14
CHG-12392,P-2742,1,dimension_update,supplier_issue,mech_a,2024-01-07
CHG-12393,P-2742,2,feature_remove,test_failure,mech_a,2024-04-12
CHG-12394,P-2742,3,material_change,design_review,mech_a,2023-06-04
CHG-12395,P-2742,4,feature_remove,design_review,mech_a,2023-11-24
CHG-12396,P-2742,5,material_change,customer_request,mech_a,2023-04-29
CHG-12397,P-2743,1,feature_add,supplier_issue,hw_integration,2023-09-05
CHG-12398,P-2743,2,dimension_update,customer_request,hw_integration,2024-02-02
CHG-12399,P-2743,3,drawing_note,test_failure,hw_integration,2024-03-04
CHG-12400,P-2744,1,feature_remove,supplier_issue,mech_a,2025-12-13
CHG-12401,P-2744,2,tolerance_tightening,test_failure,mech_a,2025-12-31
CHG-12402,P-2744,3,tolerance_tightening,cost_reduction,mech_a,2026-01-30
CHG-12403,P-2744,4,tolerance_tightening,cost_reduction,mech_a,2025-05-06
CHG-12404,P-2744,5,tolerance_tightening,test_failure,mech_a,2025-04-20
CHG-12405,P-2744,6,feature_remove,test_failure,mech_a,2025-05-29
CHG-12406,P-2744,7,tolerance_tightening,design_review,mech_a,2025-11-08
CHG-12407,P-2745,1,material_change,test_failure,elec_a,2024-05-28
CHG-12408,P-2745,2,material_change,design_review,elec_a,2023-10-11
CHG-12409,P-2745,3,feature_remove,supplier_issue,elec_a,2024-11-20
CHG-12410,P-2745,4,drawing_note,cost_reduction,elec_a,2023-09-24
CHG-12411,P-2745,5,feature_add,design_review,elec_a,2024-02-21
CHG-12412,P-2745,6,material_change,test_failure,elec_a,2023-10-14
CHG-12413,P-2746,1,material_change,test_failure,mech_a,2025-03-13
CHG-12414,P-2746,2,feature_add,test_failure,mech_a,2024-12-07
CHG-12415,P-2746,3,material_change,supplier_issue,mech_a,2024-09-11
CHG-12416,P-2746,4,dimension_update,supplier_issue,mech_a,2025-05-28
CHG-12417,P-2746,5,material_change,supplier_issue,mech_a,2025-08-14
CHG-12418,P-2747,1,feature_remove,design_review,mech_a,2024-01-17
CHG-12419,P-2747,2,drawing_note,test_failure,mech_a,2022-11-14
CHG-12420,P-2747,3,feature_remove,design_review,mech_a,2023-09-30
CHG-12421,P-2748,1,material_change,design_review,mech_a,2026-07-09
CHG-12422,P-2748,2,feature_add,design_review,mech_a,2025-11-18
CHG-12423,P-2748,3,drawing_note,customer_request,mech_a,2025-05-16
CHG-12424,P-2748,4,tolerance_tightening,supplier_issue,mech_a,2026-02-13
CHG-12425,P-2749,1,material_change,design_review,mech_b,2024-06-17
CHG-12426,P-2749,2,feature_add,design_review,mech_b,2023-11-02
CHG-12427,P-2749,3,material_change,test_failure,mech_b,2023-12-01
CHG-12428,P-2749,4,material_change,customer_request,mech_b,2023-11-24
CHG-12429,P-2749,5,feature_add,design_review,mech_b,2023-11-29
CHG-12430,P-2750,1,dimension_update,test_failure,elec_a,2026-03-23
CHG-12431,P-2750,2,drawing_note,test_failure,elec_a,2026-08-26
CHG-12432,P-2751,1,material_change,test_failure,hw_integration,2024-02-26
CHG-12433,P-2751,2,feature_remove,test_failure,hw_integration,2024-02-03
CHG-12434,P-2751,3,drawing_note,design_review,hw_integration,2024-03-15
CHG-12435,P-2751,4,material_change,customer_request,hw_integration,2024-01-02
CHG-12436,P-2752,1,tolerance_tightening,design_review,hw_integration,2022-04-01
CHG-12437,P-2752,2,drawing_note,test_failure,hw_integration,2023-03-06
CHG-12438,P-2752,3,dimension_update,supplier_issue,hw_integration,2023-03-12
CHG-12439,P-2752,4,feature_add,customer_request,hw_integration,2023-03-05
CHG-12440,P-2752,5,material_change,design_review,hw_integration,2023-04-06
CHG-12441,P-2752,6,drawing_note,test_failure,hw_integration,2023-05-22
CHG-12442,P-2752,7,tolerance_tightening,test_failure,hw_integration,2023-04-01
CHG-12443,P-2753,1,material_change,supplier_issue,elec_a,2023-03-28
CHG-12444,P-2753,2,feature_remove,customer_request,elec_a,2024-03-02
CHG-12445,P-2753,3,tolerance_tightening,cost_reduction,elec_a,2024-04-01
CHG-12446,P-2753,4,feature_add,supplier_issue,elec_a,2024-01-16
CHG-12447,P-2753,5,tolerance_tightening,test_failure,elec_a,2023-05-18
CHG-12448,P-2754,1,feature_remove,supplier_issue,elec_a,2024-05-25
CHG-12449,P-2754,2,feature_remove,supplier_issue,elec_a,2024-10-20
CHG-12450,P-2754,3,dimension_update,cost_reduction,elec_a,2024-07-14
CHG-12451,P-2754,4,tolerance_tightening,test_failure,elec_a,2024-02-12
CHG-12452,P-2754,5,feature_remove,supplier_issue,elec_a,2024-11-13
CHG-12453,P-2754,6,material_change,design_review,elec_a,2024-01-16
CHG-12454,P-2754,7,dimension_update,cost_reduction,elec_a,2023-10-28
CHG-12455,P-2754,8,material_change,cost_reduction,elec_a,2024-10-18
CHG-12456,P-2754,9,tolerance_tightening,customer_request,elec_a,2024-08-13
CHG-12457,P-2754,10,tolerance_tightening,design_review,elec_a,2024-02-20
CHG-12458,P-2755,1,feature_add,customer_request,mech_b,2023-10-25
CHG-12459,P-2755,2,tolerance_tightening,cost_reduction,mech_b,2022-09-18
CHG-12460,P-2755,3,drawing_note,design_review,mech_b,2023-02-14
CHG-12461,P-2755,4,tolerance_tightening,test_failure,mech_b,2023-09-27
CHG-12462,P-2755,5,tolerance_tightening,design_review,mech_b,2023-08-15
CHG-12463,P-2755,6,tolerance_tightening,cost_reduction,mech_b,2023-07-06
CHG-12464,P-2755,7,feature_remove,customer_request,mech_b,2023-08-05
CHG-12465,P-2755,8,feature_remove,cost_reduction,mech_b,2023-06-07
CHG-12466,P-2756,1,tolerance_tightening,test_failure,mech_b,2024-09-29
CHG-12467,P-2756,2,feature_remove,test_failure,mech_b,2025-10-08
CHG-12468,P-2757,1,feature_remove,supplier_issue,hw_integration,2023-10-02
CHG-12469,P-2757,2,material_change,test_failure,hw_integration,2024-01-10
CHG-12470,P-2757,3,feature_remove,supplier_issue,hw_integration,2023-10-04
CHG-12471,P-2757,4,dimension_update,supplier_issue,hw_integration,2023-09-18
CHG-12472,P-2757,5,dimension_update,test_failure,hw_integration,2024-06-01
CHG-12473,P-2758,1,feature_add,test_failure,elec_a,2024-12-31
CHG-12474,P-2758,2,feature_add,test_failure,elec_a,2025-12-08
CHG-12475,P-2758,3,drawing_note,supplier_issue,elec_a,2025-05-14
CHG-12476,P-2758,4,feature_remove,customer_request,elec_a,2026-01-17
CHG-12477,P-2758,5,feature_add,customer_request,elec_a,2025-03-31
CHG-12478,P-2758,6,feature_add,design_review,elec_a,2025-02-05
CHG-12479,P-2758,7,material_change,customer_request,elec_a,2025-11-01
CHG-12480,P-2758,8,drawing_note,test_failure,elec_a,2025-02-16
CHG-12481,P-2758,9,dimension_update,test_failure,elec_a,2024-12-24
CHG-12482,P-2759,1,feature_add,supplier_issue,elec_a,2025-08-11
CHG-12483,P-2759,2,material_change,design_review,elec_a,2025-10-06
CHG-12484,P-2760,1,tolerance_tightening,design_review,mech_a,2022-06-09
CHG-12485,P-2760,2,tolerance_tightening,supplier_issue,mech_a,2022-10-27
CHG-12486,P-2760,3,feature_add,design_review,mech_a,2023-07-05
CHG-12487,P-2760,4,dimension_update,customer_request,mech_a,2022-09-30
CHG-12488,P-2761,1,feature_remove,supplier_issue,mech_b,2023-06-13
CHG-12489,P-2761,2,dimension_update,test_failure,mech_b,2023-04-27
CHG-12490,P-2761,3,drawing_note,supplier_issue,mech_b,2023-07-14
CHG-12491,P-2761,4,feature_remove,test_failure,mech_b,2023-12-13
CHG-12492,P-2761,5,tolerance_tightening,test_failure,mech_b,2023-03-15
CHG-12493,P-2762,1,drawing_note,test_failure,elec_a,2024-10-01
CHG-12494,P-2762,2,drawing_note,customer_request,elec_a,2025-01-06
CHG-12495,P-2762,3,dimension_update,design_review,elec_a,2024-09-16
CHG-12496,P-2762,4,material_change,test_failure,elec_a,2024-12-31
CHG-12497,P-2762,5,feature_remove,customer_request,elec_a,2024-12-04
CHG-12498,P-2762,6,tolerance_tightening,test_failure,elec_a,2024-09-30
CHG-12499,P-2763,1,drawing_note,supplier_issue,mech_b,2026-02-05
CHG-12500,P-2763,2,material_change,test_failure,mech_b,2025-08-15
CHG-12501,P-2763,3,feature_add,test_failure,mech_b,2025-09-13
CHG-12502,P-2764,1,dimension_update,design_review,elec_a,2025-05-27
CHG-12503,P-2764,2,drawing_note,customer_request,elec_a,2025-06-16
CHG-12504,P-2764,3,tolerance_tightening,supplier_issue,elec_a,2025-04-06
CHG-12505,P-2764,4,tolerance_tightening,design_review,elec_a,2026-04-27
CHG-12506,P-2764,5,feature_remove,cost_reduction,elec_a,2026-05-25
CHG-12507,P-2765,1,material_change,customer_request,hw_integration,2024-01-17
CHG-12508,P-2765,2,feature_remove,design_review,hw_integration,2023-04-11
CHG-12509,P-2765,3,feature_remove,supplier_issue,hw_integration,2022-09-20
CHG-12510,P-2765,4,drawing_note,supplier_issue,hw_integration,2023-03-29
CHG-12511,P-2765,5,feature_remove,cost_reduction,hw_integration,2023-02-19
CHG-12512,P-2766,1,feature_remove,supplier_issue,mech_a,2022-11-15
CHG-12513,P-2766,2,tolerance_tightening,customer_request,mech_a,2024-01-08
CHG-12514,P-2766,3,material_change,test_failure,mech_a,2023-11-04
CHG-12515,P-2766,4,tolerance_tightening,design_review,mech_a,2023-12-20
CHG-12516,P-2766,5,tolerance_tightening,test_failure,mech_a,2023-11-06
CHG-12517,P-2766,6,feature_remove,test_failure,mech_a,2023-12-30
CHG-12518,P-2766,7,drawing_note,cost_reduction,mech_a,2023-05-16
CHG-12519,P-2767,1,material_change,test_failure,hw_integration,2023-08-22
CHG-12520,P-2767,2,drawing_note,design_review,hw_integration,2023-11-12
CHG-12521,P-2768,1,tolerance_tightening,customer_request,hw_integration,2024-05-09
CHG-12522,P-2768,2,drawing_note,test_failure,hw_integration,2023-06-08
CHG-12523,P-2768,3,drawing_note,customer_request,hw_integration,2023-09-07
CHG-12524,P-2768,4,drawing_note,test_failure,hw_integration,2023-12-27
CHG-12525,P-2768,5,feature_remove,cost_reduction,hw_integration,2024-05-29
CHG-12526,P-2769,1,feature_remove,supplier_issue,mech_b,2025-01-03
CHG-12527,P-2769,2,tolerance_tightening,design_review,mech_b,2025-06-20
CHG-12528,P-2769,3,feature_add,test_failure,mech_b,2024-09-11
CHG-12529,P-2769,4,tolerance_tightening,customer_request,mech_b,2024-10-03
CHG-12530,P-2770,1,tolerance_tightening,cost_reduction,hw_integration,2024-06-12
CHG-12531,P-2770,2,material_change,supplier_issue,hw_integration,2023-12-21
CHG-12532,P-2770,3,dimension_update,design_review,hw_integration,2024-02-14
CHG-12533,P-2770,4,tolerance_tightening,test_failure,hw_integration,2024-03-30
CHG-12534,P-2771,1,dimension_update,customer_request,mech_a,2025-08-27
CHG-12535,P-2771,2,tolerance_tightening,test_failure,mech_a,2025-03-16
CHG-12536,P-2771,3,feature_add,test_failure,mech_a,2025-05-27
CHG-12537,P-2772,1,tolerance_tightening,cost_reduction,mech_b,2023-06-13
CHG-12538,P-2772,2,feature_add,design_review,mech_b,2023-05-29
CHG-12539,P-2772,3,drawing_note,test_failure,mech_b,2023-08-14
CHG-12540,P-2772,4,tolerance_tightening,design_review,mech_b,2024-07-29
CHG-12541,P-2772,5,feature_add,test_failure,mech_b,2024-01-31
CHG-12542,P-2773,1,material_change,test_failure,mech_a,2024-11-19
CHG-12543,P-2773,2,drawing_note,supplier_issue,mech_a,2024-05-04
CHG-12544,P-2773,3,tolerance_tightening,design_review,mech_a,2025-02-22
CHG-12545,P-2773,4,feature_add,design_review,mech_a,2024-08-25
CHG-12546,P-2773,5,dimension_update,design_review,mech_a,2024-05-08
CHG-12547,P-2773,6,dimension_update,customer_request,mech_a,2024-02-14
CHG-12548,P-2773,7,tolerance_tightening,design_review,mech_a,2025-01-13
CHG-12549,P-2774,1,feature_remove,supplier_issue,elec_a,2024-08-09
CHG-12550,P-2774,2,drawing_note,design_review,elec_a,2024-09-13
CHG-12551,P-2774,3,tolerance_tightening,test_failure,elec_a,2024-12-26
CHG-12552,P-2774,4,drawing_note,supplier_issue,elec_a,2025-04-29
CHG-12553,P-2774,5,drawing_note,test_failure,elec_a,2024-08-19
CHG-12554,P-2775,1,feature_add,test_failure,hw_integration,2024-02-06
CHG-12555,P-2775,2,feature_add,customer_request,hw_integration,2022-12-29
CHG-12556,P-2775,3,tolerance_tightening,design_review,hw_integration,2022-12-14
CHG-12557,P-2776,1,tolerance_tightening,test_failure,elec_a,2022-04-14
CHG-12558,P-2776,2,dimension_update,design_review,elec_a,2023-06-22
CHG-12559,P-2776,3,dimension_update,design_review,elec_a,2022-05-02
CHG-12560,P-2777,1,feature_add,cost_reduction,elec_a,2023-09-23
CHG-12561,P-2777,2,feature_remove,supplier_issue,elec_a,2024-01-02
CHG-12562,P-2777,3,feature_remove,customer_request,elec_a,2024-01-11
CHG-12563,P-2777,4,tolerance_tightening,supplier_issue,elec_a,2023-01-11
CHG-12564,P-2777,5,feature_add,test_failure,elec_a,2023-03-29
CHG-12565,P-2777,6,feature_add,supplier_issue,elec_a,2023-04-28
CHG-12566,P-2778,1,material_change,cost_reduction,mech_a,2024-11-02
CHG-12567,P-2778,2,dimension_update,test_failure,mech_a,2024-10-28
CHG-12568,P-2778,3,dimension_update,cost_reduction,mech_a,2024-10-13
CHG-12569,P-2778,4,material_change,design_review,mech_a,2025-06-25
CHG-12570,P-2778,5,feature_add,design_review,mech_a,2025-11-26
CHG-12571,P-2779,1,drawing_note,customer_request,hw_integration,2025-08-17
CHG-12572,P-2779,2,feature_add,cost_reduction,hw_integration,2025-01-18
CHG-12573,P-2779,3,feature_remove,test_failure,hw_integration,2025-06-17
CHG-12574,P-2779,4,dimension_update,design_review,hw_integration,2025-04-01
CHG-12575,P-2779,5,dimension_update,test_failure,hw_integration,2025-03-25
CHG-12576,P-2780,1,feature_remove,design_review,mech_a,2023-02-01
CHG-12577,P-2780,2,dimension_update,design_review,mech_a,2023-08-15
CHG-12578,P-2780,3,drawing_note,design_review,mech_a,2023-05-12
CHG-12579,P-2781,1,feature_add,test_failure,elec_a,2024-06-09
CHG-12580,P-2781,2,feature_add,design_review,elec_a,2023-09-27
CHG-12581,P-2781,3,feature_add,test_failure,elec_a,2023-09-28
CHG-12582,P-2781,4,drawing_note,design_review,elec_a,2023-10-31
CHG-12583,P-2781,5,dimension_update,customer_request,elec_a,2023-12-03
CHG-12584,P-2781,6,tolerance_tightening,cost_reduction,elec_a,2023-11-15
CHG-12585,P-2782,1,dimension_update,test_failure,elec_a,2025-09-14
CHG-12586,P-2782,2,material_change,test_failure,elec_a,2025-12-23
CHG-12587,P-2782,3,material_change,test_failure,elec_a,2025-10-07
CHG-12588,P-2782,4,feature_remove,design_review,elec_a,2025-02-13
CHG-12589,P-2783,1,feature_add,test_failure,hw_integration,2024-12-22
CHG-12590,P-2783,2,feature_remove,cost_reduction,hw_integration,2024-12-27
CHG-12591,P-2783,3,dimension_update,cost_reduction,hw_integration,2024-12-16
CHG-12592,P-2783,4,drawing_note,cost_reduction,hw_integration,2026-02-17
CHG-12593,P-2783,5,feature_remove,customer_request,hw_integration,2025-11-27
CHG-12594,P-2783,6,drawing_note,test_failure,hw_integration,2025-02-02
CHG-12595,P-2784,1,feature_add,design_review,hw_integration,2022-10-16
CHG-12596,P-2784,2,drawing_note,test_failure,hw_integration,2022-05-17
CHG-12597,P-2784,3,dimension_update,supplier_issue,hw_integration,2022-09-05
CHG-12598,P-2784,4,drawing_note,cost_reduction,hw_integration,2023-02-24
CHG-12599,P-2785,1,material_change,design_review,elec_a,2025-08-14
CHG-12600,P-2785,2,feature_add,test_failure,elec_a,2025-02-23
CHG-12601,P-2785,3,drawing_note,supplier_issue,elec_a,2025-12-15
CHG-12602,P-2785,4,material_change,design_review,elec_a,2024-12-26
CHG-12603,P-2785,5,feature_remove,test_failure,elec_a,2024-12-07
CHG-12604,P-2786,1,feature_remove,supplier_issue,elec_a,2025-02-04
CHG-12605,P-2786,2,drawing_note,design_review,elec_a,2025-08-26
CHG-12606,P-2787,1,feature_add,supplier_issue,mech_b,2022-06-03
CHG-12607,P-2787,2,feature_remove,design_review,mech_b,2023-09-08
CHG-12608,P-2787,3,material_change,cost_reduction,mech_b,2022-11-03
CHG-12609,P-2788,1,drawing_note,supplier_issue,elec_a,2024-06-26
CHG-12610,P-2788,2,material_change,test_failure,elec_a,2023-04-26
CHG-12611,P-2788,3,drawing_note,cost_reduction,elec_a,2023-08-25
CHG-12612,P-2789,1,dimension_update,customer_request,elec_a,2023-01-17
CHG-12613,P-2789,2,feature_remove,supplier_issue,elec_a,2023-02-19
CHG-12614,P-2789,3,feature_add,customer_request,elec_a,2022-12-05
CHG-12615,P-2789,4,drawing_note,customer_request,elec_a,2022-05-23
CHG-12616,P-2789,5,feature_remove,test_failure,elec_a,2023-05-05
CHG-12617,P-2790,1,feature_add,customer_request,elec_a,2024-09-12
CHG-12618,P-2790,2,dimension_update,design_review,elec_a,2025-08-10
CHG-12619,P-2790,3,tolerance_tightening,supplier_issue,elec_a,2024-08-07
CHG-12620,P-2790,4,dimension_update,supplier_issue,elec_a,2025-01-17
CHG-12621,P-2790,5,tolerance_tightening,supplier_issue,elec_a,2025-07-13
CHG-12622,P-2790,6,tolerance_tightening,supplier_issue,elec_a,2025-01-31
CHG-12623,P-2791,1,feature_add,supplier_issue,elec_a,2025-04-15
CHG-12624,P-2791,2,feature_remove,customer_request,elec_a,2026-02-20
CHG-12625,P-2791,3,drawing_note,supplier_issue,elec_a,2025-11-30
CHG-12626,P-2791,4,material_change,customer_request,elec_a,2025-11-09
CHG-12627,P-2792,1,material_change,supplier_issue,mech_b,2023-02-16
CHG-12628,P-2792,2,feature_add,cost_reduction,mech_b,2023-03-16
CHG-12629,P-2792,3,drawing_note,test_failure,mech_b,2023-02-01
CHG-12630,P-2793,1,feature_remove,design_review,mech_a,2023-12-23
CHG-12631,P-2793,2,feature_add,test_failure,mech_a,2024-05-21
CHG-12632,P-2793,3,tolerance_tightening,design_review,mech_a,2024-02-06
CHG-12633,P-2793,4,dimension_update,supplier_issue,mech_a,2024-07-17
CHG-12634,P-2794,1,feature_remove,test_failure,mech_a,2025-02-27
CHG-12635,P-2794,2,feature_add,test_failure,mech_a,2023-12-07
CHG-12636,P-2794,3,material_change,design_review,mech_a,2023-12-07
CHG-12637,P-2794,4,dimension_update,test_failure,mech_a,2024-10-16
CHG-12638,P-2794,5,feature_remove,cost_reduction,mech_a,2024-04-28
CHG-12639,P-2795,1,tolerance_tightening,design_review,mech_b,2022-06-17
CHG-12640,P-2795,2,material_change,customer_request,mech_b,2023-06-01
CHG-12641,P-2795,3,material_change,test_failure,mech_b,2022-08-17
CHG-12642,P-2795,4,material_change,supplier_issue,mech_b,2023-03-18
CHG-12643,P-2795,5,material_change,design_review,mech_b,2022-07-02
CHG-12644,P-2796,1,drawing_note,supplier_issue,mech_b,2024-02-03
CHG-12645,P-2796,2,material_change,customer_request,mech_b,2023-09-23
CHG-12646,P-2796,3,material_change,test_failure,mech_b,2023-06-08
CHG-12647,P-2796,4,feature_add,test_failure,mech_b,2023-04-22
CHG-12648,P-2797,1,tolerance_tightening,cost_reduction,elec_a,2023-07-14
CHG-12649,P-2797,2,tolerance_tightening,design_review,elec_a,2024-01-19
CHG-12650,P-2798,1,material_change,design_review,hw_integration,2022-05-19
CHG-12651,P-2798,2,feature_remove,supplier_issue,hw_integration,2023-04-01
CHG-12652,P-2798,3,dimension_update,design_review,hw_integration,2023-03-24
CHG-12653,P-2798,4,material_change,test_failure,hw_integration,2022-02-01
CHG-12654,P-2798,5,dimension_update,cost_reduction,hw_integration,2022-05-08
CHG-12655,P-2798,6,feature_remove,design_review,hw_integration,2022-04-23
CHG-12656,P-2799,1,tolerance_tightening,design_review,elec_a,2025-08-26
CHG-12657,P-2799,2,material_change,test_failure,elec_a,2025-02-24
CHG-12658,P-2799,3,material_change,test_failure,elec_a,2024-10-14
CHG-12659,P-2800,1,tolerance_tightening,supplier_issue,hw_integration,2025-04-09
CHG-12660,P-2800,2,feature_remove,design_review,hw_integration,2024-09-16
CHG-12661,P-2800,3,material_change,design_review,hw_integration,2025-10-22
CHG-12662,P-2800,4,dimension_update,design_review,hw_integration,2025-09-02
CHG-12663,P-2800,5,material_change,supplier_issue,hw_integration,2025-06-16
CHG-12664,P-2800,6,feature_add,test_failure,hw_integration,2025-03-02
CHG-12665,P-2801,1,drawing_note,cost_reduction,elec_a,2022-10-02
CHG-12666,P-2801,2,feature_add,customer_request,elec_a,2023-07-10
CHG-12667,P-2801,3,dimension_update,cost_reduction,elec_a,2023-02-12
CHG-12668,P-2801,4,drawing_note,customer_request,elec_a,2022-04-15
CHG-12669,P-2801,5,material_change,cost_reduction,elec_a,2023-07-09
CHG-12670,P-2802,1,feature_remove,supplier_issue,hw_integration,2023-05-29
CHG-12671,P-2802,2,tolerance_tightening,test_failure,hw_integration,2023-01-30
CHG-12672,P-2802,3,feature_add,test_failure,hw_integration,2022-10-14
CHG-12673,P-2802,4,drawing_note,test_failure,hw_integration,2022-08-05
CHG-12674,P-2802,5,feature_add,test_failure,hw_integration,2023-02-25
CHG-12675,P-2803,1,feature_add,cost_reduction,hw_integration,2023-03-27
CHG-12676,P-2803,2,dimension_update,customer_request,hw_integration,2022-11-20
CHG-12677,P-2803,3,tolerance_tightening,design_review,hw_integration,2022-11-13
CHG-12678,P-2803,4,material_change,cost_reduction,hw_integration,2023-07-05
CHG-12679,P-2803,5,tolerance_tightening,design_review,hw_integration,2022-08-05
CHG-12680,P-2803,6,drawing_note,supplier_issue,hw_integration,2022-09-28
CHG-12681,P-2804,1,drawing_note,test_failure,mech_a,2025-08-15
CHG-12682,P-2804,2,tolerance_tightening,design_review,mech_a,2025-09-14
CHG-12683,P-2804,3,tolerance_tightening,design_review,mech_a,2026-07-07
CHG-12684,P-2804,4,drawing_note,test_failure,mech_a,2025-05-28
CHG-12685,P-2804,5,feature_add,test_failure,mech_a,2026-03-08
CHG-12686,P-2805,1,material_change,design_review,elec_a,2024-07-23
CHG-12687,P-2805,2,feature_remove,cost_reduction,elec_a,2024-06-08
CHG-12688,P-2805,3,feature_add,cost_reduction,elec_a,2024-12-01
CHG-12689,P-2806,1,feature_add,cost_reduction,elec_a,2024-04-05
CHG-12690,P-2806,2,material_change,customer_request,elec_a,2024-01-15
CHG-12691,P-2806,3,material_change,cost_reduction,elec_a,2024-09-02
CHG-12692,P-2806,4,feature_remove,test_failure,elec_a,2024-07-25
CHG-12693,P-2806,5,feature_remove,test_failure,elec_a,2024-11-11
CHG-12694,P-2807,1,feature_add,design_review,hw_integration,2023-07-06
CHG-12695,P-2807,2,drawing_note,design_review,hw_integration,2023-01-26
CHG-12696,P-2807,3,feature_add,customer_request,hw_integration,2022-05-19
CHG-12697,P-2807,4,feature_remove,test_failure,hw_integration,2023-05-10
CHG-12698,P-2808,1,dimension_update,design_review,elec_a,2022-08-10
CHG-12699,P-2808,2,dimension_update,customer_request,elec_a,2023-01-25
CHG-12700,P-2808,3,feature_add,customer_request,elec_a,2022-12-29
CHG-12701,P-2808,4,drawing_note,test_failure,elec_a,2023-03-14
CHG-12702,P-2808,5,material_change,test_failure,elec_a,2022-07-03
CHG-12703,P-2808,6,dimension_update,design_review,elec_a,2022-02-17
CHG-12704,P-2808,7,feature_remove,test_failure,elec_a,2022-01-04
CHG-12705,P-2809,1,feature_add,design_review,mech_a,2026-01-21
CHG-12706,P-2809,2,material_change,cost_reduction,mech_a,2026-07-16
CHG-12707,P-2809,3,feature_add,cost_reduction,mech_a,2026-05-19
CHG-12708,P-2809,4,material_change,supplier_issue,mech_a,2026-04-27
CHG-12709,P-2810,1,material_change,customer_request,mech_a,2026-08-13
CHG-12710,P-2810,2,material_change,design_review,mech_a,2025-09-29
CHG-12711,P-2810,3,tolerance_tightening,design_review,mech_a,2025-07-02
CHG-12712,P-2810,4,tolerance_tightening,design_review,mech_a,2026-03-01
CHG-12713,P-2810,5,drawing_note,test_failure,mech_a,2025-07-20
CHG-12714,P-2810,6,dimension_update,design_review,mech_a,2026-05-21
CHG-12715,P-2811,1,dimension_update,design_review,mech_a,2024-02-24
CHG-12716,P-2811,2,dimension_update,design_review,mech_a,2024-04-15
CHG-12717,P-2811,3,feature_remove,customer_request,mech_a,2024-08-07
CHG-12718,P-2811,4,material_change,design_review,mech_a,2024-12-12
CHG-12719,P-2811,5,dimension_update,design_review,mech_a,2024-07-04
CHG-12720,P-2812,1,feature_remove,test_failure,mech_a,2023-03-01
CHG-12721,P-2812,2,material_change,design_review,mech_a,2022-10-01
CHG-12722,P-2812,3,drawing_note,supplier_issue,mech_a,2022-08-13
CHG-12723,P-2812,4,feature_add,design_review,mech_a,2023-05-14
CHG-12724,P-2812,5,feature_add,cost_reduction,mech_a,2022-10-02
CHG-12725,P-2812,6,dimension_update,design_review,mech_a,2023-03-13
CHG-12726,P-2812,7,drawing_note,cost_reduction,mech_a,2023-05-10
CHG-12727,P-2812,8,tolerance_tightening,cost_reduction,mech_a,2022-11-30
CHG-12728,P-2813,1,drawing_note,test_failure,mech_a,2023-06-01
CHG-12729,P-2813,2,drawing_note,test_failure,mech_a,2022-11-10
CHG-12730,P-2813,3,dimension_update,cost_reduction,mech_a,2023-02-17
CHG-12731,P-2813,4,material_change,design_review,mech_a,2023-02-14
CHG-12732,P-2813,5,feature_add,test_failure,mech_a,2022-08-11
CHG-12733,P-2813,6,dimension_update,cost_reduction,mech_a,2022-09-07
CHG-12734,P-2813,7,dimension_update,design_review,mech_a,2023-05-16
CHG-12735,P-2814,1,drawing_note,test_failure,hw_integration,2025-12-19
CHG-12736,P-2814,2,drawing_note,customer_request,hw_integration,2025-07-14
CHG-12737,P-2814,3,tolerance_tightening,test_failure,hw_integration,2025-04-30
CHG-12738,P-2814,4,feature_add,customer_request,hw_integration,2025-10-18
CHG-12739,P-2814,5,drawing_note,design_review,hw_integration,2025-12-17
CHG-12740,P-2814,6,dimension_update,supplier_issue,hw_integration,2025-12-17
CHG-12741,P-2815,1,feature_remove,design_review,mech_b,2024-07-04
CHG-12742,P-2815,2,drawing_note,cost_reduction,mech_b,2024-11-10
CHG-12743,P-2815,3,drawing_note,customer_request,mech_b,2023-11-13
CHG-12744,P-2815,4,dimension_update,cost_reduction,mech_b,2024-01-18
CHG-12745,P-2815,5,feature_remove,supplier_issue,mech_b,2024-10-19
CHG-12746,P-2815,6,tolerance_tightening,design_review,mech_b,2023-12-16
CHG-12747,P-2816,1,dimension_update,customer_request,elec_a,2023-07-17
CHG-12748,P-2816,2,feature_remove,test_failure,elec_a,2023-12-26
CHG-12749,P-2816,3,feature_remove,design_review,elec_a,2023-03-07
CHG-12750,P-2817,1,material_change,design_review,hw_integration,2022-12-11
CHG-12751,P-2817,2,feature_add,cost_reduction,hw_integration,2022-10-02
CHG-12752,P-2817,3,drawing_note,supplier_issue,hw_integration,2022-06-23
CHG-12753,P-2817,4,feature_add,design_review,hw_integration,2023-05-10
CHG-12754,P-2818,1,tolerance_tightening,cost_reduction,elec_a,2024-05-31
CHG-12755,P-2818,2,dimension_update,design_review,elec_a,2025-01-02
CHG-12756,P-2818,3,tolerance_tightening,customer_request,elec_a,2024-11-15
CHG-12757,P-2818,4,tolerance_tightening,test_failure,elec_a,2024-12-06
CHG-12758,P-2818,5,material_change,design_review,elec_a,2024-07-14
CHG-12759,P-2819,1,material_change,customer_request,mech_b,2026-01-09
CHG-12760,P-2819,2,tolerance_tightening,design_review,mech_b,2025-07-24
CHG-12761,P-2819,3,tolerance_tightening,test_failure,mech_b,2025-08-25
CHG-12762,P-2819,4,tolerance_tightening,design_review,mech_b,2025-01-31
CHG-12763,P-2820,1,feature_remove,design_review,mech_b,2026-02-23
CHG-12764,P-2820,2,feature_add,cost_reduction,mech_b,2025-06-01
CHG-12765,P-2820,3,dimension_update,cost_reduction,mech_b,2025-02-17
CHG-12766,P-2820,4,feature_add,test_failure,mech_b,2025-08-31
CHG-12767,P-2820,5,feature_remove,design_review,mech_b,2025-02-03
CHG-12768,P-2820,6,feature_remove,design_review,mech_b,2026-01-30
CHG-12769,P-2820,7,material_change,test_failure,mech_b,2025-07-07
CHG-12770,P-2820,8,drawing_note,cost_reduction,mech_b,2024-12-13
CHG-12771,P-2820,9,tolerance_tightening,customer_request,mech_b,2025-08-30
CHG-12772,P-2820,10,dimension_update,design_review,mech_b,2025-02-05
CHG-12773,P-2821,1,material_change,test_failure,hw_integration,2025-09-15
CHG-12774,P-2822,1,tolerance_tightening,design_review,elec_a,2022-12-14
CHG-12775,P-2822,2,tolerance_tightening,test_failure,elec_a,2022-06-21
CHG-12776,P-2822,3,tolerance_tightening,design_review,elec_a,2022-06-14
CHG-12777,P-2822,4,material_change,supplier_issue,elec_a,2023-01-11
CHG-12778,P-2822,5,dimension_update,test_failure,elec_a,2022-04-12
CHG-12779,P-2822,6,dimension_update,supplier_issue,elec_a,2022-12-16
CHG-12780,P-2822,7,drawing_note,cost_reduction,elec_a,2022-03-10
CHG-12781,P-2823,1,feature_add,test_failure,hw_integration,2025-07-21
CHG-12782,P-2823,2,tolerance_tightening,test_failure,hw_integration,2024-10-18
CHG-12783,P-2823,3,drawing_note,supplier_issue,hw_integration,2025-03-13
CHG-12784,P-2823,4,material_change,design_review,hw_integration,2024-10-07
CHG-12785,P-2823,5,tolerance_tightening,design_review,hw_integration,2025-08-06
CHG-12786,P-2823,6,feature_add,supplier_issue,hw_integration,2025-10-23
CHG-12787,P-2823,7,material_change,customer_request,hw_integration,2025-07-19
CHG-12788,P-2823,8,drawing_note,test_failure,hw_integration,2025-09-13
CHG-12789,P-2823,9,tolerance_tightening,design_review,hw_integration,2025-12-31
CHG-12790,P-2823,10,drawing_note,design_review,hw_integration,2025-06-08
CHG-12791,P-2824,1,tolerance_tightening,test_failure,mech_a,2025-04-04
CHG-12792,P-2824,2,tolerance_tightening,supplier_issue,mech_a,2024-07-05
CHG-12793,P-2824,3,drawing_note,design_review,mech_a,2024-11-03
CHG-12794,P-2824,4,drawing_note,test_failure,mech_a,2025-08-16
CHG-12795,P-2824,5,drawing_note,test_failure,mech_a,2025-05-02
CHG-12796,P-2825,1,dimension_update,design_review,mech_a,2025-11-20
CHG-12797,P-2825,2,tolerance_tightening,design_review,mech_a,2025-03-09
CHG-12798,P-2825,3,drawing_note,design_review,mech_a,2025-05-05
CHG-12799,P-2825,4,dimension_update,cost_reduction,mech_a,2025-08-29
CHG-12800,P-2826,1,drawing_note,design_review,mech_a,2023-11-19
CHG-12801,P-2826,2,tolerance_tightening,cost_reduction,mech_a,2022-08-02
CHG-12802,P-2826,3,material_change,test_failure,mech_a,2023-08-16
CHG-12803,P-2826,4,material_change,cost_reduction,mech_a,2023-10-19
CHG-12804,P-2826,5,tolerance_tightening,cost_reduction,mech_a,2023-01-29
CHG-12805,P-2826,6,material_change,test_failure,mech_a,2022-07-09
CHG-12806,P-2826,7,tolerance_tightening,test_failure,mech_a,2022-10-01
CHG-12807,P-2826,8,drawing_note,cost_reduction,mech_a,2022-10-21
CHG-12808,P-2827,1,feature_remove,design_review,elec_a,2025-03-27
CHG-12809,P-2827,2,tolerance_tightening,supplier_issue,elec_a,2026-03-22
CHG-12810,P-2827,3,dimension_update,test_failure,elec_a,2025-12-16
CHG-12811,P-2827,4,material_change,supplier_issue,elec_a,2025-06-06
CHG-12812,P-2828,1,feature_remove,supplier_issue,elec_a,2025-02-19
CHG-12813,P-2828,2,tolerance_tightening,customer_request,elec_a,2025-06-28
CHG-12814,P-2828,3,material_change,design_review,elec_a,2025-05-12
CHG-12815,P-2828,4,material_change,design_review,elec_a,2024-07-08
CHG-12816,P-2828,5,material_change,test_failure,elec_a,2024-09-03
CHG-12817,P-2828,6,drawing_note,supplier_issue,elec_a,2025-02-07
CHG-12818,P-2828,7,feature_add,cost_reduction,elec_a,2024-08-10
CHG-12819,P-2828,8,material_change,supplier_issue,elec_a,2024-08-26
CHG-12820,P-2829,1,feature_remove,supplier_issue,mech_b,2025-11-02
CHG-12822,P-2829,3,drawing_note,cost_reduction,mech_b,2025-06-14
CHG-12823,P-2829,4,dimension_update,test_failure,mech_b,2025-03-30
CHG-12824,P-2829,5,feature_remove,design_review,mech_b,2025-09-09
CHG-12825,P-2830,1,dimension_update,design_review,mech_b,2023-10-27
CHG-12826,P-2830,2,material_change,test_failure,mech_b,2022-09-10
CHG-12827,P-2830,3,feature_remove,test_failure,mech_b,2022-12-28
CHG-12828,P-2830,4,dimension_update,test_failure,mech_b,2022-12-23
CHG-12829,P-2830,5,feature_remove,design_review,mech_b,2022-10-11
CHG-12830,P-2830,6,drawing_note,design_review,mech_b,2023-02-02
CHG-12831,P-2831,1,drawing_note,test_failure,elec_a,2025-10-03
CHG-12832,P-2831,2,material_change,cost_reduction,elec_a,2025-08-23
CHG-12833,P-2832,1,feature_remove,design_review,hw_integration,2023-05-22
CHG-12834,P-2832,2,feature_add,design_review,hw_integration,2022-09-25
CHG-12835,P-2832,3,material_change,test_failure,hw_integration,2023-01-15
CHG-12836,P-2832,4,material_change,test_failure,hw_integration,2022-05-28
CHG-12837,P-2833,1,feature_remove,customer_request,hw_integration,2023-12-31
CHG-12838,P-2833,2,material_change,design_review,hw_integration,2023-10-18
CHG-12839,P-2833,3,feature_add,test_failure,hw_integration,2023-12-18
CHG-12840,P-2834,1,feature_add,design_review,mech_b,2023-08-06
CHG-12841,P-2834,2,feature_add,design_review,mech_b,2023-02-26
CHG-12842,P-2834,3,tolerance_tightening,test_failure,mech_b,2023-07-15
CHG-12843,P-2834,4,material_change,test_failure,mech_b,2023-11-19
CHG-12844,P-2834,5,tolerance_tightening,supplier_issue,mech_b,2023-06-11
CHG-12845,P-2834,6,material_change,test_failure,mech_b,2023-04-21
CHG-12846,P-2835,1,tolerance_tightening,design_review,elec_a,2022-11-14
CHG-12847,P-2835,2,feature_remove,cost_reduction,elec_a,2023-05-05
CHG-12848,P-2835,3,feature_remove,customer_request,elec_a,2024-01-07
CHG-12849,P-2835,4,material_change,design_review,elec_a,2024-02-18
CHG-12850,P-2835,5,dimension_update,design_review,elec_a,2024-02-19
CHG-12851,P-2835,6,material_change,design_review,elec_a,2023-03-19
CHG-12852,P-2835,7,drawing_note,test_failure,elec_a,2024-01-11
CHG-12853,P-2836,1,tolerance_tightening,test_failure,mech_a,2024-09-13
CHG-12854,P-2836,2,material_change,test_failure,mech_a,2024-12-31
CHG-12855,P-2836,3,feature_add,supplier_issue,mech_a,2024-09-03
CHG-12856,P-2836,4,drawing_note,cost_reduction,mech_a,2025-06-02
CHG-12857,P-2836,5,tolerance_tightening,cost_reduction,mech_a,2024-10-15
CHG-12858,P-2837,1,feature_add,test_failure,hw_integration,2025-05-21
CHG-12859,P-2837,2,drawing_note,test_failure,hw_integration,2026-01-26
CHG-12860,P-2837,3,tolerance_tightening,supplier_issue,hw_integration,2025-09-01
CHG-12861,P-2837,4,tolerance_tightening,design_review,hw_integration,2026-03-22
CHG-12862,P-2837,5,feature_add,customer_request,hw_integration,2025-07-04
CHG-12863,P-2838,1,dimension_update,cost_reduction,mech_a,2026-10-18
CHG-12864,P-2838,2,material_change,test_failure,mech_a,2026-02-08
CHG-12865,P-2838,3,dimension_update,customer_request,mech_a,2026-04-29
CHG-12866,P-2838,4,dimension_update,design_review,mech_a,2026-01-04
CHG-12867,P-2838,5,drawing_note,test_failure,mech_a,2025-08-15
CHG-12868,P-2839,1,tolerance_tightening,test_failure,mech_b,2022-06-01
CHG-12869,P-2839,2,tolerance_tightening,supplier_issue,mech_b,2023-05-08
CHG-12870,P-2839,3,material_change,test_failure,mech_b,2023-04-30
CHG-12871,P-2839,4,tolerance_tightening,test_failure,mech_b,2023-07-10
CHG-12872,P-2839,5,tolerance_tightening,supplier_issue,mech_b,2022-11-09
CHG-12873,P-2840,1,feature_remove,cost_reduction,elec_a,2025-12-08
CHG-12874,P-2840,2,feature_remove,cost_reduction,elec_a,2026-08-21
CHG-12875,P-2840,3,drawing_note,cost_reduction,elec_a,2026-06-13
CHG-12877,P-2840,5,feature_add,design_review,elec_a,2025-08-26
CHG-12878,P-2840,6,feature_remove,test_failure,elec_a,2025-09-02
CHG-12879,P-2841,1,feature_remove,design_review,hw_integration,2022-06-22
CHG-12880,P-2841,2,drawing_note,supplier_issue,hw_integration,2022-07-14
CHG-12881,P-2842,1,tolerance_tightening,supplier_issue,mech_a,2025-06-07
CHG-12882,P-2842,2,material_change,customer_request,mech_a,2025-12-04
CHG-12883,P-2842,3,dimension_update,design_review,mech_a,2025-07-21
CHG-12884,P-2843,1,dimension_update,design_review,elec_a,2023-02-22
CHG-12885,P-2843,2,dimension_update,test_failure,elec_a,2022-12-04
CHG-12886,P-2843,3,tolerance_tightening,supplier_issue,elec_a,2023-03-20
CHG-12887,P-2843,4,drawing_note,test_failure,elec_a,2023-02-05
CHG-12888,P-2843,5,drawing_note,customer_request,elec_a,2022-10-10
CHG-12889,P-2843,6,feature_remove,cost_reduction,elec_a,2022-10-05
CHG-12890,P-2844,1,drawing_note,test_failure,mech_a,2025-07-04
CHG-12891,P-2844,2,feature_add,test_failure,mech_a,2025-08-03
CHG-12892,P-2844,3,drawing_note,design_review,mech_a,2026-03-07
CHG-12893,P-2844,4,material_change,customer_request,mech_a,2025-05-18
CHG-12894,P-2844,5,material_change,design_review,mech_a,2025-12-10
CHG-12895,P-2844,6,feature_remove,design_review,mech_a,2025-10-15
CHG-12896,P-2844,7,feature_add,customer_request,mech_a,2025-08-11
CHG-12897,P-2844,8,feature_remove,customer_request,mech_a,2025-09-23
CHG-12898,P-2845,1,dimension_update,test_failure,mech_a,2024-01-10
CHG-12899,P-2845,2,feature_remove,design_review,mech_a,2023-11-05
CHG-12900,P-2845,3,drawing_note,design_review,mech_a,2024-07-27
CHG-12901,P-2845,4,drawing_note,design_review,mech_a,2024-03-22
CHG-12902,P-2845,5,drawing_note,customer_request,mech_a,2023-08-07
CHG-12903,P-2846,1,material_change,test_failure,mech_b,2025-12-29
CHG-12904,P-2846,2,feature_remove,supplier_issue,mech_b,2025-09-06
CHG-12905,P-2846,3,feature_add,design_review,mech_b,2025-06-02
CHG-12906,P-2846,4,feature_remove,test_failure,mech_b,2025-09-19
CHG-12907,P-2847,1,feature_remove,cost_reduction,elec_a,2024-02-21
CHG-12908,P-2847,2,feature_add,supplier_issue,elec_a,2024-07-01
CHG-12909,P-2847,3,drawing_note,design_review,elec_a,2025-01-31
CHG-12910,P-2847,4,feature_add,design_review,elec_a,2024-03-20
CHG-12911,P-2847,5,dimension_update,test_failure,elec_a,2024-10-15
CHG-12912,P-2847,6,tolerance_tightening,cost_reduction,elec_a,2024-06-16
CHG-12913,P-2848,1,dimension_update,supplier_issue,mech_b,2024-12-05
CHG-12914,P-2848,2,material_change,design_review,mech_b,2023-11-09
CHG-12915,P-2848,3,dimension_update,design_review,mech_b,2024-02-09
CHG-12916,P-2848,4,material_change,test_failure,mech_b,2024-06-23
CHG-12917,P-2848,5,dimension_update,design_review,mech_b,2024-01-20
CHG-12918,P-2848,6,drawing_note,design_review,mech_b,2023-11-16
CHG-12919,P-2849,1,dimension_update,design_review,hw_integration,2024-07-09
CHG-12920,P-2849,2,tolerance_tightening,supplier_issue,hw_integration,2024-07-07
CHG-12921,P-2849,3,tolerance_tightening,design_review,hw_integration,2023-07-26
CHG-12922,P-2849,4,feature_add,supplier_issue,hw_integration,2024-04-11
CHG-12923,P-2849,5,feature_remove,design_review,hw_integration,2024-05-23
CHG-12924,P-2849,6,drawing_note,design_review,hw_integration,2023-11-22
CHG-12925,P-2849,7,drawing_note,supplier_issue,hw_integration,2024-07-12
CHG-12926,P-2850,1,drawing_note,design_review,elec_a,2023-01-26
CHG-12927,P-2850,2,material_change,customer_request,elec_a,2023-09-07
CHG-12928,P-2850,3,drawing_note,customer_request,elec_a,2023-12-26
CHG-12929,P-2850,4,feature_remove,test_failure,elec_a,2023-03-29
CHG-12930,P-2851,1,feature_remove,design_review,mech_b,2024-12-21
CHG-12931,P-2851,2,tolerance_tightening,design_review,mech_b,2024-04-28
CHG-12932,P-2851,3,tolerance_tightening,cost_reduction,mech_b,2024-04-13
CHG-12933,P-2852,1,dimension_update,design_review,mech_b,2024-05-06
CHG-12934,P-2852,2,drawing_note,test_failure,mech_b,2025-03-08
CHG-12935,P-2853,1,tolerance_tightening,test_failure,mech_b,2022-12-25
CHG-12936,P-2853,2,material_change,cost_reduction,mech_b,2023-06-06
CHG-12937,P-2853,3,material_change,supplier_issue,mech_b,2022-10-12
CHG-12938,P-2853,4,feature_remove,design_review,mech_b,2022-12-28
CHG-12939,P-2854,1,feature_remove,test_failure,mech_a,2022-10-16
CHG-12940,P-2854,2,feature_remove,design_review,mech_a,2023-06-23
CHG-12941,P-2854,3,drawing_note,design_review,mech_a,2023-06-03
CHG-12942,P-2854,4,feature_add,test_failure,mech_a,2022-08-04
CHG-12943,P-2855,1,material_change,design_review,elec_a,2024-03-23
CHG-12944,P-2855,2,material_change,cost_reduction,elec_a,2024-01-19
CHG-12945,P-2856,1,feature_add,customer_request,hw_integration,2026-03-11
CHG-12946,P-2856,2,feature_remove,supplier_issue,hw_integration,2025-10-08
CHG-12947,P-2856,3,tolerance_tightening,customer_request,hw_integration,2025-04-29
CHG-12948,P-2856,4,material_change,cost_reduction,hw_integration,2025-05-21
CHG-12949,P-2857,1,feature_remove,customer_request,mech_b,2023-11-18
CHG-12950,P-2857,2,dimension_update,design_review,mech_b,2023-12-20
CHG-12951,P-2857,3,tolerance_tightening,cost_reduction,mech_b,2024-03-19
CHG-12952,P-2858,1,drawing_note,customer_request,mech_b,2023-07-17
CHG-12953,P-2858,2,dimension_update,customer_request,mech_b,2024-01-02
CHG-12954,P-2858,3,feature_remove,customer_request,mech_b,2024-08-24
CHG-12955,P-2858,4,tolerance_tightening,cost_reduction,mech_b,2024-07-06
CHG-12956,P-2858,5,dimension_update,supplier_issue,mech_b,2024-02-20
CHG-12957,P-2858,6,drawing_note,test_failure,mech_b,2024-02-23
CHG-12958,P-2858,7,material_change,test_failure,mech_b,2023-09-23
CHG-12959,P-2859,1,material_change,cost_reduction,hw_integration,2026-07-28
CHG-12960,P-2859,2,tolerance_tightening,design_review,hw_integration,2026-09-12
CHG-12961,P-2859,3,feature_remove,customer_request,hw_integration,2025-09-11
CHG-12962,P-2859,4,dimension_update,customer_request,hw_integration,2025-07-13
CHG-12963,P-2859,5,dimension_update,cost_reduction,hw_integration,2025-05-28
CHG-12964,P-2859,6,drawing_note,design_review,hw_integration,2026-07-04
CHG-12965,P-2859,7,drawing_note,cost_reduction,hw_integration,2025-12-31
CHG-12966,P-2860,1,dimension_update,design_review,elec_a,2023-03-16
CHG-12967,P-2860,2,dimension_update,test_failure,elec_a,2023-11-02
CHG-12968,P-2860,3,feature_remove,test_failure,elec_a,2024-01-18
CHG-12969,P-2860,4,feature_add,test_failure,elec_a,2022-12-07
CHG-12970,P-2861,1,feature_add,test_failure,mech_b,2024-04-09
CHG-12971,P-2861,2,feature_add,supplier_issue,mech_b,2023-09-23
CHG-12972,P-2861,3,feature_remove,design_review,mech_b,2023-05-24
CHG-12973,P-2861,4,material_change,supplier_issue,mech_b,2024-05-30
CHG-12974,P-2861,5,tolerance_tightening,cost_reduction,mech_b,2023-09-25
CHG-12975,P-2862,1,feature_add,design_review,mech_a,2025-12-24
CHG-12976,P-2863,1,tolerance_tightening,design_review,hw_integration,2024-08-07
CHG-12977,P-2863,2,feature_add,cost_reduction,hw_integration,2024-09-05
CHG-12978,P-2863,3,feature_add,design_review,hw_integration,2024-01-22
CHG-12979,P-2863,4,drawing_note,design_review,hw_integration,2024-03-14
CHG-12980,P-2863,5,feature_remove,cost_reduction,hw_integration,2023-11-06
CHG-12981,P-2863,6,drawing_note,customer_request,hw_integration,2024-10-17
CHG-12982,P-2863,7,dimension_update,customer_request,hw_integration,2024-06-18
CHG-12983,P-2864,1,feature_add,design_review,elec_a,2023-02-27
CHG-12984,P-2864,2,feature_add,cost_reduction,elec_a,2022-11-27
CHG-12985,P-2865,1,drawing_note,test_failure,elec_a,2024-01-03
CHG-12986,P-2865,2,tolerance_tightening,cost_reduction,elec_a,2022-11-25
CHG-12987,P-2865,3,feature_add,customer_request,elec_a,2022-12-05
CHG-12988,P-2865,4,material_change,design_review,elec_a,2023-02-05
CHG-12989,P-2865,5,feature_add,test_failure,elec_a,2023-12-15
CHG-12990,P-2865,6,drawing_note,design_review,elec_a,2023-09-04
CHG-12991,P-2866,1,feature_add,supplier_issue,mech_b,2025-08-22
CHG-12992,P-2866,2,feature_remove,design_review,mech_b,2025-11-06
CHG-12993,P-2866,3,drawing_note,cost_reduction,mech_b,2026-08-14
CHG-12994,P-2866,4,drawing_note,design_review,mech_b,2026-08-13
CHG-12995,P-2866,5,feature_add,supplier_issue,mech_b,2025-11-01
CHG-12996,P-2867,1,dimension_update,customer_request,mech_a,2025-02-05
CHG-12997,P-2867,2,drawing_note,test_failure,mech_a,2024-12-17
CHG-12998,P-2868,1,feature_remove,supplier_issue,mech_b,2026-08-08
CHG-12999,P-2868,2,feature_remove,design_review,mech_b,2025-06-08
CHG-13000,P-2868,3,dimension_update,cost_reduction,mech_b,2025-09-22
CHG-13001,P-2868,4,tolerance_tightening,cost_reduction,mech_b,2026-01-21
CHG-13002,P-2868,5,dimension_update,cost_reduction,mech_b,2026-04-17
CHG-13003,P-2868,6,dimension_update,cost_reduction,mech_b,2025-09-06
CHG-13004,P-2868,7,dimension_update,supplier_issue,mech_b,2025-06-04
CHG-13005,P-2868,8,feature_add,test_failure,mech_b,2025-12-26
CHG-13006,P-2869,1,feature_remove,design_review,hw_integration,2024-01-26
CHG-13007,P-2869,2,feature_remove,test_failure,hw_integration,2024-11-05
CHG-13008,P-2869,3,tolerance_tightening,test_failure,hw_integration,2023-09-05
CHG-13009,P-2869,4,material_change,supplier_issue,hw_integration,2024-09-07
CHG-13010,P-2869,5,material_change,customer_request,hw_integration,2024-03-06
CHG-13011,P-2870,1,dimension_update,cost_reduction,mech_b,2025-05-02
CHG-13012,P-2870,2,material_change,test_failure,mech_b,2024-03-27
CHG-13013,P-2870,3,drawing_note,supplier_issue,mech_b,2025-02-01
CHG-13014,P-2870,4,feature_remove,test_failure,mech_b,2025-01-23
CHG-13015,P-2871,1,feature_add,supplier_issue,elec_a,2023-06-19
CHG-13016,P-2871,2,dimension_update,supplier_issue,elec_a,2022-08-10
CHG-13017,P-2871,3,tolerance_tightening,test_failure,elec_a,2023-08-01
CHG-13018,P-2871,4,dimension_update,customer_request,elec_a,2023-04-21
CHG-13019,P-2871,5,drawing_note,design_review,elec_a,2022-11-24
CHG-13020,P-2871,6,drawing_note,cost_reduction,elec_a,2023-05-08
CHG-13021,P-2871,7,feature_remove,customer_request,elec_a,2023-03-05
CHG-13022,P-2871,8,feature_add,design_review,elec_a,2023-09-30
CHG-13023,P-2871,9,dimension_update,design_review,elec_a,2022-07-02
CHG-13024,P-2872,1,dimension_update,design_review,hw_integration,2024-09-16
CHG-13025,P-2872,2,dimension_update,test_failure,hw_integration,2025-03-12
CHG-13026,P-2872,3,tolerance_tightening,cost_reduction,hw_integration,2024-10-04
CHG-13027,P-2872,4,dimension_update,supplier_issue,hw_integration,2025-04-09
CHG-13028,P-2872,5,feature_add,cost_reduction,hw_integration,2024-12-20
CHG-13029,P-2873,1,dimension_update,test_failure,mech_a,2025-03-22
CHG-13030,P-2873,2,tolerance_tightening,cost_reduction,mech_a,2024-07-11
CHG-13031,P-2873,3,material_change,customer_request,mech_a,2024-05-24
CHG-13032,P-2873,4,dimension_update,test_failure,mech_a,2024-05-25
CHG-13033,P-2874,1,dimension_update,customer_request,mech_a,2022-09-16
CHG-13034,P-2874,2,feature_add,supplier_issue,mech_a,2023-01-05
CHG-13035,P-2874,3,feature_remove,design_review,mech_a,2023-05-03
CHG-13036,P-2874,4,tolerance_tightening,test_failure,mech_a,2022-09-28
CHG-13037,P-2874,5,drawing_note,cost_reduction,mech_a,2023-02-27
CHG-13038,P-2874,6,tolerance_tightening,design_review,mech_a,2022-09-29
CHG-13039,P-2874,7,feature_add,cost_reduction,mech_a,2023-03-04
CHG-13040,P-2875,1,material_change,design_review,mech_a,2025-09-03
CHG-13041,P-2875,2,dimension_update,design_review,mech_a,2025-07-08
CHG-13042,P-2875,3,material_change,cost_reduction,mech_a,2025-06-29
CHG-13043,P-2876,1,drawing_note,test_failure,hw_integration,2024-09-02
CHG-13044,P-2876,2,dimension_update,design_review,hw_integration,2024-06-28
CHG-13045,P-2876,3,feature_remove,design_review,hw_integration,2023-09-07
CHG-13046,P-2877,1,feature_add,supplier_issue,elec_a,2026-03-01
CHG-13047,P-2877,2,feature_add,test_failure,elec_a,2025-08-21
CHG-13048,P-2877,3,feature_add,customer_request,elec_a,2026-10-15
CHG-13049,P-2877,4,dimension_update,design_review,elec_a,2025-12-16
CHG-13050,P-2877,5,tolerance_tightening,cost_reduction,elec_a,2025-06-25
CHG-13051,P-2877,6,drawing_note,cost_reduction,elec_a,2026-10-29
CHG-13052,P-2878,1,feature_add,design_review,hw_integration,2026-02-16
CHG-13053,P-2878,2,tolerance_tightening,design_review,hw_integration,2025-02-09
CHG-13054,P-2878,3,material_change,cost_reduction,hw_integration,2026-06-01
CHG-13055,P-2879,1,dimension_update,test_failure,hw_integration,2024-05-27
CHG-13056,P-2879,2,drawing_note,cost_reduction,hw_integration,2024-05-02
CHG-13057,P-2880,1,tolerance_tightening,supplier_issue,mech_b,2023-05-18
CHG-13058,P-2880,2,feature_add,supplier_issue,mech_b,2022-10-16
CHG-13059,P-2880,3,dimension_update,design_review,mech_b,2023-01-16
CHG-13060,P-2880,4,material_change,supplier_issue,mech_b,2022-01-26
CHG-13061,P-2880,5,material_change,cost_reduction,mech_b,2022-09-08
CHG-13062,P-2880,6,dimension_update,supplier_issue,mech_b,2023-04-23
CHG-13063,P-2881,1,feature_add,supplier_issue,mech_a,2023-09-24
CHG-13064,P-2881,2,dimension_update,test_failure,mech_a,2023-09-05
CHG-13065,P-2881,3,feature_add,test_failure,mech_a,2023-08-29
CHG-13066,P-2881,4,feature_remove,design_review,mech_a,2023-11-16
CHG-13067,P-2881,5,feature_add,cost_reduction,mech_a,2023-11-14
CHG-13068,P-2881,6,feature_add,design_review,mech_a,2022-09-12
CHG-13069,P-2881,7,feature_add,customer_request,mech_a,2023-09-05
CHG-13070,P-2882,1,tolerance_tightening,test_failure,mech_b,2023-11-11
CHG-13071,P-2882,2,drawing_note,test_failure,mech_b,2023-04-28
CHG-13072,P-2882,3,feature_add,supplier_issue,mech_b,2023-08-05
CHG-13073,P-2882,4,feature_add,design_review,mech_b,2024-01-15
CHG-13074,P-2883,1,material_change,supplier_issue,elec_a,2023-03-26
CHG-13075,P-2883,2,dimension_update,supplier_issue,elec_a,2024-04-06
CHG-13076,P-2883,3,feature_add,test_failure,elec_a,2024-03-05
CHG-13077,P-2883,4,drawing_note,test_failure,elec_a,2023-08-01
CHG-13078,P-2884,1,dimension_update,customer_request,mech_b,2023-06-25
CHG-13079,P-2884,2,material_change,customer_request,mech_b,2024-01-10
CHG-13080,P-2884,3,dimension_update,customer_request,mech_b,2024-01-20
CHG-13081,P-2884,4,feature_add,supplier_issue,mech_b,2023-09-18
CHG-13082,P-2884,5,drawing_note,supplier_issue,mech_b,2023-04-13
CHG-13083,P-2884,6,material_change,cost_reduction,mech_b,2023-10-01
CHG-13084,P-2884,7,drawing_note,test_failure,mech_b,2023-12-01
CHG-13085,P-2885,1,drawing_note,customer_request,mech_a,2025-08-01
CHG-13086,P-2885,2,drawing_note,design_review,mech_a,2025-05-26
CHG-13087,P-2885,3,drawing_note,test_failure,mech_a,2026-08-12
CHG-13088,P-2885,4,drawing_note,test_failure,mech_a,2026-03-20
CHG-13089,P-2885,5,feature_remove,design_review,mech_a,2025-08-28
CHG-13090,P-2885,6,material_change,supplier_issue,mech_a,2026-08-18
CHG-13091,P-2885,7,dimension_update,supplier_issue,mech_a,2025-12-04
CHG-13092,P-2885,8,dimension_update,design_review,mech_a,2026-05-07
CHG-13093,P-2885,9,material_change,design_review,mech_a,2026-03-08
CHG-13094,P-2886,1,material_change,test_failure,hw_integration,2025-05-27
CHG-13095,P-2886,2,tolerance_tightening,test_failure,hw_integration,2024-09-15
CHG-13096,P-2886,3,feature_add,design_review,hw_integration,2025-06-11
CHG-13097,P-2886,4,feature_remove,cost_reduction,hw_integration,2025-05-26
CHG-13098,P-2887,1,dimension_update,customer_request,mech_b,2023-04-29
CHG-13099,P-2887,2,feature_add,cost_reduction,mech_b,2023-05-04
CHG-13100,P-2887,3,material_change,supplier_issue,mech_b,2023-08-02
CHG-13101,P-2887,4,feature_add,design_review,mech_b,2023-02-06
CHG-13102,P-2887,5,drawing_note,cost_reduction,mech_b,2023-01-02
CHG-13103,P-2887,6,feature_remove,customer_request,mech_b,2023-06-30
CHG-13104,P-2887,7,material_change,cost_reduction,mech_b,2023-07-16
CHG-13105,P-2888,1,feature_add,supplier_issue,elec_a,2025-09-30
CHG-13106,P-2888,2,feature_add,design_review,elec_a,2025-08-16
CHG-13107,P-2889,1,material_change,cost_reduction,hw_integration,2022-09-26
CHG-13108,P-2889,2,tolerance_tightening,design_review,hw_integration,2022-12-17
CHG-13109,P-2889,3,feature_add,design_review,hw_integration,2022-06-02
CHG-13110,P-2889,4,feature_add,cost_reduction,hw_integration,2022-10-21
CHG-13111,P-2889,5,feature_add,test_failure,hw_integration,2022-04-19
CHG-13112,P-2890,1,tolerance_tightening,design_review,elec_a,2022-06-14
CHG-13113,P-2890,2,dimension_update,design_review,elec_a,2023-04-29
CHG-13114,P-2890,3,tolerance_tightening,test_failure,elec_a,2023-05-28
CHG-13115,P-2891,1,drawing_note,design_review,elec_a,2024-08-03
CHG-13116,P-2891,2,feature_remove,customer_request,elec_a,2024-12-04
CHG-13117,P-2891,3,tolerance_tightening,customer_request,elec_a,2025-04-11
CHG-13118,P-2892,1,material_change,customer_request,mech_a,2022-11-29
CHG-13119,P-2892,2,material_change,design_review,mech_a,2023-02-10
CHG-13120,P-2892,3,material_change,customer_request,mech_a,2023-04-19
CHG-13121,P-2892,4,drawing_note,design_review,mech_a,2023-11-29
CHG-13122,P-2893,1,tolerance_tightening,test_failure,elec_a,2024-10-15
CHG-13123,P-2893,2,feature_remove,design_review,elec_a,2024-07-30
CHG-13124,P-2893,3,dimension_update,cost_reduction,elec_a,2023-10-13
CHG-13125,P-2893,4,dimension_update,test_failure,elec_a,2024-08-07
CHG-13126,P-2893,5,feature_remove,supplier_issue,elec_a,2024-07-02
CHG-13127,P-2893,6,feature_add,cost_reduction,elec_a,2024-03-10
CHG-13128,P-2893,7,feature_add,cost_reduction,elec_a,2024-07-24
CHG-13129,P-2893,8,feature_add,test_failure,elec_a,2023-11-19
CHG-13130,P-2894,1,dimension_update,design_review,hw_integration,2025-06-19
CHG-13131,P-2894,2,tolerance_tightening,customer_request,hw_integration,2025-07-12
CHG-13132,P-2894,3,drawing_note,cost_reduction,hw_integration,2025-09-08
CHG-13133,P-2894,4,dimension_update,test_failure,hw_integration,2025-10-13
CHG-13134,P-2894,5,feature_add,design_review,hw_integration,2025-06-10
CHG-13135,P-2895,1,dimension_update,customer_request,hw_integration,2024-04-14
CHG-13136,P-2895,2,material_change,supplier_issue,hw_integration,2023-09-20
CHG-13137,P-2895,3,tolerance_tightening,design_review,hw_integration,2023-11-15
CHG-13138,P-2895,4,dimension_update,customer_request,hw_integration,2023-10-22
CHG-13139,P-2895,5,tolerance_tightening,test_failure,hw_integration,2024-06-06
CHG-13140,P-2895,6,dimension_update,design_review,hw_integration,2024-05-08
CHG-13141,P-2896,1,tolerance_tightening,design_review,mech_a,2023-11-19
CHG-13142,P-2896,2,feature_add,supplier_issue,mech_a,2023-04-13
CHG-13143,P-2896,3,feature_remove,test_failure,mech_a,2022-11-24
CHG-13144,P-2896,4,dimension_update,supplier_issue,mech_a,2023-05-04
CHG-13145,P-2897,1,drawing_note,test_failure,mech_a,2026-08-02
CHG-13146,P-2897,2,material_change,supplier_issue,mech_a,2026-03-03
CHG-13147,P-2897,3,dimension_update,design_review,mech_a,2025-12-01
CHG-13148,P-2897,4,tolerance_tightening,design_review,mech_a,2026-09-16
CHG-13149,P-2897,5,tolerance_tightening,test_failure,mech_a,2026-04-22
CHG-13150,P-2898,1,tolerance_tightening,supplier_issue,mech_a,2023-03-31
CHG-13151,P-2898,2,dimension_update,customer_request,mech_a,2023-11-12
CHG-13152,P-2898,3,tolerance_tightening,cost_reduction,mech_a,2023-10-12
CHG-13153,P-2898,4,dimension_update,design_review,mech_a,2023-06-25
CHG-13154,P-2898,5,tolerance_tightening,supplier_issue,mech_a,2023-07-22
CHG-13155,P-2898,6,drawing_note,design_review,mech_a,2023-05-08
CHG-13156,P-2898,7,tolerance_tightening,test_failure,mech_a,2023-02-22
CHG-13157,P-2899,1,tolerance_tightening,cost_reduction,hw_integration,2025-04-28
CHG-13158,P-2899,2,feature_add,customer_request,hw_integration,2024-11-06
CHG-13159,P-2899,3,drawing_note,design_review,hw_integration,2025-04-27
CHG-13160,P-2899,4,material_change,design_review,hw_integration,2024-12-15
CHG-13161,P-2899,5,drawing_note,design_review,hw_integration,2025-08-20
CHG-13162,P-2900,1,feature_add,test_failure,mech_b,2022-08-22
CHG-13163,P-2900,2,tolerance_tightening,cost_reduction,mech_b,2022-08-15
CHG-13164,P-2900,3,feature_add,customer_request,mech_b,2023-04-12
CHG-13165,P-2901,1,drawing_note,cost_reduction,elec_a,2023-06-05
CHG-13166,P-2901,2,material_change,design_review,elec_a,2023-06-18
CHG-13167,P-2901,3,dimension_update,supplier_issue,elec_a,2023-07-30
CHG-13168,P-2901,4,dimension_update,design_review,elec_a,2023-03-26
CHG-13169,P-2902,1,tolerance_tightening,test_failure,mech_b,2024-09-14
CHG-13170,P-2902,2,feature_add,design_review,mech_b,2025-03-15
CHG-13171,P-2902,3,dimension_update,supplier_issue,mech_b,2025-11-23
CHG-13172,P-2902,4,feature_remove,cost_reduction,mech_b,2025-01-12
CHG-13173,P-2902,5,feature_remove,test_failure,mech_b,2025-05-23
CHG-13174,P-2903,1,feature_remove,test_failure,elec_a,2025-05-29
CHG-13175,P-2903,2,feature_remove,design_review,elec_a,2026-04-12
CHG-13176,P-2904,1,feature_remove,cost_reduction,hw_integration,2022-10-27
CHG-13177,P-2905,1,feature_remove,customer_request,mech_b,2026-08-30
CHG-13178,P-2905,2,material_change,customer_request,mech_b,2025-11-08
CHG-13179,P-2905,3,dimension_update,design_review,mech_b,2025-08-15
CHG-13180,P-2905,4,tolerance_tightening,design_review,mech_b,2026-08-12
CHG-13181,P-2905,5,dimension_update,supplier_issue,mech_b,2025-10-07
CHG-13182,P-2905,6,tolerance_tightening,customer_request,mech_b,2026-05-16
CHG-13183,P-2905,7,drawing_note,customer_request,mech_b,2026-07-19
CHG-13184,P-2906,1,feature_add,customer_request,hw_integration,2023-06-24
CHG-13185,P-2906,2,feature_remove,test_failure,hw_integration,2023-07-26
CHG-13186,P-2906,3,tolerance_tightening,supplier_issue,hw_integration,2023-12-04
CHG-13187,P-2906,4,drawing_note,design_review,hw_integration,2023-03-14
CHG-13188,P-2906,5,dimension_update,design_review,hw_integration,2023-01-21
CHG-13189,P-2906,6,feature_remove,customer_request,hw_integration,2023-07-11
CHG-13190,P-2906,7,feature_add,design_review,hw_integration,2024-02-24
CHG-13191,P-2907,1,dimension_update,customer_request,mech_b,2025-09-25
CHG-13192,P-2907,2,feature_remove,test_failure,mech_b,2025-08-13
CHG-13193,P-2907,3,drawing_note,customer_request,mech_b,2026-09-06
CHG-13194,P-2907,4,dimension_update,supplier_issue,mech_b,2026-01-13
CHG-13195,P-2907,5,feature_remove,customer_request,mech_b,2026-04-23
CHG-13196,P-2908,1,drawing_note,test_failure,mech_a,2024-10-15
CHG-13197,P-2908,2,dimension_update,supplier_issue,mech_a,2024-05-29
CHG-13198,P-2908,3,feature_remove,cost_reduction,mech_a,2024-02-26
CHG-13199,P-2908,4,feature_remove,customer_request,mech_a,2024-07-16
CHG-13200,P-2908,5,tolerance_tightening,supplier_issue,mech_a,2024-12-08
CHG-13201,P-2908,6,material_change,cost_reduction,mech_a,2024-10-19
CHG-13202,P-2909,1,tolerance_tightening,cost_reduction,mech_a,2025-12-04
CHG-13203,P-2909,2,drawing_note,design_review,mech_a,2024-10-12
CHG-13204,P-2909,3,tolerance_tightening,design_review,mech_a,2024-12-12
CHG-13205,P-2909,4,tolerance_tightening,cost_reduction,mech_a,2025-12-25
CHG-13206,P-2909,5,material_change,design_review,mech_a,2024-10-16
CHG-13207,P-2910,1,drawing_note,design_review,mech_b,2023-02-01
CHG-13208,P-2910,2,material_change,cost_reduction,mech_b,2022-10-28
CHG-13209,P-2910,3,feature_add,customer_request,mech_b,2022-10-20
CHG-13210,P-2911,1,feature_remove,design_review,elec_a,2023-04-17
CHG-13211,P-2911,2,drawing_note,test_failure,elec_a,2023-11-11
CHG-13212,P-2911,3,drawing_note,customer_request,elec_a,2023-01-03
CHG-13213,P-2911,4,dimension_update,design_review,elec_a,2022-10-09
CHG-13214,P-2912,1,dimension_update,test_failure,hw_integration,2025-05-29
CHG-13215,P-2912,2,feature_add,test_failure,hw_integration,2026-09-08
CHG-13216,P-2912,3,material_change,design_review,hw_integration,2025-10-14
CHG-13217,P-2912,4,dimension_update,customer_request,hw_integration,2026-05-12
CHG-13218,P-2912,5,feature_remove,design_review,hw_integration,2026-08-07
CHG-13219,P-2912,6,tolerance_tightening,customer_request,hw_integration,2025-06-08
CHG-13220,P-2912,7,feature_remove,design_review,hw_integration,2026-08-21
CHG-13221,P-2912,8,tolerance_tightening,supplier_issue,hw_integration,2025-08-08
CHG-13222,P-2912,9,dimension_update,cost_reduction,hw_integration,2025-10-07
CHG-13223,P-2913,1,material_change,cost_reduction,hw_integration,2023-08-24
CHG-13224,P-2913,2,material_change,design_review,hw_integration,2023-05-16
CHG-13225,P-2913,3,tolerance_tightening,design_review,hw_integration,2023-11-14
CHG-13226,P-2913,4,feature_add,design_review,hw_integration,2023-02-10
CHG-13227,P-2913,5,dimension_update,cost_reduction,hw_integration,2022-08-25
CHG-13228,P-2913,6,feature_add,supplier_issue,hw_integration,2022-10-03
CHG-13229,P-2914,1,material_change,customer_request,elec_a,2026-05-15
CHG-13230,P-2914,2,dimension_update,cost_reduction,elec_a,2025-07-15
CHG-13231,P-2914,3,dimension_update,customer_request,elec_a,2026-02-19
CHG-13232,P-2914,4,material_change,test_failure,elec_a,2026-03-20
CHG-13233,P-2914,5,drawing_note,customer_request,elec_a,2025-07-13
CHG-13234,P-2914,6,material_change,test_failure,elec_a,2025-08-06
CHG-13235,P-2914,7,material_change,design_review,elec_a,2025-03-03
CHG-13236,P-2915,1,dimension_update,design_review,mech_b,2023-05-21
CHG-13237,P-2915,2,tolerance_tightening,test_failure,mech_b,2022-09-04
CHG-13238,P-2915,3,feature_remove,supplier_issue,mech_b,2023-05-14
CHG-13239,P-2915,4,feature_remove,design_review,mech_b,2023-06-25
CHG-13240,P-2916,1,material_change,design_review,mech_a,2024-04-30
CHG-13241,P-2916,2,dimension_update,customer_request,mech_a,2024-11-12
CHG-13242,P-2916,3,feature_remove,design_review,mech_a,2024-05-20
CHG-13243,P-2916,4,dimension_update,test_failure,mech_a,2024-06-20
CHG-13244,P-2916,5,drawing_note,design_review,mech_a,2024-09-16
CHG-13245,P-2916,6,feature_remove,test_failure,mech_a,2024-12-01
CHG-13246,P-2917,1,feature_add,cost_reduction,hw_integration,2023-06-13
CHG-13247,P-2917,2,drawing_note,design_review,hw_integration,2023-12-25
CHG-13248,P-2917,3,tolerance_tightening,customer_request,hw_integration,2024-06-30
CHG-13249,P-2917,4,feature_add,test_failure,hw_integration,2024-04-12
CHG-13250,P-2917,5,tolerance_tightening,cost_reduction,hw_integration,2023-07-19
CHG-13251,P-2917,6,drawing_note,design_review,hw_integration,2024-07-27
CHG-13252,P-2917,7,material_change,supplier_issue,hw_integration,2024-07-31
CHG-13253,P-2918,1,feature_add,design_review,mech_b,2024-09-09
CHG-13254,P-2918,2,dimension_update,cost_reduction,mech_b,2024-03-01
CHG-13255,P-2919,1,drawing_note,supplier_issue,hw_integration,2025-02-13
CHG-13256,P-2919,2,feature_add,supplier_issue,hw_integration,2025-06-19
CHG-13257,P-2919,3,drawing_note,design_review,hw_integration,2024-09-13
CHG-13258,P-2920,1,dimension_update,customer_request,elec_a,2023-08-05
CHG-13259,P-2920,2,drawing_note,customer_request,elec_a,2023-02-02
CHG-13260,P-2920,3,feature_remove,test_failure,elec_a,2023-05-29
CHG-13261,P-2920,4,tolerance_tightening,design_review,elec_a,2023-11-21
CHG-13262,P-2920,5,dimension_update,test_failure,elec_a,2023-09-25
CHG-13263,P-2920,6,drawing_note,cost_reduction,elec_a,2023-05-06
CHG-13264,P-2920,7,tolerance_tightening,customer_request,elec_a,2023-10-24
CHG-13265,P-2920,8,dimension_update,cost_reduction,elec_a,2023-03-08
CHG-13266,P-2921,1,feature_remove,test_failure,hw_integration,2024-03-16
CHG-13267,P-2921,2,material_change,cost_reduction,hw_integration,2024-07-25
CHG-13268,P-2921,3,feature_add,design_review,hw_integration,2023-03-18
CHG-13269,P-2921,4,drawing_note,test_failure,hw_integration,2024-05-16
CHG-13270,P-2922,1,tolerance_tightening,customer_request,hw_integration,2024-02-28
CHG-13271,P-2922,2,feature_add,design_review,hw_integration,2024-06-27
CHG-13272,P-2922,3,feature_remove,supplier_issue,hw_integration,2024-06-09
CHG-13273,P-2922,4,material_change,supplier_issue,hw_integration,2024-05-06
CHG-13274,P-2922,5,feature_remove,supplier_issue,hw_integration,2024-08-16
CHG-13275,P-2922,6,dimension_update,design_review,hw_integration,2024-05-24
CHG-13276,P-2923,1,feature_remove,test_failure,elec_a,2023-11-20
CHG-13277,P-2923,2,dimension_update,supplier_issue,elec_a,2024-05-17
CHG-13278,P-2923,3,material_change,test_failure,elec_a,2023-11-28
CHG-13279,P-2923,4,drawing_note,design_review,elec_a,2023-06-03
CHG-13280,P-2923,5,tolerance_tightening,design_review,elec_a,2023-09-30
CHG-13281,P-2923,6,tolerance_tightening,customer_request,elec_a,2024-07-06
CHG-13282,P-2924,1,drawing_note,test_failure,elec_a,2024-01-10
CHG-13283,P-2924,2,tolerance_tightening,test_failure,elec_a,2022-12-01
CHG-13284,P-2924,3,feature_add,test_failure,elec_a,2023-02-26
CHG-13285,P-2924,4,material_change,design_review,elec_a,2023-02-28
CHG-13286,P-2924,5,drawing_note,test_failure,elec_a,2023-02-15
CHG-13287,P-2925,1,feature_remove,cost_reduction,mech_a,2022-08-28
CHG-13288,P-2925,2,dimension_update,cost_reduction,mech_a,2023-05-07
CHG-13289,P-2926,1,drawing_note,cost_reduction,mech_a,2024-05-01
CHG-13290,P-2927,1,tolerance_tightening,test_failure,elec_a,2022-05-19
CHG-13291,P-2927,2,tolerance_tightening,test_failure,elec_a,2023-03-22
CHG-13292,P-2927,3,feature_add,supplier_issue,elec_a,2022-05-13
CHG-13293,P-2927,4,dimension_update,design_review,elec_a,2023-02-28
CHG-13294,P-2927,5,tolerance_tightening,customer_request,elec_a,2022-11-14
CHG-13295,P-2928,1,feature_add,design_review,elec_a,2022-10-06
CHG-13296,P-2928,2,feature_remove,customer_request,elec_a,2023-01-10
CHG-13297,P-2928,3,tolerance_tightening,design_review,elec_a,2023-11-06
CHG-13298,P-2928,4,material_change,test_failure,elec_a,2023-03-05
CHG-13299,P-2929,1,material_change,test_failure,elec_a,2023-03-18
CHG-13300,P-2929,2,feature_remove,supplier_issue,elec_a,2023-11-19
CHG-13301,P-2930,1,material_change,test_failure,mech_b,2025-06-30
CHG-13302,P-2930,2,feature_remove,design_review,mech_b,2025-05-25
CHG-13303,P-2931,1,tolerance_tightening,supplier_issue,elec_a,2023-03-09
CHG-13304,P-2931,2,drawing_note,design_review,elec_a,2023-01-19
CHG-13305,P-2931,3,feature_remove,test_failure,elec_a,2023-05-17
CHG-13306,P-2931,4,feature_remove,design_review,elec_a,2023-01-14
CHG-13307,P-2931,5,feature_add,test_failure,elec_a,2022-06-30
CHG-13308,P-2931,6,material_change,design_review,elec_a,2023-09-22
CHG-13309,P-2932,1,material_change,customer_request,hw_integration,2023-08-06
CHG-13310,P-2932,2,feature_remove,design_review,hw_integration,2024-02-27
CHG-13311,P-2932,3,drawing_note,design_review,hw_integration,2023-07-21
CHG-13312,P-2932,4,feature_add,supplier_issue,hw_integration,2024-01-25
CHG-13313,P-2933,1,tolerance_tightening,design_review,mech_a,2023-08-08
CHG-13314,P-2933,2,tolerance_tightening,design_review,mech_a,2023-06-09
CHG-13315,P-2933,3,material_change,cost_reduction,mech_a,2023-02-05
CHG-13316,P-2933,4,drawing_note,cost_reduction,mech_a,2022-12-22
CHG-13317,P-2933,5,dimension_update,customer_request,mech_a,2023-07-23
CHG-13318,P-2933,6,tolerance_tightening,design_review,mech_a,2022-09-05
CHG-13319,P-2933,7,feature_remove,design_review,mech_a,2022-08-05
CHG-13320,P-2934,1,feature_add,design_review,mech_b,2024-10-16
CHG-13321,P-2934,2,drawing_note,test_failure,mech_b,2024-05-26
CHG-13322,P-2934,3,dimension_update,test_failure,mech_b,2025-02-10
CHG-13323,P-2934,4,feature_remove,test_failure,mech_b,2024-03-02
CHG-13324,P-2935,1,tolerance_tightening,test_failure,hw_integration,2023-12-18
CHG-13325,P-2935,2,drawing_note,cost_reduction,hw_integration,2022-12-05
CHG-13326,P-2935,3,drawing_note,test_failure,hw_integration,2023-11-06
CHG-13327,P-2935,4,feature_remove,customer_request,hw_integration,2023-01-08
CHG-13328,P-2935,5,dimension_update,test_failure,hw_integration,2022-09-25
CHG-13329,P-2935,6,feature_add,supplier_issue,hw_integration,2023-04-24
CHG-13330,P-2936,1,dimension_update,design_review,mech_a,2023-09-10
CHG-13331,P-2936,2,dimension_update,cost_reduction,mech_a,2023-11-20
CHG-13332,P-2936,3,tolerance_tightening,design_review,mech_a,2022-12-19
CHG-13333,P-2936,4,feature_add,design_review,mech_a,2023-07-21
CHG-13334,P-2936,5,dimension_update,supplier_issue,mech_a,2023-03-26
CHG-13335,P-2937,1,drawing_note,test_failure,mech_b,2023-09-26
CHG-13336,P-2937,2,feature_remove,customer_request,mech_b,2023-04-16
CHG-13337,P-2937,3,tolerance_tightening,design_review,mech_b,2024-06-21
CHG-13338,P-2938,1,material_change,test_failure,mech_b,2023-06-06
CHG-13339,P-2938,2,feature_add,test_failure,mech_b,2023-05-01
CHG-13340,P-2938,3,material_change,design_review,mech_b,2023-08-19
CHG-13341,P-2938,4,tolerance_tightening,supplier_issue,mech_b,2023-07-02
CHG-13342,P-2938,5,material_change,cost_reduction,mech_b,2023-08-29
CHG-13343,P-2939,1,material_change,test_failure,elec_a,2022-08-26
CHG-13344,P-2939,2,feature_add,customer_request,elec_a,2023-04-24
CHG-13345,P-2939,3,feature_add,design_review,elec_a,2022-12-08
CHG-13346,P-2940,1,dimension_update,customer_request,mech_b,2024-04-11
CHG-13347,P-2940,2,feature_remove,test_failure,mech_b,2024-06-26
CHG-13348,P-2940,3,drawing_note,design_review,mech_b,2023-09-05
CHG-13349,P-2941,1,feature_remove,test_failure,hw_integration,2023-12-18
CHG-13350,P-2941,2,material_change,design_review,hw_integration,2025-01-13
CHG-13351,P-2941,3,drawing_note,test_failure,hw_integration,2024-01-10
CHG-13352,P-2942,1,dimension_update,cost_reduction,mech_a,2024-02-07
CHG-13353,P-2942,2,dimension_update,cost_reduction,mech_a,2024-03-02
CHG-13354,P-2942,3,feature_add,test_failure,mech_a,2024-07-14
CHG-13355,P-2942,4,tolerance_tightening,design_review,mech_a,2024-10-18
CHG-13356,P-2942,5,dimension_update,test_failure,mech_a,2024-08-09
CHG-13357,P-2943,1,material_change,test_failure,mech_b,2024-08-18
CHG-13358,P-2943,2,feature_add,design_review,mech_b,2024-07-08
CHG-13359,P-2943,3,feature_add,test_failure,mech_b,2024-11-04
CHG-13360,P-2943,4,feature_remove,design_review,mech_b,2024-01-30
CHG-13361,P-2943,5,tolerance_tightening,test_failure,mech_b,2023-08-15
CHG-13362,P-2943,6,feature_remove,test_failure,mech_b,2023-11-17
CHG-13363,P-2944,1,tolerance_tightening,design_review,elec_a,2026-09-18
CHG-13364,P-2944,2,material_change,cost_reduction,elec_a,2026-06-27
CHG-13365,P-2945,1,material_change,test_failure,mech_a,2023-11-22
CHG-13366,P-2945,2,feature_add,cost_reduction,mech_a,2024-04-21
CHG-13367,P-2945,3,drawing_note,test_failure,mech_a,2023-05-05
CHG-13368,P-2945,4,tolerance_tightening,test_failure,mech_a,2024-02-27
CHG-13369,P-2946,1,drawing_note,customer_request,hw_integration,2023-03-31
CHG-13370,P-2946,2,feature_add,design_review,hw_integration,2023-08-06
CHG-13371,P-2947,1,dimension_update,customer_request,elec_a,2024-02-16
CHG-13372,P-2947,2,dimension_update,supplier_issue,elec_a,2024-04-29
CHG-13373,P-2947,3,feature_remove,cost_reduction,elec_a,2024-01-06
CHG-13374,P-2947,4,tolerance_tightening,supplier_issue,elec_a,2024-07-17
CHG-13375,P-2947,5,material_change,test_failure,elec_a,2023-11-20
CHG-13376,P-2948,1,feature_add,test_failure,hw_integration,2023-02-15
CHG-13377,P-2948,2,feature_add,cost_reduction,hw_integration,2023-03-27
CHG-13378,P-2948,3,dimension_update,cost_reduction,hw_integration,2023-07-27
CHG-13379,P-2948,4,dimension_update,design_review,hw_integration,2022-12-13
CHG-13380,P-2948,5,drawing_note,test_failure,hw_integration,2022-12-09
CHG-13381,P-2949,1,feature_add,supplier_issue,mech_b,2026-07-21
CHG-13382,P-2949,2,material_change,cost_reduction,mech_b,2026-07-29
CHG-13383,P-2949,3,tolerance_tightening,cost_reduction,mech_b,2026-02-27
CHG-13384,P-2949,4,dimension_update,cost_reduction,mech_b,2026-02-25
CHG-13385,P-2949,5,feature_add,test_failure,mech_b,2026-05-29
CHG-13386,P-2949,6,dimension_update,customer_request,mech_b,2026-07-21
CHG-13387,P-2949,7,dimension_update,design_review,mech_b,2026-10-06
CHG-13388,P-2949,8,drawing_note,supplier_issue,mech_b,2026-04-19
CHG-13389,P-2950,1,drawing_note,test_failure,mech_b,2025-02-27
CHG-13390,P-2950,2,dimension_update,design_review,mech_b,2024-12-08
CHG-13391,P-2950,3,feature_remove,supplier_issue,mech_b,2025-01-28
CHG-13392,P-2950,4,drawing_note,supplier_issue,mech_b,2025-01-24
CHG-13393,P-2950,5,material_change,customer_request,mech_b,2024-09-10
CHG-13394,P-2950,6,drawing_note,test_failure,mech_b,2024-03-30
CHG-13395,P-2950,7,dimension_update,customer_request,mech_b,2024-12-29
CHG-13396,P-2951,1,feature_remove,test_failure,hw_integration,2025-09-04
CHG-13397,P-2951,2,dimension_update,supplier_issue,hw_integration,2025-10-03
CHG-13398,P-2951,3,feature_remove,design_review,hw_integration,2024-07-06
CHG-13399,P-2951,4,material_change,design_review,hw_integration,2024-12-01
CHG-13400,P-2951,5,tolerance_tightening,supplier_issue,hw_integration,2024-10-04
CHG-13401,P-2951,6,dimension_update,test_failure,hw_integration,2024-09-17
CHG-13402,P-2951,7,dimension_update,cost_reduction,hw_integration,2025-07-22
CHG-13403,P-2951,8,feature_remove,supplier_issue,hw_integration,2025-09-10
CHG-13404,P-2952,1,feature_remove,customer_request,mech_a,2023-04-25
CHG-13405,P-2952,2,feature_remove,test_failure,mech_a,2023-03-10
CHG-13406,P-2952,3,dimension_update,customer_request,mech_a,2023-02-15
CHG-13407,P-2953,1,tolerance_tightening,design_review,mech_b,2024-06-10
CHG-13408,P-2953,2,tolerance_tightening,customer_request,mech_b,2024-10-04
CHG-13409,P-2953,3,material_change,test_failure,mech_b,2025-03-30
CHG-13410,P-2953,4,dimension_update,design_review,mech_b,2025-04-28
CHG-13411,P-2953,5,drawing_note,test_failure,mech_b,2025-03-24
CHG-13412,P-2954,1,feature_add,cost_reduction,mech_b,2026-03-16
CHG-13413,P-2954,2,tolerance_tightening,design_review,mech_b,2026-05-29
CHG-13414,P-2954,3,feature_add,customer_request,mech_b,2025-09-01
CHG-13415,P-2955,1,dimension_update,test_failure,mech_b,2024-03-15
CHG-13416,P-2955,2,drawing_note,design_review,mech_b,2024-10-12
CHG-13417,P-2955,3,feature_remove,customer_request,mech_b,2024-11-12
CHG-13418,P-2955,4,feature_add,customer_request,mech_b,2025-01-30
CHG-13419,P-2955,5,feature_remove,cost_reduction,mech_b,2024-08-11
CHG-13420,P-2955,6,feature_add,design_review,mech_b,2024-03-23
CHG-13421,P-2956,1,feature_add,design_review,mech_b,2023-11-16
CHG-13422,P-2956,2,material_change,test_failure,mech_b,2023-02-23
CHG-13423,P-2956,3,drawing_note,cost_reduction,mech_b,2023-04-25
CHG-13424,P-2956,4,dimension_update,design_review,mech_b,2024-01-25
CHG-13425,P-2957,1,dimension_update,cost_reduction,elec_a,2025-04-30
CHG-13426,P-2957,2,dimension_update,design_review,elec_a,2024-08-21
CHG-13427,P-2957,3,tolerance_tightening,design_review,elec_a,2025-02-12
CHG-13428,P-2957,4,feature_add,design_review,elec_a,2024-10-22
CHG-13429,P-2957,5,feature_add,supplier_issue,elec_a,2025-05-20
CHG-13430,P-2957,6,dimension_update,test_failure,elec_a,2024-10-15
CHG-13431,P-2958,1,tolerance_tightening,design_review,mech_a,2026-01-13
CHG-13432,P-2959,1,drawing_note,cost_reduction,hw_integration,2024-09-06
CHG-13433,P-2959,2,feature_add,customer_request,hw_integration,2024-10-18
CHG-13434,P-2959,3,tolerance_tightening,test_failure,hw_integration,2024-08-26
CHG-13435,P-2959,4,dimension_update,cost_reduction,hw_integration,2024-08-27
CHG-13436,P-2960,1,feature_remove,customer_request,hw_integration,2025-08-28
CHG-13437,P-2960,2,tolerance_tightening,test_failure,hw_integration,2025-01-07
CHG-13438,P-2960,3,material_change,design_review,hw_integration,2024-08-21
CHG-13439,P-2960,4,material_change,supplier_issue,hw_integration,2024-08-24
CHG-13440,P-2961,1,dimension_update,customer_request,mech_a,2024-04-20
CHG-13441,P-2961,2,drawing_note,design_review,mech_a,2023-10-29
CHG-13442,P-2961,3,feature_add,test_failure,mech_a,2023-09-03
CHG-13443,P-2961,4,feature_add,cost_reduction,mech_a,2024-04-01
CHG-13444,P-2961,5,feature_add,supplier_issue,mech_a,2023-08-31
CHG-13445,P-2961,6,dimension_update,design_review,mech_a,2024-08-16
CHG-13446,P-2961,7,drawing_note,customer_request,mech_a,2024-09-25
CHG-13447,P-2961,8,feature_add,design_review,mech_a,2023-12-07
CHG-13448,P-2962,1,dimension_update,supplier_issue,hw_integration,2023-04-22
CHG-13449,P-2962,2,dimension_update,customer_request,hw_integration,2023-02-07
CHG-13450,P-2962,3,drawing_note,customer_request,hw_integration,2023-12-30
CHG-13451,P-2962,4,material_change,design_review,hw_integration,2024-01-04
CHG-13452,P-2962,5,material_change,cost_reduction,hw_integration,2022-12-31
CHG-13453,P-2963,1,tolerance_tightening,customer_request,mech_b,2025-06-23
CHG-13454,P-2963,2,dimension_update,test_failure,mech_b,2024-10-29
CHG-13455,P-2964,1,material_change,test_failure,mech_a,2023-12-23
CHG-13456,P-2964,2,dimension_update,cost_reduction,mech_a,2024-03-03
CHG-13457,P-2964,3,feature_remove,design_review,mech_a,2024-01-04
CHG-13458,P-2964,4,feature_add,cost_reduction,mech_a,2024-06-26
CHG-13459,P-2965,1,feature_add,supplier_issue,mech_b,2023-12-31
CHG-13460,P-2965,2,tolerance_tightening,design_review,mech_b,2023-10-14
CHG-13461,P-2965,3,feature_remove,test_failure,mech_b,2023-10-27
CHG-13462,P-2965,4,drawing_note,customer_request,mech_b,2023-04-20
CHG-13463,P-2965,5,material_change,design_review,mech_b,2023-07-06
CHG-13464,P-2965,6,feature_remove,cost_reduction,mech_b,2023-10-21
CHG-13465,P-2965,7,dimension_update,test_failure,mech_b,2022-11-15
CHG-13466,P-2966,1,material_change,test_failure,hw_integration,2023-10-15
CHG-13467,P-2966,2,feature_add,design_review,hw_integration,2023-11-26
CHG-13468,P-2966,3,feature_add,design_review,hw_integration,2024-06-30
CHG-13469,P-2966,4,feature_remove,cost_reduction,hw_integration,2024-03-20
CHG-13470,P-2966,5,feature_remove,test_failure,hw_integration,2024-10-28
CHG-13471,P-2966,6,feature_remove,test_failure,hw_integration,2024-07-11
CHG-13472,P-2967,1,drawing_note,design_review,hw_integration,2023-05-21
CHG-13473,P-2967,2,dimension_update,design_review,hw_integration,2023-02-20
CHG-13474,P-2967,3,dimension_update,supplier_issue,hw_integration,2022-02-24
CHG-13475,P-2967,4,drawing_note,supplier_issue,hw_integration,2022-11-05
CHG-13476,P-2967,5,material_change,cost_reduction,hw_integration,2022-10-06
CHG-13477,P-2967,6,tolerance_tightening,supplier_issue,hw_integration,2023-04-20
CHG-13478,P-2967,7,tolerance_tightening,test_failure,hw_integration,2022-09-30
CHG-13479,P-2968,1,tolerance_tightening,test_failure,elec_a,2025-02-04
CHG-13480,P-2968,2,feature_add,design_review,elec_a,2024-08-23
CHG-13481,P-2968,3,material_change,cost_reduction,elec_a,2024-06-13
CHG-13482,P-2968,4,tolerance_tightening,test_failure,elec_a,2024-08-29
CHG-13483,P-2968,5,feature_add,cost_reduction,elec_a,2024-09-17
CHG-13484,P-2969,1,dimension_update,design_review,hw_integration,2024-07-27
CHG-13485,P-2969,2,tolerance_tightening,test_failure,hw_integration,2024-11-09
CHG-13486,P-2969,3,dimension_update,supplier_issue,hw_integration,2024-03-29
CHG-13487,P-2969,4,feature_add,test_failure,hw_integration,2024-01-19
CHG-13488,P-2969,5,material_change,design_review,hw_integration,2025-02-28
CHG-13489,P-2970,1,tolerance_tightening,design_review,mech_b,2024-08-28
CHG-13490,P-2970,2,material_change,cost_reduction,mech_b,2023-06-12
CHG-13491,P-2970,3,material_change,cost_reduction,mech_b,2024-01-06
CHG-13492,P-2970,4,dimension_update,customer_request,mech_b,2024-01-31
CHG-13493,P-2971,1,tolerance_tightening,supplier_issue,hw_integration,2025-09-13
CHG-13494,P-2971,2,material_change,test_failure,hw_integration,2025-03-02
CHG-13495,P-2971,3,dimension_update,test_failure,hw_integration,2024-07-28
CHG-13496,P-2971,4,tolerance_tightening,design_review,hw_integration,2025-01-10
CHG-13497,P-2971,5,dimension_update,supplier_issue,hw_integration,2024-08-29
CHG-13498,P-2971,6,feature_remove,supplier_issue,hw_integration,2025-10-01
CHG-13499,P-2972,1,material_change,test_failure,elec_a,2024-09-11
CHG-13500,P-2972,2,drawing_note,design_review,elec_a,2024-12-24
CHG-13501,P-2972,3,feature_add,design_review,elec_a,2024-11-25
CHG-13502,P-2972,4,drawing_note,cost_reduction,elec_a,2024-10-10
CHG-13503,P-2972,5,feature_add,customer_request,elec_a,2024-06-22
CHG-13504,P-2972,6,drawing_note,design_review,elec_a,2024-02-21
CHG-13505,P-2973,1,feature_remove,cost_reduction,mech_a,2024-03-09
CHG-13506,P-2973,2,dimension_update,design_review,mech_a,2023-09-23
CHG-13507,P-2973,3,tolerance_tightening,test_failure,mech_a,2023-05-30
CHG-13508,P-2973,4,feature_add,cost_reduction,mech_a,2023-04-29
CHG-13509,P-2974,1,feature_remove,supplier_issue,mech_a,2024-07-08
CHG-13510,P-2974,2,dimension_update,test_failure,mech_a,2025-04-10
CHG-13511,P-2974,3,material_change,cost_reduction,mech_a,2025-07-30
CHG-13512,P-2974,4,drawing_note,cost_reduction,mech_a,2024-09-13
CHG-13513,P-2975,1,feature_add,customer_request,mech_b,2023-05-21
CHG-13514,P-2975,2,feature_add,customer_request,mech_b,2023-03-11
CHG-13515,P-2975,3,feature_remove,test_failure,mech_b,2023-06-04
CHG-13516,P-2975,4,feature_add,supplier_issue,mech_b,2023-09-18
CHG-13517,P-2975,5,feature_add,design_review,mech_b,2022-12-09
CHG-13518,P-2975,6,dimension_update,test_failure,mech_b,2022-08-31
CHG-13519,P-2976,1,feature_add,test_failure,mech_a,2024-07-10
CHG-13520,P-2976,2,feature_add,cost_reduction,mech_a,2023-12-19
CHG-13521,P-2976,3,feature_remove,customer_request,mech_a,2024-10-01
CHG-13522,P-2976,4,tolerance_tightening,cost_reduction,mech_a,2024-12-22
CHG-13523,P-2976,5,material_change,test_failure,mech_a,2024-09-04
CHG-13524,P-2976,6,feature_remove,design_review,mech_a,2024-08-20
CHG-13525,P-2977,1,drawing_note,supplier_issue,mech_b,2022-07-04
CHG-13526,P-2977,2,feature_add,supplier_issue,mech_b,2023-08-19
CHG-13527,P-2977,3,feature_remove,supplier_issue,mech_b,2022-10-25
CHG-13528,P-2978,1,drawing_note,customer_request,hw_integration,2024-09-07
CHG-13529,P-2978,2,feature_add,design_review,hw_integration,2025-02-21
CHG-13530,P-2978,3,dimension_update,test_failure,hw_integration,2024-09-08
CHG-13531,P-2979,1,drawing_note,customer_request,mech_a,2022-05-24
CHG-13532,P-2979,2,dimension_update,design_review,mech_a,2022-06-20
CHG-13533,P-2979,3,dimension_update,design_review,mech_a,2022-11-22
CHG-13534,P-2979,4,tolerance_tightening,supplier_issue,mech_a,2022-04-10
CHG-13535,P-2979,5,feature_remove,design_review,mech_a,2023-06-04
CHG-13536,P-2980,1,drawing_note,test_failure,elec_a,2025-11-01
CHG-13537,P-2980,2,feature_remove,design_review,elec_a,2025-06-04
CHG-13538,P-2980,3,dimension_update,design_review,elec_a,2025-12-21
CHG-13539,P-2981,1,feature_remove,customer_request,hw_integration,2023-02-07
CHG-13540,P-2981,2,material_change,cost_reduction,hw_integration,2023-04-11
CHG-13541,P-2981,3,feature_remove,supplier_issue,hw_integration,2022-09-25
CHG-13542,P-2981,4,material_change,design_review,hw_integration,2023-04-06
CHG-13543,P-2981,5,feature_remove,test_failure,hw_integration,2023-01-31
CHG-13544,P-2982,1,feature_add,customer_request,mech_b,2024-11-21
CHG-13545,P-2982,2,tolerance_tightening,customer_request,mech_b,2024-11-09
CHG-13546,P-2982,3,feature_remove,test_failure,mech_b,2025-01-04
CHG-13547,P-2983,1,material_change,design_review,elec_a,2024-08-02
CHG-13548,P-2983,2,tolerance_tightening,design_review,elec_a,2025-08-24
CHG-13549,P-2983,3,drawing_note,cost_reduction,elec_a,2024-10-03
CHG-13550,P-2984,1,drawing_note,supplier_issue,mech_b,2024-07-24
CHG-13551,P-2984,2,feature_remove,cost_reduction,mech_b,2024-03-29
CHG-13552,P-2984,3,tolerance_tightening,cost_reduction,mech_b,2024-07-22
CHG-13553,P-2984,4,feature_remove,test_failure,mech_b,2024-03-14
CHG-13554,P-2985,1,tolerance_tightening,supplier_issue,mech_b,2023-08-28
CHG-13555,P-2985,2,drawing_note,cost_reduction,mech_b,2023-01-25
CHG-13556,P-2985,3,feature_remove,design_review,mech_b,2024-01-30
CHG-13557,P-2986,1,feature_add,customer_request,hw_integration,2023-11-21
CHG-13558,P-2986,2,dimension_update,design_review,hw_integration,2023-07-27
CHG-13559,P-2986,3,tolerance_tightening,design_review,hw_integration,2024-01-29
CHG-13560,P-2987,1,feature_add,test_failure,elec_a,2025-11-05
CHG-13561,P-2987,2,drawing_note,design_review,elec_a,2026-03-23
CHG-13562,P-2987,3,feature_add,test_failure,elec_a,2024-12-26
CHG-13563,P-2987,4,tolerance_tightening,test_failure,elec_a,2026-03-26
CHG-13564,P-2988,1,material_change,cost_reduction,mech_b,2023-08-31
CHG-13565,P-2988,2,dimension_update,cost_reduction,mech_b,2023-09-09
CHG-13566,P-2988,3,feature_remove,design_review,mech_b,2023-01-11
CHG-13567,P-2988,4,dimension_update,test_failure,mech_b,2022-11-13
CHG-13568,P-2988,5,feature_add,design_review,mech_b,2022-08-06
CHG-13569,P-2989,1,dimension_update,test_failure,hw_integration,2024-12-29
CHG-13570,P-2989,2,material_change,design_review,hw_integration,2024-08-12
CHG-13571,P-2989,3,tolerance_tightening,design_review,hw_integration,2024-08-10
CHG-13572,P-2989,4,dimension_update,cost_reduction,hw_integration,2025-05-30
CHG-13573,P-2989,5,drawing_note,test_failure,hw_integration,2025-01-26
CHG-13574,P-2990,1,dimension_update,test_failure,hw_integration,2023-06-01
CHG-13575,P-2990,2,tolerance_tightening,test_failure,hw_integration,2023-02-21
CHG-13576,P-2990,3,material_change,test_failure,hw_integration,2023-08-26
CHG-13577,P-2990,4,drawing_note,test_failure,hw_integration,2024-03-17
CHG-13578,P-2990,5,feature_remove,cost_reduction,hw_integration,2023-03-23
CHG-13579,P-2990,6,drawing_note,design_review,hw_integration,2023-03-22
CHG-13580,P-2990,7,drawing_note,cost_reduction,hw_integration,2023-07-11
CHG-13581,P-2990,8,dimension_update,supplier_issue,hw_integration,2024-04-27
CHG-13582,P-2990,9,drawing_note,supplier_issue,hw_integration,2024-03-30
CHG-13583,P-2991,1,material_change,supplier_issue,hw_integration,2022-03-04
CHG-13584,P-2991,2,feature_remove,design_review,hw_integration,2023-03-14
CHG-13585,P-2991,3,tolerance_tightening,design_review,hw_integration,2022-06-02
CHG-13586,P-2991,4,tolerance_tightening,supplier_issue,hw_integration,2022-12-09
CHG-13587,P-2991,5,feature_remove,test_failure,hw_integration,2023-01-23
CHG-13588,P-2991,6,dimension_update,test_failure,hw_integration,2022-11-24
CHG-13589,P-2991,7,dimension_update,design_review,hw_integration,2022-08-01
CHG-13590,P-2992,1,drawing_note,test_failure,hw_integration,2024-04-02
CHG-13591,P-2992,2,material_change,customer_request,hw_integration,2023-08-25
CHG-13592,P-2992,3,drawing_note,cost_reduction,hw_integration,2024-08-06
CHG-13593,P-2992,4,dimension_update,design_review,hw_integration,2023-07-05
CHG-13594,P-2993,1,tolerance_tightening,design_review,mech_b,2023-07-18
CHG-13595,P-2993,2,tolerance_tightening,cost_reduction,mech_b,2022-05-24
CHG-13596,P-2993,3,drawing_note,supplier_issue,mech_b,2023-02-25
CHG-13597,P-2994,1,drawing_note,design_review,mech_b,2024-09-22
CHG-13598,P-2994,2,material_change,design_review,mech_b,2024-09-06
CHG-13599,P-2994,3,feature_remove,design_review,mech_b,2024-09-28
CHG-13600,P-2994,4,dimension_update,customer_request,mech_b,2024-09-24
CHG-13601,P-2995,1,feature_add,customer_request,mech_a,2025-05-11
CHG-13602,P-2995,2,feature_remove,test_failure,mech_a,2025-02-19
CHG-13603,P-2995,3,tolerance_tightening,cost_reduction,mech_a,2025-08-19
CHG-13604,P-2996,1,material_change,design_review,elec_a,2023-06-27
CHG-13605,P-2996,2,feature_add,test_failure,elec_a,2023-11-01
CHG-13606,P-2996,3,feature_remove,cost_reduction,elec_a,2023-01-02
CHG-13607,P-2996,4,tolerance_tightening,customer_request,elec_a,2022-11-20
CHG-13608,P-2997,1,feature_remove,cost_reduction,hw_integration,2025-05-08
CHG-13609,P-2997,2,dimension_update,supplier_issue,hw_integration,2025-05-28
CHG-13610,P-2997,3,dimension_update,test_failure,hw_integration,2025-10-26
CHG-13611,P-2997,4,feature_remove,design_review,hw_integration,2025-11-22
CHG-13612,P-2998,1,dimension_update,customer_request,elec_a,2025-03-16
CHG-13613,P-2998,2,tolerance_tightening,test_failure,elec_a,2025-02-17
CHG-13614,P-2998,3,feature_add,test_failure,elec_a,2025-08-25
CHG-13615,P-2998,4,material_change,test_failure,elec_a,2024-11-05
CHG-13616,P-2999,1,tolerance_tightening,design_review,elec_a,2025-08-08
CHG-13617,P-2999,2,feature_remove,cost_reduction,elec_a,2024-05-30
CHG-13618,P-2999,3,tolerance_tightening,design_review,elec_a,2024-09-10
CHG-13619,P-3000,1,drawing_note,design_review,hw_integration,2022-12-21
CHG-13620,P-3000,2,feature_add,test_failure,hw_integration,2022-09-23
CHG-13621,P-3000,3,dimension_update,design_review,hw_integration,2023-03-08
CHG-13622,P-3000,4,drawing_note,design_review,hw_integration,2023-03-20
CHG-13623,P-3000,5,dimension_update,supplier_issue,hw_integration,2023-01-18
CHG-13624,P-3000,6,dimension_update,cost_reduction,hw_integration,2022-09-04
